{"results": {"time_setup_models_and_sims.TimeBuildDFN.time_setup_DFN": {"result": [0.71294465650044], "stats": [{"ci_99": [0.7044669250008155, 0.7221899279993522], "q_25": 0.7113184512509179, "q_75": 0.7153846092510321, "min": 0.7044669250008155, "max": 0.7221899279993522, "mean": 0.7131138764003481, "std": 0.004533509447122089, "repeat": 10, "number": 1}]}, "time_setup_models_and_sims.TimeBuildDFNSimulation.time_setup_DFN_simulation": {"result": [0.08120027449967893, 0.1612927944997864], "stats": [{"ci_99": [0.0800813690002542, 0.08197287800066988], "q_25": 0.08078877250000005, "q_75": 0.0813922262500455, "min": 0.0800813690002542, "max": 0.08197287800066988, "mean": 0.08108740379993833, "std": 0.0005392885626051851, "repeat": 10, "number": 1}, {"ci_99": [0.15973143200062623, 0.169240687000638], "q_25": 0.16040578625006674, "q_75": 0.16232672175055995, "min": 0.15973143200062623, "max": 0.169240687000638, "mean": 0.16230161840030632, "std": 0.0028189484657827842, "repeat": 10, "number": 1}], "params": [["False", "True"]]}, "time_setup_models_and_sims.TimeBuildSPM.time_setup_SPM": {"result": [0.5290870425005778], "stats": [{"ci_99": [0.5172592300004908, 0.5360423260008247], "q_25": 0.5245583939986318, "q_75": 0.5312633024987008, "min": 0.5172592300004908, "max": 0.5360423260008247, "mean": 0.527910205599801, "std": 0.005242838836103013, "repeat": 10, "number": 1}]}, "time_setup_models_and_sims.TimeBuildSPMSimulation.time_setup_SPM_simulation": {"result": [0.20949022700006026, 0.4014474975001576], "stats": [{"ci_99": [0.2068651059998956, 0.21459265199882793], "q_25": 0.20896106925056301, "q_75": 0.21044640675017945, "min": 0.2068651059998956, "max": 0.21459265199882793, "mean": 0.20987419679986488, "std": 0.001905372490171678, "repeat": 10, "number": 1}, {"ci_99": [0.39659741400100756, 0.41039330400053586], "q_25": 0.4001742095006193, "q_75": 0.40340761375136935, "min": 0.39659741400100756, "max": 0.41039330400053586, "mean": 0.40246392310054946, "std": 0.0041722394184940245, "repeat": 10, "number": 1}], "params": [["False", "True"]]}, "time_setup_models_and_sims.TimeBuildSPMe.time_setup_SPMe": {"result": [0.6308038884999405], "stats": [{"ci_99": [0.6204248209996877, 0.6491923039993708], "q_25": 0.625483750499825, "q_75": 0.6356482249998407, "min": 0.6204248209996877, "max": 0.6491923039993708, "mean": 0.631264291700063, "std": 0.008272603165119605, "repeat": 10, "number": 1}]}, "time_setup_models_and_sims.TimeBuildSPMeSimulation.time_setup_SPMe_simulation": {"result": [0.1043259100006253, 0.20842212150000705], "stats": [{"ci_99": [0.10317200200006482, 0.10502771599931293], "q_25": 0.10375728174903998, "q_75": 0.1046995630008496, "min": 0.10317200200006482, "max": 0.10502771599931293, "mean": 0.10423112959997524, "std": 0.0005877522500949608, "repeat": 10, "number": 1}, {"ci_99": [0.20244028199886088, 0.220241390999945], "q_25": 0.20417396650100272, "q_75": 0.21335539949996019, "min": 0.20244028199886088, "max": 0.220241390999945, "mean": 0.20928994419991795, "std": 0.005800865196890445, "repeat": 10, "number": 1}], "params": [["False", "True"]]}, "time_solve_models.TimeSolveDFN.time_solve_model": {"result": [1.2550882815003206, 1.396754413999588], "stats": [{"ci_99": [1.1967740316137703, 1.3338445240005967], "q_25": 1.2433755612505593, "q_75": 1.2895314805000453, "min": 1.2006028390005667, "max": 1.3338445240005967, "mean": 1.264184632333733, "std": 0.042506319511338486, "repeat": 6, "number": 1}, {"ci_99": [1.28569704399888, 1.495769379000194], "q_25": 1.375561964249755, "q_75": 1.4217696677487766, "min": 1.28569704399888, "max": 1.495769379000194, "mean": 1.397751836374482, "std": 0.06206730527473631, "repeat": 8, "number": 1}], "params": [["True", "False"]]}, "time_solve_models.TimeSolveSPM.time_solve_model": {"result": [0.05726438500096265, 0.09383760150012677], "stats": [{"ci_99": [0.056086927999785985, 0.05980325100063055], "q_25": 0.057188360500731505, "q_75": 0.05762076299970431, "min": 0.056086927999785985, "max": 0.05980325100063055, "mean": 0.057513877000565115, "std": 0.00102499871379679, "repeat": 10, "number": 1}, {"ci_99": [0.09049903000050108, 0.09842247800042969], "q_25": 0.09257709150006121, "q_75": 0.09591716324939625, "min": 0.09049903000050108, "max": 0.09842247800042969, "mean": 0.09417807230001926, "std": 0.0025826885088295884, "repeat": 10, "number": 1}], "params": [["True", "False"]]}, "time_solve_models.TimeSolveSPMe.time_solve_model": {"result": [0.09281189350076602, 0.15059528199981287], "stats": [{"ci_99": [0.09153563600011694, 0.09445695499925932], "q_25": 0.09222611675113512, "q_75": 0.09370742550117939, "min": 0.09153563600011694, "max": 0.09445695499925932, "mean": 0.09289395480045641, "std": 0.0009207605296133091, "repeat": 10, "number": 1}, {"ci_99": [0.1490328750005574, 0.1650167700008751], "q_25": 0.14998482850069195, "q_75": 0.15421187749916498, "min": 0.1490328750005574, "max": 0.1650167700008751, "mean": 0.15347181010001804, "std": 0.005760243045205539, "repeat": 10, "number": 1}], "params": [["True", "False"]]}}, "params": {"machine": "GitHubRunner", "python": "3.8"}, "requirements": {}, "commit_hash": "0077553db0683b8ebf55b0555eb81d1670aa8b59", "date": 1593557667000, "env_name": "virtualenv-py3.8", "python": "3.8", "profiles": {}, "started_at": {"time_setup_models_and_sims.TimeBuildDFN.time_setup_DFN": 1613582182917, "time_setup_models_and_sims.TimeBuildDFNSimulation.time_setup_DFN_simulation": 1613582187487, "time_setup_models_and_sims.TimeBuildSPM.time_setup_SPM": 1613582189251, "time_setup_models_and_sims.TimeBuildSPMSimulation.time_setup_SPM_simulation": 1613582192716, "time_setup_models_and_sims.TimeBuildSPMe.time_setup_SPMe": 1613582196838, "time_setup_models_and_sims.TimeBuildSPMeSimulation.time_setup_SPMe_simulation": 1613582200962, "time_solve_models.TimeSolveDFN.time_solve_model": 1613582203130, "time_solve_models.TimeSolveSPM.time_solve_model": 1613582228918, "time_solve_models.TimeSolveSPMe.time_solve_model": 1613582238805}, "ended_at": {"time_setup_models_and_sims.TimeBuildDFN.time_setup_DFN": 1613582187486, "time_setup_models_and_sims.TimeBuildDFNSimulation.time_setup_DFN_simulation": 1613582189250, "time_setup_models_and_sims.TimeBuildSPM.time_setup_SPM": 1613582192716, "time_setup_models_and_sims.TimeBuildSPMSimulation.time_setup_SPM_simulation": 1613582196837, "time_setup_models_and_sims.TimeBuildSPMe.time_setup_SPMe": 1613582200961, "time_setup_models_and_sims.TimeBuildSPMeSimulation.time_setup_SPMe_simulation": 1613582203129, "time_solve_models.TimeSolveDFN.time_solve_model": 1613582228917, "time_solve_models.TimeSolveSPM.time_solve_model": 1613582238804, "time_solve_models.TimeSolveSPMe.time_solve_model": 1613582250851}, "benchmark_version": {"time_setup_models_and_sims.TimeBuildDFN.time_setup_DFN": "5f322e51e6b7e66125ee6949bdf25746005db467e8ffcfdcb3ace170e92bbc3d", "time_setup_models_and_sims.TimeBuildDFNSimulation.time_setup_DFN_simulation": "8de44bc542fa7d4ba28a80f24414a9444b5436673aaebba674918f5f0bfd0ebb", "time_setup_models_and_sims.TimeBuildSPM.time_setup_SPM": "0d0b3f5c67fc2da9a5794c66b70af5a45a09558d1ee95f738745385adb84fbca", "time_setup_models_and_sims.TimeBuildSPMSimulation.time_setup_SPM_simulation": "161220a99418ce4487cc29325cbae897f28d0e44ae07e1dfbfaac2cbc53a4ff9", "time_setup_models_and_sims.TimeBuildSPMe.time_setup_SPMe": "6083f5ff944353395eb4b21c97b02af555fe6528de3cd5283f5e139943945235", "time_setup_models_and_sims.TimeBuildSPMeSimulation.time_setup_SPMe_simulation": "530563cb559427795e3648d9648df9250ae100b7721f69eec356bdda7798c55e", "time_solve_models.TimeSolveDFN.time_solve_model": "914137228e20e5900cec36b0d3865f1faa2f5d479c7d6c2539514791f9ec4430", "time_solve_models.TimeSolveSPM.time_solve_model": "ef1bb5f8d1ddfa59650e20438c4b252d73e5a062714848ce1d6d5269382bc598", "time_solve_models.TimeSolveSPMe.time_solve_model": "20672028872f4620ce85e909bae705d9490de441e926510b2b0e53ff0881d87b"}, "version": 1}