{"results": {"time_setup_models_and_sims.TimeBuildDFN.time_setup_DFN": {"result": [0.6901917879995381], "stats": [{"ci_99": [0.6809778819988423, 0.7028250160001335], "q_25": 0.6890042069999254, "q_75": 0.6927358532507242, "min": 0.6809778819988423, "max": 0.7028250160001335, "mean": 0.6908714424000209, "std": 0.005641936591718471, "repeat": 10, "number": 1}]}, "time_setup_models_and_sims.TimeBuildDFNSimulation.time_setup_DFN_simulation": {"result": [0.0797682780003015, 0.1596206575004544], "stats": [{"ci_99": [0.0771615630001179, 0.08063118400059466], "q_25": 0.07957207700019353, "q_75": 0.08029890699936004, "min": 0.0771615630001179, "max": 0.08063118400059466, "mean": 0.07968366780023643, "std": 0.000924001038523528, "repeat": 10, "number": 1}, {"ci_99": [0.1573677439992025, 0.16385968300164677], "q_25": 0.15813447250093304, "q_75": 0.16265775100009705, "min": 0.1573677439992025, "max": 0.16385968300164677, "mean": 0.1602884913003436, "std": 0.0023239035902173485, "repeat": 10, "number": 1}], "params": [["False", "True"]]}, "time_setup_models_and_sims.TimeBuildSPM.time_setup_SPM": {"result": [0.5237273914999605], "stats": [{"ci_99": [0.5051805290004268, 0.5298109790001035], "q_25": 0.5206396727494393, "q_75": 0.5274318117503753, "min": 0.5051805290004268, "max": 0.5298109790001035, "mean": 0.5217691890000424, "std": 0.007531173299223157, "repeat": 10, "number": 1}]}, "time_setup_models_and_sims.TimeBuildSPMSimulation.time_setup_SPM_simulation": {"result": [0.2101851594998152, 0.40208141150014853], "stats": [{"ci_99": [0.20877285099959408, 0.21776200699969195], "q_25": 0.2099078842493327, "q_75": 0.21117851650024022, "min": 0.20877285099959408, "max": 0.21776200699969195, "mean": 0.21104695559970424, "std": 0.0023974276490375456, "repeat": 10, "number": 1}, {"ci_99": [0.39636157600034494, 0.40961625700037985], "q_25": 0.39884591600048225, "q_75": 0.4074999950007623, "min": 0.39636157600034494, "max": 0.40961625700037985, "mean": 0.4028118557002017, "std": 0.004854073214304667, "repeat": 10, "number": 1}], "params": [["False", "True"]]}, "time_setup_models_and_sims.TimeBuildSPMe.time_setup_SPMe": {"result": [0.6279824174989699], "stats": [{"ci_99": [0.6217665280000801, 0.6419099510003434], "q_25": 0.6253447512494859, "q_75": 0.6307202815000892, "min": 0.6217665280000801, "max": 0.6419099510003434, "mean": 0.6288811915996121, "std": 0.0053794382992469235, "repeat": 10, "number": 1}]}, "time_setup_models_and_sims.TimeBuildSPMeSimulation.time_setup_SPMe_simulation": {"result": [0.10453537649937061, 0.20026625050104485], "stats": [{"ci_99": [0.10161380899990036, 0.11343728100109729], "q_25": 0.10304916724862778, "q_75": 0.1059920105008132, "min": 0.10161380899990036, "max": 0.11343728100109729, "mean": 0.1054452020998724, "std": 0.0034382325902672034, "repeat": 10, "number": 1}, {"ci_99": [0.1948869679999916, 0.2084498509993864], "q_25": 0.19863591574994643, "q_75": 0.20579713500001162, "min": 0.1948869679999916, "max": 0.2084498509993864, "mean": 0.2013209574002758, "std": 0.004758391973674308, "repeat": 10, "number": 1}], "params": [["False", "True"]]}, "time_solve_models.TimeSolveDFN.time_solve_model": {"result": [1.1594198520006103, 1.3196468164987891], "stats": [{"ci_99": [0.9524211150001065, 1.2503967650251184], "q_25": 1.0353652617495754, "q_75": 1.174340391250098, "min": 0.9524211150001065, "max": 1.1826732970002922, "mean": 1.1045436253334628, "std": 0.09292437599013603, "repeat": 6, "number": 1}, {"ci_99": [1.2881707300002745, 1.3379164289999608], "q_25": 1.300027472499096, "q_75": 1.3251554970001962, "min": 1.2881707300002745, "max": 1.3379164289999608, "mean": 1.3147237868997763, "std": 0.015997956871017422, "repeat": 10, "number": 1}], "params": [["True", "False"]]}, "time_solve_models.TimeSolveSPM.time_solve_model": {"result": [0.05493897949963866, 0.09056979249999131], "stats": [{"ci_99": [0.053619622000042, 0.06184707100146625], "q_25": 0.05420932524884847, "q_75": 0.055182630750095996, "min": 0.053619622000042, "max": 0.06184707100146625, "mean": 0.05556852349982364, "std": 0.0023159769865668638, "repeat": 10, "number": 1}, {"ci_99": [0.08915303499998117, 0.09750758500013035], "q_25": 0.08972626324930388, "q_75": 0.0916911497502042, "min": 0.08915303499998117, "max": 0.09750758500013035, "mean": 0.0916682196999318, "std": 0.0027938796989583643, "repeat": 10, "number": 1}], "params": [["True", "False"]]}, "time_solve_models.TimeSolveSPMe.time_solve_model": {"result": [0.08871473249928385, 0.14519542149992049], "stats": [{"ci_99": [0.08751122399917222, 0.09080884500144748], "q_25": 0.08791620249985499, "q_75": 0.08956691275034245, "min": 0.08751122399917222, "max": 0.09080884500144748, "mean": 0.08883212299970182, "std": 0.0010588659350495243, "repeat": 10, "number": 1}, {"ci_99": [0.14178714999980002, 0.1542294259998016], "q_25": 0.14345213499882448, "q_75": 0.1461203009998826, "min": 0.14178714999980002, "max": 0.1542294259998016, "mean": 0.14576158430008945, "std": 0.003413842188625538, "repeat": 10, "number": 1}], "params": [["True", "False"]]}}, "params": {"machine": "GitHubRunner", "python": "3.8"}, "requirements": {}, "commit_hash": "00cbe19490b7fc2ee88c9a58d7e1b06c3f8325d8", "date": 1592321086000, "env_name": "virtualenv-py3.8", "python": "3.8", "profiles": {}, "started_at": {"time_setup_models_and_sims.TimeBuildDFN.time_setup_DFN": 1613583019606, "time_setup_models_and_sims.TimeBuildDFNSimulation.time_setup_DFN_simulation": 1613583024026, "time_setup_models_and_sims.TimeBuildSPM.time_setup_SPM": 1613583025791, "time_setup_models_and_sims.TimeBuildSPMSimulation.time_setup_SPM_simulation": 1613583029205, "time_setup_models_and_sims.TimeBuildSPMe.time_setup_SPMe": 1613583033328, "time_setup_models_and_sims.TimeBuildSPMeSimulation.time_setup_SPMe_simulation": 1613583037395, "time_solve_models.TimeSolveDFN.time_solve_model": 1613583039510, "time_solve_models.TimeSolveSPM.time_solve_model": 1613583064948, "time_solve_models.TimeSolveSPMe.time_solve_model": 1613583074586}, "ended_at": {"time_setup_models_and_sims.TimeBuildDFN.time_setup_DFN": 1613583024025, "time_setup_models_and_sims.TimeBuildDFNSimulation.time_setup_DFN_simulation": 1613583025790, "time_setup_models_and_sims.TimeBuildSPM.time_setup_SPM": 1613583029205, "time_setup_models_and_sims.TimeBuildSPMSimulation.time_setup_SPM_simulation": 1613583033328, "time_setup_models_and_sims.TimeBuildSPMe.time_setup_SPMe": 1613583037395, "time_setup_models_and_sims.TimeBuildSPMeSimulation.time_setup_SPMe_simulation": 1613583039509, "time_solve_models.TimeSolveDFN.time_solve_model": 1613583064948, "time_solve_models.TimeSolveSPM.time_solve_model": 1613583074585, "time_solve_models.TimeSolveSPMe.time_solve_model": 1613583086429}, "benchmark_version": {"time_setup_models_and_sims.TimeBuildDFN.time_setup_DFN": "5f322e51e6b7e66125ee6949bdf25746005db467e8ffcfdcb3ace170e92bbc3d", "time_setup_models_and_sims.TimeBuildDFNSimulation.time_setup_DFN_simulation": "8de44bc542fa7d4ba28a80f24414a9444b5436673aaebba674918f5f0bfd0ebb", "time_setup_models_and_sims.TimeBuildSPM.time_setup_SPM": "0d0b3f5c67fc2da9a5794c66b70af5a45a09558d1ee95f738745385adb84fbca", "time_setup_models_and_sims.TimeBuildSPMSimulation.time_setup_SPM_simulation": "161220a99418ce4487cc29325cbae897f28d0e44ae07e1dfbfaac2cbc53a4ff9", "time_setup_models_and_sims.TimeBuildSPMe.time_setup_SPMe": "6083f5ff944353395eb4b21c97b02af555fe6528de3cd5283f5e139943945235", "time_setup_models_and_sims.TimeBuildSPMeSimulation.time_setup_SPMe_simulation": "530563cb559427795e3648d9648df9250ae100b7721f69eec356bdda7798c55e", "time_solve_models.TimeSolveDFN.time_solve_model": "914137228e20e5900cec36b0d3865f1faa2f5d479c7d6c2539514791f9ec4430", "time_solve_models.TimeSolveSPM.time_solve_model": "ef1bb5f8d1ddfa59650e20438c4b252d73e5a062714848ce1d6d5269382bc598", "time_solve_models.TimeSolveSPMe.time_solve_model": "20672028872f4620ce85e909bae705d9490de441e926510b2b0e53ff0881d87b"}, "version": 1}