{"results": {"time_setup_models_and_sims.TimeBuildDFN.time_setup_DFN": {"result": [0.7153712959998302], "stats": [{"ci_99": [0.70560033899892, 0.7219311329990887], "q_25": 0.7103057919994171, "q_75": 0.7197832460010432, "min": 0.70560033899892, "max": 0.7219311329990887, "mean": 0.7149346531999982, "std": 0.005290984317736136, "repeat": 10, "number": 1}]}, "time_setup_models_and_sims.TimeBuildDFNSimulation.time_setup_DFN_simulation": {"result": [0.07980192899867689, 0.1581677004996891], "stats": [{"ci_99": [0.07892557400009537, 0.08115028700012772], "q_25": 0.07962840324989884, "q_75": 0.08030818275074125, "min": 0.07892557400009537, "max": 0.08115028700012772, "mean": 0.07996028019970254, "std": 0.0005777661898709618, "repeat": 10, "number": 1}, {"ci_99": [0.15679514199837286, 0.16396698500102502], "q_25": 0.15778234800063728, "q_75": 0.1592709562505661, "min": 0.15679514199837286, "max": 0.16396698500102502, "mean": 0.1590785455000514, "std": 0.0021458281981084626, "repeat": 10, "number": 1}], "params": [["False", "True"]]}, "time_setup_models_and_sims.TimeBuildSPM.time_setup_SPM": {"result": [0.5246633020005902], "stats": [{"ci_99": [0.5186507150010584, 0.5431168600007368], "q_25": 0.5217868595000255, "q_75": 0.5256505557495075, "min": 0.5186507150010584, "max": 0.5431168600007368, "mean": 0.5256975770003919, "std": 0.006751556319049576, "repeat": 10, "number": 1}]}, "time_setup_models_and_sims.TimeBuildSPMSimulation.time_setup_SPM_simulation": {"result": [0.21040296349929122, 0.40107405849903444], "stats": [{"ci_99": [0.20878255400020862, 0.22318063999955484], "q_25": 0.20937248324935354, "q_75": 0.213897534750231, "min": 0.20878255400020862, "max": 0.22318063999955484, "mean": 0.2123324052996395, "std": 0.00425029984374683, "repeat": 10, "number": 1}, {"ci_99": [0.39524897299997974, 0.409222256999783], "q_25": 0.39905199675104086, "q_75": 0.4034762474998388, "min": 0.39524897299997974, "max": 0.409222256999783, "mean": 0.4013562201998866, "std": 0.0039060816824405343, "repeat": 10, "number": 1}], "params": [["False", "True"]]}, "time_setup_models_and_sims.TimeBuildSPMe.time_setup_SPMe": {"result": [0.6418447050000395], "stats": [{"ci_99": [0.6285444759996608, 0.6567097429997375], "q_25": 0.6335875810004836, "q_75": 0.6432050630000958, "min": 0.6285444759996608, "max": 0.6567097429997375, "mean": 0.639942153300035, "std": 0.007919058007431997, "repeat": 10, "number": 1}]}, "time_setup_models_and_sims.TimeBuildSPMeSimulation.time_setup_SPMe_simulation": {"result": [0.10290006800005358, 0.2023232645005919], "stats": [{"ci_99": [0.10049680299925967, 0.10438942700056941], "q_25": 0.10193273774848421, "q_75": 0.10366142199973183, "min": 0.10049680299925967, "max": 0.10438942700056941, "mean": 0.10280694749999383, "std": 0.0011970444829027533, "repeat": 10, "number": 1}, {"ci_99": [0.1990698949994112, 0.21102316699943913], "q_25": 0.19999052650018712, "q_75": 0.20327564525041453, "min": 0.1990698949994112, "max": 0.21102316699943913, "mean": 0.20270577740011503, "std": 0.003485263221085722, "repeat": 10, "number": 1}], "params": [["False", "True"]]}, "time_solve_models.TimeSolveDFN.time_solve_model": {"result": [1.1610657735000132, 1.3080133579996982], "stats": [{"ci_99": [1.1456445084447624, 1.1906152490009845], "q_25": 1.1546365119993425, "q_75": 1.1678327622489633, "min": 1.153101529000196, "max": 1.1906152490009845, "mean": 1.164738362499823, "std": 0.0128866443453282, "repeat": 6, "number": 1}, {"ci_99": [1.2934350719988288, 1.3431573710004159], "q_25": 1.3057928172502216, "q_75": 1.3235245519999808, "min": 1.2934350719988288, "max": 1.3431573710004159, "mean": 1.3135710311000366, "std": 0.01431642473193987, "repeat": 10, "number": 1}], "params": [["True", "False"]]}, "time_solve_models.TimeSolveSPM.time_solve_model": {"result": [0.0555955335003091, 0.0926630075000503], "stats": [{"ci_99": [0.054441426998891984, 0.07236203399952501], "q_25": 0.05493555474913592, "q_75": 0.05599793649935236, "min": 0.054441426998891984, "max": 0.07236203399952501, "mean": 0.05706776259958133, "std": 0.005132567722971324, "repeat": 10, "number": 1}, {"ci_99": [0.09000383999955375, 0.10174771099991631], "q_25": 0.09179242675008936, "q_75": 0.09462696824994055, "min": 0.09000383999955375, "max": 0.10174771099991631, "mean": 0.09422403609987669, "std": 0.003947618948575598, "repeat": 10, "number": 1}], "params": [["True", "False"]]}, "time_solve_models.TimeSolveSPMe.time_solve_model": {"result": [0.0896105384999828, 0.14878324400069687], "stats": [{"ci_99": [0.08836303099997167, 0.1031146200002695], "q_25": 0.08950788725087477, "q_75": 0.09062706949953281, "min": 0.08836303099997167, "max": 0.1031146200002695, "mean": 0.0911432977001823, "std": 0.004066931080992792, "repeat": 10, "number": 1}, {"ci_99": [0.14532417299960798, 0.16363918299975921], "q_25": 0.1469731837510153, "q_75": 0.15167148550017373, "min": 0.14532417299960798, "max": 0.16363918299975921, "mean": 0.15097393710020696, "std": 0.0059095471401547405, "repeat": 10, "number": 1}], "params": [["True", "False"]]}}, "params": {"machine": "GitHubRunner", "python": "3.8"}, "requirements": {}, "commit_hash": "06237e942f2fe02b7d024f0ab980c2b28209c1fe", "date": 1591972381000, "env_name": "virtualenv-py3.8", "python": "3.8", "profiles": {}, "started_at": {"time_setup_models_and_sims.TimeBuildDFN.time_setup_DFN": 1613583160477, "time_setup_models_and_sims.TimeBuildDFNSimulation.time_setup_DFN_simulation": 1613583165045, "time_setup_models_and_sims.TimeBuildSPM.time_setup_SPM": 1613583166759, "time_setup_models_and_sims.TimeBuildSPMSimulation.time_setup_SPM_simulation": 1613583170175, "time_setup_models_and_sims.TimeBuildSPMe.time_setup_SPMe": 1613583174297, "time_setup_models_and_sims.TimeBuildSPMeSimulation.time_setup_SPMe_simulation": 1613583178466, "time_solve_models.TimeSolveDFN.time_solve_model": 1613583180533, "time_solve_models.TimeSolveSPM.time_solve_model": 1613583207125, "time_solve_models.TimeSolveSPMe.time_solve_model": 1613583216765}, "ended_at": {"time_setup_models_and_sims.TimeBuildDFN.time_setup_DFN": 1613583165044, "time_setup_models_and_sims.TimeBuildDFNSimulation.time_setup_DFN_simulation": 1613583166758, "time_setup_models_and_sims.TimeBuildSPM.time_setup_SPM": 1613583170174, "time_setup_models_and_sims.TimeBuildSPMSimulation.time_setup_SPM_simulation": 1613583174296, "time_setup_models_and_sims.TimeBuildSPMe.time_setup_SPMe": 1613583178466, "time_setup_models_and_sims.TimeBuildSPMeSimulation.time_setup_SPMe_simulation": 1613583180532, "time_solve_models.TimeSolveDFN.time_solve_model": 1613583207125, "time_solve_models.TimeSolveSPM.time_solve_model": 1613583216764, "time_solve_models.TimeSolveSPMe.time_solve_model": 1613583228913}, "benchmark_version": {"time_setup_models_and_sims.TimeBuildDFN.time_setup_DFN": "5f322e51e6b7e66125ee6949bdf25746005db467e8ffcfdcb3ace170e92bbc3d", "time_setup_models_and_sims.TimeBuildDFNSimulation.time_setup_DFN_simulation": "8de44bc542fa7d4ba28a80f24414a9444b5436673aaebba674918f5f0bfd0ebb", "time_setup_models_and_sims.TimeBuildSPM.time_setup_SPM": "0d0b3f5c67fc2da9a5794c66b70af5a45a09558d1ee95f738745385adb84fbca", "time_setup_models_and_sims.TimeBuildSPMSimulation.time_setup_SPM_simulation": "161220a99418ce4487cc29325cbae897f28d0e44ae07e1dfbfaac2cbc53a4ff9", "time_setup_models_and_sims.TimeBuildSPMe.time_setup_SPMe": "6083f5ff944353395eb4b21c97b02af555fe6528de3cd5283f5e139943945235", "time_setup_models_and_sims.TimeBuildSPMeSimulation.time_setup_SPMe_simulation": "530563cb559427795e3648d9648df9250ae100b7721f69eec356bdda7798c55e", "time_solve_models.TimeSolveDFN.time_solve_model": "914137228e20e5900cec36b0d3865f1faa2f5d479c7d6c2539514791f9ec4430", "time_solve_models.TimeSolveSPM.time_solve_model": "ef1bb5f8d1ddfa59650e20438c4b252d73e5a062714848ce1d6d5269382bc598", "time_solve_models.TimeSolveSPMe.time_solve_model": "20672028872f4620ce85e909bae705d9490de441e926510b2b0e53ff0881d87b"}, "version": 1}