{"results": {"time_setup_models_and_sims.TimeBuildDFN.time_setup_DFN": {"result": [0.7077774545000466], "stats": [{"ci_99": [0.6983301959999153, 0.7141658999998981], "q_25": 0.7025093729998844, "q_75": 0.7120968119997997, "min": 0.6983301959999153, "max": 0.7141658999998981, "mean": 0.7071680835999359, "std": 0.005501318375157852, "repeat": 10, "number": 1}]}, "time_setup_models_and_sims.TimeBuildDFNSimulation.time_setup_DFN_simulation": {"result": [0.07835478300012255, 0.15671076450007604], "stats": [{"ci_99": [0.077440277000278, 0.0798927920004644], "q_25": 0.07796083024982181, "q_75": 0.07891393550016801, "min": 0.077440277000278, "max": 0.0798927920004644, "mean": 0.07846926330012138, "std": 0.0007085304267798383, "repeat": 10, "number": 1}, {"ci_99": [0.15523145600036514, 0.16197139599989896], "q_25": 0.15639923775029274, "q_75": 0.1573190429994611, "min": 0.15523145600036514, "max": 0.16197139599989896, "mean": 0.15731195819998903, "std": 0.0019344798434721474, "repeat": 10, "number": 1}], "params": [["False", "True"]]}, "time_setup_models_and_sims.TimeBuildSPM.time_setup_SPM": {"result": [0.515386372499961], "stats": [{"ci_99": [0.5101080419999562, 0.5416033359997527], "q_25": 0.5138358110004901, "q_75": 0.5186361454998405, "min": 0.5101080419999562, "max": 0.5416033359997527, "mean": 0.5181261195999468, "std": 0.00831285201918796, "repeat": 10, "number": 1}]}, "time_setup_models_and_sims.TimeBuildSPMSimulation.time_setup_SPM_simulation": {"result": [0.2066725234999467, 0.3960663875004684], "stats": [{"ci_99": [0.2048391600001196, 0.20951359099944966], "q_25": 0.20547316324996245, "q_75": 0.20709414925045166, "min": 0.2048391600001196, "max": 0.20951359099944966, "mean": 0.20656763149991092, "std": 0.0013439629233969273, "repeat": 10, "number": 1}, {"ci_99": [0.39123070599998755, 0.40462009299972124], "q_25": 0.3937135217497598, "q_75": 0.39761174824980117, "min": 0.39123070599998755, "max": 0.40462009299972124, "mean": 0.396250259000044, "std": 0.003640992418197262, "repeat": 10, "number": 1}], "params": [["False", "True"]]}, "time_setup_models_and_sims.TimeBuildSPMe.time_setup_SPMe": {"result": [0.6244740404999902], "stats": [{"ci_99": [0.6152143890003572, 0.6285142709994034], "q_25": 0.6208138474999032, "q_75": 0.6273648340004456, "min": 0.6152143890003572, "max": 0.6285142709994034, "mean": 0.6235226777000207, "std": 0.00448696835313666, "repeat": 10, "number": 1}]}, "time_setup_models_and_sims.TimeBuildSPMeSimulation.time_setup_SPMe_simulation": {"result": [0.1004383679996863, 0.20005788100024802], "stats": [{"ci_99": [0.097134697999536, 0.10113602300043567], "q_25": 0.09979226425025445, "q_75": 0.10095564625021325, "min": 0.097134697999536, "max": 0.10113602300043567, "mean": 0.10000229560000662, "std": 0.0012762920628716138, "repeat": 10, "number": 1}, {"ci_99": [0.1948738979999689, 0.20643757099969662], "q_25": 0.19833099474999472, "q_75": 0.20094176175030043, "min": 0.1948738979999689, "max": 0.20643757099969662, "mean": 0.19969941870012917, "std": 0.0030651941802840757, "repeat": 10, "number": 1}], "params": [["False", "True"]]}, "time_solve_models.TimeSolveDFN.time_solve_model": {"result": [1.1900953720005418, 1.4034688775000177], "stats": [{"ci_99": [1.1830683731093021, 1.1986439820002488], "q_25": 1.186889733000271, "q_75": 1.1938354647497817, "min": 1.1851417879997825, "max": 1.1986439820002488, "mean": 1.1908133105001373, "std": 0.0047336347449839595, "repeat": 6, "number": 1}, {"ci_99": [1.3644028999997317, 1.423772853000628], "q_25": 1.3921862952502124, "q_75": 1.417316764999896, "min": 1.3644028999997317, "max": 1.423772853000628, "mean": 1.4001984133751648, "std": 0.020290653824278422, "repeat": 8, "number": 1}], "params": [["True", "False"]]}, "time_solve_models.TimeSolveSPM.time_solve_model": {"result": [0.052742073999979766, 0.09044300599998678], "stats": [{"ci_99": [0.05168601799960015, 0.0648847990005379], "q_25": 0.051970269750199805, "q_75": 0.05356865475005179, "min": 0.05168601799960015, "max": 0.0648847990005379, "mean": 0.053876971300087464, "std": 0.003746591836882949, "repeat": 10, "number": 1}, {"ci_99": [0.08809074199962197, 0.10613995299991075], "q_25": 0.08993132849991525, "q_75": 0.09149633774995891, "min": 0.08809074199962197, "max": 0.10613995299991075, "mean": 0.09197010570005659, "std": 0.00487539796288288, "repeat": 10, "number": 1}], "params": [["True", "False"]]}, "time_solve_models.TimeSolveSPMe.time_solve_model": {"result": [0.08853389449950555, 0.1463704500001768], "stats": [{"ci_99": [0.08666093300053035, 0.08963375100029225], "q_25": 0.08744991249955092, "q_75": 0.08881047100021533, "min": 0.08666093300053035, "max": 0.08963375100029225, "mean": 0.08823687269996298, "std": 0.0008811892891328333, "repeat": 10, "number": 1}, {"ci_99": [0.12246585200045956, 0.14865671500047029], "q_25": 0.13758147025009748, "q_75": 0.14799298525008453, "min": 0.12246585200045956, "max": 0.14865671500047029, "mean": 0.14135316910023904, "std": 0.009031368997364122, "repeat": 10, "number": 1}], "params": [["True", "False"]]}}, "params": {"machine": "GitHubRunner", "python": "3.8"}, "requirements": {}, "commit_hash": "07d250d0cebf58dd189a1ba860d6fe82f4372f1f", "date": 1596113559000, "env_name": "virtualenv-py3.8", "python": "3.8", "profiles": {}, "started_at": {"time_setup_models_and_sims.TimeBuildDFN.time_setup_DFN": 1613581496565, "time_setup_models_and_sims.TimeBuildDFNSimulation.time_setup_DFN_simulation": 1613581501033, "time_setup_models_and_sims.TimeBuildSPM.time_setup_SPM": 1613581502746, "time_setup_models_and_sims.TimeBuildSPMSimulation.time_setup_SPM_simulation": 1613581506112, "time_setup_models_and_sims.TimeBuildSPMe.time_setup_SPMe": 1613581509983, "time_setup_models_and_sims.TimeBuildSPMeSimulation.time_setup_SPMe_simulation": 1613581513999, "time_solve_models.TimeSolveDFN.time_solve_model": 1613581516013, "time_solve_models.TimeSolveSPM.time_solve_model": 1613581541202, "time_solve_models.TimeSolveSPMe.time_solve_model": 1613581550891}, "ended_at": {"time_setup_models_and_sims.TimeBuildDFN.time_setup_DFN": 1613581501032, "time_setup_models_and_sims.TimeBuildDFNSimulation.time_setup_DFN_simulation": 1613581502745, "time_setup_models_and_sims.TimeBuildSPM.time_setup_SPM": 1613581506112, "time_setup_models_and_sims.TimeBuildSPMSimulation.time_setup_SPM_simulation": 1613581509982, "time_setup_models_and_sims.TimeBuildSPMe.time_setup_SPMe": 1613581513998, "time_setup_models_and_sims.TimeBuildSPMeSimulation.time_setup_SPMe_simulation": 1613581516012, "time_solve_models.TimeSolveDFN.time_solve_model": 1613581541202, "time_solve_models.TimeSolveSPM.time_solve_model": 1613581550890, "time_solve_models.TimeSolveSPMe.time_solve_model": 1613581562436}, "benchmark_version": {"time_setup_models_and_sims.TimeBuildDFN.time_setup_DFN": "5f322e51e6b7e66125ee6949bdf25746005db467e8ffcfdcb3ace170e92bbc3d", "time_setup_models_and_sims.TimeBuildDFNSimulation.time_setup_DFN_simulation": "8de44bc542fa7d4ba28a80f24414a9444b5436673aaebba674918f5f0bfd0ebb", "time_setup_models_and_sims.TimeBuildSPM.time_setup_SPM": "0d0b3f5c67fc2da9a5794c66b70af5a45a09558d1ee95f738745385adb84fbca", "time_setup_models_and_sims.TimeBuildSPMSimulation.time_setup_SPM_simulation": "161220a99418ce4487cc29325cbae897f28d0e44ae07e1dfbfaac2cbc53a4ff9", "time_setup_models_and_sims.TimeBuildSPMe.time_setup_SPMe": "6083f5ff944353395eb4b21c97b02af555fe6528de3cd5283f5e139943945235", "time_setup_models_and_sims.TimeBuildSPMeSimulation.time_setup_SPMe_simulation": "530563cb559427795e3648d9648df9250ae100b7721f69eec356bdda7798c55e", "time_solve_models.TimeSolveDFN.time_solve_model": "914137228e20e5900cec36b0d3865f1faa2f5d479c7d6c2539514791f9ec4430", "time_solve_models.TimeSolveSPM.time_solve_model": "ef1bb5f8d1ddfa59650e20438c4b252d73e5a062714848ce1d6d5269382bc598", "time_solve_models.TimeSolveSPMe.time_solve_model": "20672028872f4620ce85e909bae705d9490de441e926510b2b0e53ff0881d87b"}, "version": 1}