{"results": {"time_setup_models_and_sims.TimeBuildDFN.time_setup_DFN": {"result": [0.7356651839997994], "stats": [{"ci_99": [0.6805180689998451, 0.7588875510000435], "q_25": 0.7273530949998985, "q_75": 0.7494667905001506, "min": 0.6805180689998451, "max": 0.7588875510000435, "mean": 0.7299180915999386, "std": 0.026039897316482836, "repeat": 10, "number": 1}]}, "time_setup_models_and_sims.TimeBuildDFNSimulation.time_setup_DFN_simulation": {"result": [0.09334941350016379, 0.16217303200005517], "stats": [{"ci_99": [0.08749223799986794, 0.09676740499980951], "q_25": 0.08931202675000804, "q_75": 0.09412656950007658, "min": 0.08749223799986794, "max": 0.09676740499980951, "mean": 0.0921492586000113, "std": 0.0029633635420796157, "repeat": 10, "number": 1}, {"ci_99": [0.15578288999995493, 0.16839038599982814], "q_25": 0.1589752997499545, "q_75": 0.16411649624978963, "min": 0.15578288999995493, "max": 0.16839038599982814, "mean": 0.16178177709998637, "std": 0.0036199613372092172, "repeat": 10, "number": 1}], "params": [["False", "True"]]}, "time_setup_models_and_sims.TimeBuildSPM.time_setup_SPM": {"result": [0.5385220600001048], "stats": [{"ci_99": [0.5224076839999725, 0.5687381339998865], "q_25": 0.5318142027499562, "q_75": 0.5572426554999765, "min": 0.5224076839999725, "max": 0.5687381339998865, "mean": 0.5429560522999963, "std": 0.015115862609137906, "repeat": 10, "number": 1}]}, "time_setup_models_and_sims.TimeBuildSPMSimulation.time_setup_SPM_simulation": {"result": [0.2263376835001054, 0.2690086979998796], "stats": [{"ci_99": [0.2213701079999737, 0.24411267400000725], "q_25": 0.2228300379999837, "q_75": 0.22704957775022194, "min": 0.2213701079999737, "max": 0.24411267400000725, "mean": 0.22688851739999336, "std": 0.0061962570241181035, "repeat": 10, "number": 1}, {"ci_99": [0.2552703510000356, 0.27620379800009687], "q_25": 0.2622969499999499, "q_75": 0.27042236299973865, "min": 0.2552703510000356, "max": 0.27620379800009687, "mean": 0.2666631707999386, "std": 0.006163291120268164, "repeat": 10, "number": 1}], "params": [["False", "True"]]}, "time_setup_models_and_sims.TimeBuildSPMe.time_setup_SPMe": {"result": [0.6099516284998572], "stats": [{"ci_99": [0.5502717710000979, 0.6646445070000482], "q_25": 0.5839174310000317, "q_75": 0.6505608372498273, "min": 0.5502717710000979, "max": 0.6646445070000482, "mean": 0.6118460107999454, "std": 0.04032637644904109, "repeat": 10, "number": 1}]}, "time_setup_models_and_sims.TimeBuildSPMeSimulation.time_setup_SPMe_simulation": {"result": [0.11656989249991057, 0.18817279099994266], "stats": [{"ci_99": [0.10299998099981167, 0.12706961899993985], "q_25": 0.11065186325004106, "q_75": 0.11784790699994119, "min": 0.10299998099981167, "max": 0.12706961899993985, "mean": 0.11472417829995721, "std": 0.006856985259528587, "repeat": 10, "number": 1}, {"ci_99": [0.18530800200005615, 0.19843473400032963], "q_25": 0.1868152377497836, "q_75": 0.18984882125005242, "min": 0.18530800200005615, "max": 0.19843473400032963, "mean": 0.1889873069999794, "std": 0.0035367014290108114, "repeat": 10, "number": 1}], "params": [["False", "True"]]}, "time_solve_models.TimeSolveDFN.time_solve_model": {"result": [0.7892569305001871, 0.9942758984998363], "stats": [{"ci_99": [0.6835079409997888, 0.8411132199998974], "q_25": 0.7190899059999083, "q_75": 0.8307289094999533, "min": 0.6835079409997888, "max": 0.8411132199998974, "mean": 0.7751226757499694, "std": 0.05720675606194825, "repeat": 8, "number": 1}, {"ci_99": [0.8981210120000469, 1.0373427650001759], "q_25": 0.9413325112498114, "q_75": 1.0289514894999456, "min": 0.8981210120000469, "max": 1.0373427650001759, "mean": 0.9818185763999281, "std": 0.05063433637259711, "repeat": 10, "number": 1}], "params": [["True", "False"]]}, "time_solve_models.TimeSolveSPM.time_solve_model": {"result": [0.040189890999954514, 0.08203372900015893], "stats": [{"ci_99": [0.03555496299986771, 0.044010511999658775], "q_25": 0.03811815750009373, "q_75": 0.04219027399983588, "min": 0.03555496299986771, "max": 0.044010511999658775, "mean": 0.039987589399925125, "std": 0.0027334012560374403, "repeat": 10, "number": 1}, {"ci_99": [0.07215483300024061, 0.08270641200033424], "q_25": 0.07640438249995896, "q_75": 0.08247341349976978, "min": 0.07215483300024061, "max": 0.08270641200033424, "mean": 0.07958529440002167, "std": 0.004168690910557134, "repeat": 10, "number": 1}], "params": [["True", "False"]]}, "time_solve_models.TimeSolveSPMe.time_solve_model": {"result": [0.05901802499988662, 0.12054959449983471], "stats": [{"ci_99": [0.056246895999720437, 0.060751247000098374], "q_25": 0.05828923450019374, "q_75": 0.059829141000250274, "min": 0.056246895999720437, "max": 0.060751247000098374, "mean": 0.0589036343000771, "std": 0.001238403132380883, "repeat": 10, "number": 1}, {"ci_99": [0.11373179600013827, 0.1287074440001561], "q_25": 0.11968037300005108, "q_75": 0.12344258099972194, "min": 0.11373179600013827, "max": 0.1287074440001561, "mean": 0.12146302129995093, "std": 0.004087784986960664, "repeat": 10, "number": 1}], "params": [["True", "False"]]}}, "params": {"machine": "GitHubRunner", "python": "3.8"}, "requirements": {}, "commit_hash": "09c98c40c0f4a21620bd87e6614df522761116f8", "date": 1611585321000, "env_name": "virtualenv-py3.8", "python": "3.8", "profiles": {}, "started_at": {"time_setup_models_and_sims.TimeBuildDFN.time_setup_DFN": 1613575755537, "time_setup_models_and_sims.TimeBuildDFNSimulation.time_setup_DFN_simulation": 1613575760158, "time_setup_models_and_sims.TimeBuildSPM.time_setup_SPM": 1613575761972, "time_setup_models_and_sims.TimeBuildSPMSimulation.time_setup_SPM_simulation": 1613575765590, "time_setup_models_and_sims.TimeBuildSPMe.time_setup_SPMe": 1613575768860, "time_setup_models_and_sims.TimeBuildSPMeSimulation.time_setup_SPMe_simulation": 1613575772878, "time_solve_models.TimeSolveDFN.time_solve_model": 1613575774942, "time_solve_models.TimeSolveSPM.time_solve_model": 1613575799828, "time_solve_models.TimeSolveSPMe.time_solve_model": 1613575809565}, "ended_at": {"time_setup_models_and_sims.TimeBuildDFN.time_setup_DFN": 1613575760158, "time_setup_models_and_sims.TimeBuildDFNSimulation.time_setup_DFN_simulation": 1613575761971, "time_setup_models_and_sims.TimeBuildSPM.time_setup_SPM": 1613575765590, "time_setup_models_and_sims.TimeBuildSPMSimulation.time_setup_SPM_simulation": 1613575768859, "time_setup_models_and_sims.TimeBuildSPMe.time_setup_SPMe": 1613575772877, "time_setup_models_and_sims.TimeBuildSPMeSimulation.time_setup_SPMe_simulation": 1613575774941, "time_solve_models.TimeSolveDFN.time_solve_model": 1613575799827, "time_solve_models.TimeSolveSPM.time_solve_model": 1613575809564, "time_solve_models.TimeSolveSPMe.time_solve_model": 1613575820959}, "benchmark_version": {"time_setup_models_and_sims.TimeBuildDFN.time_setup_DFN": "5f322e51e6b7e66125ee6949bdf25746005db467e8ffcfdcb3ace170e92bbc3d", "time_setup_models_and_sims.TimeBuildDFNSimulation.time_setup_DFN_simulation": "8de44bc542fa7d4ba28a80f24414a9444b5436673aaebba674918f5f0bfd0ebb", "time_setup_models_and_sims.TimeBuildSPM.time_setup_SPM": "0d0b3f5c67fc2da9a5794c66b70af5a45a09558d1ee95f738745385adb84fbca", "time_setup_models_and_sims.TimeBuildSPMSimulation.time_setup_SPM_simulation": "161220a99418ce4487cc29325cbae897f28d0e44ae07e1dfbfaac2cbc53a4ff9", "time_setup_models_and_sims.TimeBuildSPMe.time_setup_SPMe": "6083f5ff944353395eb4b21c97b02af555fe6528de3cd5283f5e139943945235", "time_setup_models_and_sims.TimeBuildSPMeSimulation.time_setup_SPMe_simulation": "530563cb559427795e3648d9648df9250ae100b7721f69eec356bdda7798c55e", "time_solve_models.TimeSolveDFN.time_solve_model": "914137228e20e5900cec36b0d3865f1faa2f5d479c7d6c2539514791f9ec4430", "time_solve_models.TimeSolveSPM.time_solve_model": "ef1bb5f8d1ddfa59650e20438c4b252d73e5a062714848ce1d6d5269382bc598", "time_solve_models.TimeSolveSPMe.time_solve_model": "20672028872f4620ce85e909bae705d9490de441e926510b2b0e53ff0881d87b"}, "version": 1}