{"results": {"time_setup_models_and_sims.TimeBuildDFN.time_setup_DFN": {"result": [0.9451907164998374], "stats": [{"ci_99": [0.9291149179998683, 0.9546454139999696], "q_25": 0.9398826380001992, "q_75": 0.9490766544997769, "min": 0.9291149179998683, "max": 0.9546454139999696, "mean": 0.9440232687999014, "std": 0.007661837269888489, "repeat": 10, "number": 1}]}, "time_setup_models_and_sims.TimeBuildDFNSimulation.time_setup_DFN_simulation": {"result": [0.2333734205003566, 0.4660420170002908], "stats": [{"ci_99": [0.2315761999998358, 0.24066016500000842], "q_25": 0.23286315800010016, "q_75": 0.23403091775026041, "min": 0.2315761999998358, "max": 0.24066016500000842, "mean": 0.23400183960011417, "std": 0.0023575624318507146, "repeat": 10, "number": 1}, {"ci_99": [0.46168849100013176, 0.473998864999885], "q_25": 0.4634766460001174, "q_75": 0.4722709244995258, "min": 0.46168849100013176, "max": 0.473998864999885, "mean": 0.4674964457000897, "std": 0.004573346530099712, "repeat": 10, "number": 1}], "params": [["False", "True"]]}, "time_setup_models_and_sims.TimeBuildSPM.time_setup_SPM": {"result": [0.6441829195000537], "stats": [{"ci_99": [0.6355868410000767, 0.6518651389997103], "q_25": 0.640214288749803, "q_75": 0.6501880352502667, "min": 0.6355868410000767, "max": 0.6518651389997103, "mean": 0.6446830290000435, "std": 0.005342219375187927, "repeat": 10, "number": 1}]}, "time_setup_models_and_sims.TimeBuildSPMSimulation.time_setup_SPM_simulation": {"result": [0.311445338500107, 0.596951468000043], "stats": [{"ci_99": [0.30885097900045366, 0.3214534420003474], "q_25": 0.31001778574977834, "q_75": 0.3129952189999585, "min": 0.30885097900045366, "max": 0.3214534420003474, "mean": 0.3123238334999769, "std": 0.0035025003113833683, "repeat": 10, "number": 1}, {"ci_99": [0.5880111749993375, 0.6049967540002399], "q_25": 0.5921792700000879, "q_75": 0.6004625579996627, "min": 0.5880111749993375, "max": 0.6049967540002399, "mean": 0.5966073555999174, "std": 0.005178133380038062, "repeat": 10, "number": 1}], "params": [["False", "True"]]}, "time_setup_models_and_sims.TimeBuildSPMe.time_setup_SPMe": {"result": [0.7832813109998824], "stats": [{"ci_99": [0.7728548980003325, 0.8050836619995607], "q_25": 0.7784887750003691, "q_75": 0.7895580259998951, "min": 0.7728548980003325, "max": 0.8050836619995607, "mean": 0.7844456922999598, "std": 0.009231254436221133, "repeat": 10, "number": 1}]}, "time_setup_models_and_sims.TimeBuildSPMeSimulation.time_setup_SPMe_simulation": {"result": [0.24943436099965766, 0.4946724860001268], "stats": [{"ci_99": [0.24237187299968355, 0.25670494999940274], "q_25": 0.24724922724999487, "q_75": 0.2519511714995133, "min": 0.24237187299968355, "max": 0.25670494999940274, "mean": 0.2495700215998113, "std": 0.004090061145506005, "repeat": 10, "number": 1}, {"ci_99": [0.48721365999972477, 0.5075871640001424], "q_25": 0.49118698399956884, "q_75": 0.49717238099992755, "min": 0.48721365999972477, "max": 0.5075871640001424, "mean": 0.49493646709988753, "std": 0.005559805046013789, "repeat": 10, "number": 1}], "params": [["False", "True"]]}, "time_solve_models.TimeSolveDFN.time_solve_model": {"result": [1.1579110795005363, 1.3786683329999505], "stats": [{"ci_99": [1.1191526108282606, 1.1853434315054305], "q_25": 1.1376014237505387, "q_75": 1.162387770999885, "min": 1.120255097000154, "max": 1.1826993309996396, "mean": 1.1522480211668455, "std": 0.02067763859597434, "repeat": 6, "number": 1}, {"ci_99": [1.2854621970000153, 1.4118971039997632], "q_25": 1.3472664925000117, "q_75": 1.404594038750247, "min": 1.2854621970000153, "max": 1.4118971039997632, "mean": 1.3678733670000156, "std": 0.04319505217822348, "repeat": 8, "number": 1}], "params": [["True", "False"]]}, "time_solve_models.TimeSolveSPM.time_solve_model": {"result": [0.05192991450030604, 0.091978754000138], "stats": [{"ci_99": [0.04656007999983558, 0.054982830999506405], "q_25": 0.04905009525009518, "q_75": 0.052716268999802196, "min": 0.04656007999983558, "max": 0.054982830999506405, "mean": 0.05121272930000487, "std": 0.002605295511627282, "repeat": 10, "number": 1}, {"ci_99": [0.08859683700029564, 0.10514463300023635], "q_25": 0.09106070149960033, "q_75": 0.093734664500289, "min": 0.08859683700029564, "max": 0.10514463300023635, "mean": 0.09351401480007553, "std": 0.004512657879192014, "repeat": 10, "number": 1}], "params": [["True", "False"]]}, "time_solve_models.TimeSolveSPMe.time_solve_model": {"result": [0.08790908099990702, 0.14774749150001298], "stats": [{"ci_99": [0.06821371300065948, 0.09974070400039636], "q_25": 0.08701939825004956, "q_75": 0.08946386549973795, "min": 0.06821371300065948, "max": 0.09974070400039636, "mean": 0.08625757060008254, "std": 0.009000736628250326, "repeat": 10, "number": 1}, {"ci_99": [0.14539007499934087, 0.1603604699994321], "q_25": 0.14730523624984926, "q_75": 0.1500932580004246, "min": 0.14539007499934087, "max": 0.1603604699994321, "mean": 0.14977194350003628, "std": 0.0044269382740415725, "repeat": 10, "number": 1}], "params": [["True", "False"]]}}, "params": {"machine": "GitHubRunner", "python": "3.8"}, "requirements": {}, "commit_hash": "0a510337636aa6e01131fcb9853d34f709fde4eb", "date": 1603402279000, "env_name": "virtualenv-py3.8", "python": "3.8", "profiles": {}, "started_at": {"time_setup_models_and_sims.TimeBuildDFN.time_setup_DFN": 1613579314411, "time_setup_models_and_sims.TimeBuildDFNSimulation.time_setup_DFN_simulation": 1613579320382, "time_setup_models_and_sims.TimeBuildSPM.time_setup_SPM": 1613579324854, "time_setup_models_and_sims.TimeBuildSPMSimulation.time_setup_SPM_simulation": 1613579329022, "time_setup_models_and_sims.TimeBuildSPMe.time_setup_SPMe": 1613579334848, "time_setup_models_and_sims.TimeBuildSPMeSimulation.time_setup_SPMe_simulation": 1613579339918, "time_solve_models.TimeSolveDFN.time_solve_model": 1613579344690, "time_solve_models.TimeSolveSPM.time_solve_model": 1613579371879, "time_solve_models.TimeSolveSPMe.time_solve_model": 1613579383125}, "ended_at": {"time_setup_models_and_sims.TimeBuildDFN.time_setup_DFN": 1613579320381, "time_setup_models_and_sims.TimeBuildDFNSimulation.time_setup_DFN_simulation": 1613579324854, "time_setup_models_and_sims.TimeBuildSPM.time_setup_SPM": 1613579329021, "time_setup_models_and_sims.TimeBuildSPMSimulation.time_setup_SPM_simulation": 1613579334847, "time_setup_models_and_sims.TimeBuildSPMe.time_setup_SPMe": 1613579339918, "time_setup_models_and_sims.TimeBuildSPMeSimulation.time_setup_SPMe_simulation": 1613579344690, "time_solve_models.TimeSolveDFN.time_solve_model": 1613579371878, "time_solve_models.TimeSolveSPM.time_solve_model": 1613579383124, "time_solve_models.TimeSolveSPMe.time_solve_model": 1613579397225}, "benchmark_version": {"time_setup_models_and_sims.TimeBuildDFN.time_setup_DFN": "5f322e51e6b7e66125ee6949bdf25746005db467e8ffcfdcb3ace170e92bbc3d", "time_setup_models_and_sims.TimeBuildDFNSimulation.time_setup_DFN_simulation": "8de44bc542fa7d4ba28a80f24414a9444b5436673aaebba674918f5f0bfd0ebb", "time_setup_models_and_sims.TimeBuildSPM.time_setup_SPM": "0d0b3f5c67fc2da9a5794c66b70af5a45a09558d1ee95f738745385adb84fbca", "time_setup_models_and_sims.TimeBuildSPMSimulation.time_setup_SPM_simulation": "161220a99418ce4487cc29325cbae897f28d0e44ae07e1dfbfaac2cbc53a4ff9", "time_setup_models_and_sims.TimeBuildSPMe.time_setup_SPMe": "6083f5ff944353395eb4b21c97b02af555fe6528de3cd5283f5e139943945235", "time_setup_models_and_sims.TimeBuildSPMeSimulation.time_setup_SPMe_simulation": "530563cb559427795e3648d9648df9250ae100b7721f69eec356bdda7798c55e", "time_solve_models.TimeSolveDFN.time_solve_model": "914137228e20e5900cec36b0d3865f1faa2f5d479c7d6c2539514791f9ec4430", "time_solve_models.TimeSolveSPM.time_solve_model": "ef1bb5f8d1ddfa59650e20438c4b252d73e5a062714848ce1d6d5269382bc598", "time_solve_models.TimeSolveSPMe.time_solve_model": "20672028872f4620ce85e909bae705d9490de441e926510b2b0e53ff0881d87b"}, "version": 1}