{"results": {"time_setup_models_and_sims.TimeBuildDFN.time_setup_DFN": {"result": [0.6997332664998339], "stats": [{"ci_99": [0.5978678289998243, 0.7293488610002896], "q_25": 0.6428611162497191, "q_75": 0.7230666317498162, "min": 0.5978678289998243, "max": 0.7293488610002896, "mean": 0.6807735962998777, "std": 0.047641192237274546, "repeat": 10, "number": 1}]}, "time_setup_models_and_sims.TimeBuildDFNSimulation.time_setup_DFN_simulation": {"result": [0.09468954749991099, 0.19362331699994684], "stats": [{"ci_99": [0.09109193099993718, 0.0993305700003475], "q_25": 0.09349834374984312, "q_75": 0.09637678174988196, "min": 0.09109193099993718, "max": 0.0993305700003475, "mean": 0.09495250969998778, "std": 0.002259759706280184, "repeat": 10, "number": 1}, {"ci_99": [0.1724643190000279, 0.19907274200022584], "q_25": 0.18244449099995563, "q_75": 0.19684285650032507, "min": 0.1724643190000279, "max": 0.19907274200022584, "mean": 0.18972832900008144, "std": 0.008861176006289105, "repeat": 10, "number": 1}], "params": [["False", "True"]]}, "time_setup_models_and_sims.TimeBuildSPM.time_setup_SPM": {"result": [0.527330848000247], "stats": [{"ci_99": [0.50988131899976, 0.5444541760002721], "q_25": 0.5148239677500897, "q_75": 0.5336994247500115, "min": 0.50988131899976, "max": 0.5444541760002721, "mean": 0.5257677808001517, "std": 0.011154039932566875, "repeat": 10, "number": 1}]}, "time_setup_models_and_sims.TimeBuildSPMSimulation.time_setup_SPM_simulation": {"result": [0.22625327300011122, 0.43180054549975466], "stats": [{"ci_99": [0.22022254500006966, 0.23764272400012487], "q_25": 0.22363958574999288, "q_75": 0.22755120125020767, "min": 0.22022254500006966, "max": 0.23764272400012487, "mean": 0.22684243430007883, "std": 0.005253850527569159, "repeat": 10, "number": 1}, {"ci_99": [0.42005089200029033, 0.4449613040001168], "q_25": 0.42972718825001266, "q_75": 0.43379872699983935, "min": 0.42005089200029033, "max": 0.4449613040001168, "mean": 0.4325221584999781, "std": 0.007096942737157907, "repeat": 10, "number": 1}], "params": [["False", "True"]]}, "time_setup_models_and_sims.TimeBuildSPMe.time_setup_SPMe": {"result": [0.6138607025000056], "stats": [{"ci_99": [0.601603552999677, 0.6223737430000256], "q_25": 0.6071258539997189, "q_75": 0.6211111684998514, "min": 0.601603552999677, "max": 0.6223737430000256, "mean": 0.6135411653999654, "std": 0.007549579540575624, "repeat": 10, "number": 1}]}, "time_setup_models_and_sims.TimeBuildSPMeSimulation.time_setup_SPMe_simulation": {"result": [0.11472034300004452, 0.2249124650002159], "stats": [{"ci_99": [0.10829881299969202, 0.11787765699955344], "q_25": 0.11402654025005177, "q_75": 0.11604984975008392, "min": 0.10829881299969202, "max": 0.11787765699955344, "mean": 0.11456380239997088, "std": 0.0024561881643000672, "repeat": 10, "number": 1}, {"ci_99": [0.21541212100009943, 0.2393728319998445], "q_25": 0.22139062500014006, "q_75": 0.22988766174989905, "min": 0.21541212100009943, "max": 0.2393728319998445, "mean": 0.22539807709999876, "std": 0.007083901949680042, "repeat": 10, "number": 1}], "params": [["False", "True"]]}, "time_solve_models.TimeSolveDFN.time_solve_model": {"result": [0.8679865579999841, 1.0655566400002954], "stats": [{"ci_99": [0.834208154999942, 0.9304937980000432], "q_25": 0.8413428379998322, "q_75": 0.9208894524997504, "min": 0.834208154999942, "max": 0.9304937980000432, "mean": 0.8783956698749193, "std": 0.039877326768954016, "repeat": 8, "number": 1}, {"ci_99": [0.9682911879999665, 1.144832609000332], "q_25": 1.0127260229998, "q_75": 1.089195419499788, "min": 0.9682911879999665, "max": 1.144832609000332, "mean": 1.0539695956000288, "std": 0.053579628230300345, "repeat": 10, "number": 1}], "params": [["True", "False"]]}, "time_solve_models.TimeSolveSPM.time_solve_model": {"result": [0.047456823999937114, 0.08481060150029407], "stats": [{"ci_99": [0.04676562099984949, 0.048527728999943065], "q_25": 0.04706884750032714, "q_75": 0.04793587649987785, "min": 0.04676562099984949, "max": 0.048527728999943065, "mean": 0.04751206450005156, "std": 0.0005431575790546784, "repeat": 10, "number": 1}, {"ci_99": [0.08324689300025057, 0.0869044109999777], "q_25": 0.08378604675021961, "q_75": 0.08539730275026614, "min": 0.08324689300025057, "max": 0.0869044109999777, "mean": 0.0848216311001579, "std": 0.0011482942924845884, "repeat": 10, "number": 1}], "params": [["True", "False"]]}, "time_solve_models.TimeSolveSPMe.time_solve_model": {"result": [0.06728171800000382, 0.1283953570000449], "stats": [{"ci_99": [0.0658609119996072, 0.06908912599965333], "q_25": 0.06623498824978924, "q_75": 0.06819169825030258, "min": 0.0658609119996072, "max": 0.06908912599965333, "mean": 0.0673148982999919, "std": 0.0011511694946810278, "repeat": 10, "number": 1}, {"ci_99": [0.11511564500005989, 0.14309267699991324], "q_25": 0.12536406749995876, "q_75": 0.1352749140000924, "min": 0.11511564500005989, "max": 0.14309267699991324, "mean": 0.12992206429998987, "std": 0.008399791564204536, "repeat": 10, "number": 1}], "params": [["True", "False"]]}}, "params": {"machine": "GitHubRunner", "python": "3.8"}, "requirements": {}, "commit_hash": "0d348729ac70ecc9a27eaf5c1d28d719438b0805", "date": 1606394255000, "env_name": "virtualenv-py3.8", "python": "3.8", "profiles": {}, "started_at": {"time_setup_models_and_sims.TimeBuildDFN.time_setup_DFN": 1613577416161, "time_setup_models_and_sims.TimeBuildDFNSimulation.time_setup_DFN_simulation": 1613577420280, "time_setup_models_and_sims.TimeBuildSPM.time_setup_SPM": 1613577422348, "time_setup_models_and_sims.TimeBuildSPMSimulation.time_setup_SPM_simulation": 1613577425864, "time_setup_models_and_sims.TimeBuildSPMe.time_setup_SPMe": 1613577430236, "time_setup_models_and_sims.TimeBuildSPMeSimulation.time_setup_SPMe_simulation": 1613577434254, "time_solve_models.TimeSolveDFN.time_solve_model": 1613577436621, "time_solve_models.TimeSolveSPM.time_solve_model": 1613577463167, "time_solve_models.TimeSolveSPMe.time_solve_model": 1613577472855}, "ended_at": {"time_setup_models_and_sims.TimeBuildDFN.time_setup_DFN": 1613577420280, "time_setup_models_and_sims.TimeBuildDFNSimulation.time_setup_DFN_simulation": 1613577422347, "time_setup_models_and_sims.TimeBuildSPM.time_setup_SPM": 1613577425863, "time_setup_models_and_sims.TimeBuildSPMSimulation.time_setup_SPM_simulation": 1613577430235, "time_setup_models_and_sims.TimeBuildSPMe.time_setup_SPMe": 1613577434254, "time_setup_models_and_sims.TimeBuildSPMeSimulation.time_setup_SPMe_simulation": 1613577436621, "time_solve_models.TimeSolveDFN.time_solve_model": 1613577463167, "time_solve_models.TimeSolveSPM.time_solve_model": 1613577472855, "time_solve_models.TimeSolveSPMe.time_solve_model": 1613577484602}, "benchmark_version": {"time_setup_models_and_sims.TimeBuildDFN.time_setup_DFN": "5f322e51e6b7e66125ee6949bdf25746005db467e8ffcfdcb3ace170e92bbc3d", "time_setup_models_and_sims.TimeBuildDFNSimulation.time_setup_DFN_simulation": "8de44bc542fa7d4ba28a80f24414a9444b5436673aaebba674918f5f0bfd0ebb", "time_setup_models_and_sims.TimeBuildSPM.time_setup_SPM": "0d0b3f5c67fc2da9a5794c66b70af5a45a09558d1ee95f738745385adb84fbca", "time_setup_models_and_sims.TimeBuildSPMSimulation.time_setup_SPM_simulation": "161220a99418ce4487cc29325cbae897f28d0e44ae07e1dfbfaac2cbc53a4ff9", "time_setup_models_and_sims.TimeBuildSPMe.time_setup_SPMe": "6083f5ff944353395eb4b21c97b02af555fe6528de3cd5283f5e139943945235", "time_setup_models_and_sims.TimeBuildSPMeSimulation.time_setup_SPMe_simulation": "530563cb559427795e3648d9648df9250ae100b7721f69eec356bdda7798c55e", "time_solve_models.TimeSolveDFN.time_solve_model": "914137228e20e5900cec36b0d3865f1faa2f5d479c7d6c2539514791f9ec4430", "time_solve_models.TimeSolveSPM.time_solve_model": "ef1bb5f8d1ddfa59650e20438c4b252d73e5a062714848ce1d6d5269382bc598", "time_solve_models.TimeSolveSPMe.time_solve_model": "20672028872f4620ce85e909bae705d9490de441e926510b2b0e53ff0881d87b"}, "version": 1}