{"results": {"time_setup_models_and_sims.TimeBuildDFN.time_setup_DFN": {"result": [0.7958924780004963], "stats": [{"ci_99": [0.7890985859994544, 0.8108860169995751], "q_25": 0.7936578409999129, "q_75": 0.7989384957495531, "min": 0.7890985859994544, "max": 0.8108860169995751, "mean": 0.7967876736000108, "std": 0.005881394407638503, "repeat": 10, "number": 1}]}, "time_setup_models_and_sims.TimeBuildDFNSimulation.time_setup_DFN_simulation": {"result": [0.07575591000022541, 0.14739904450107133], "stats": [{"ci_99": [0.07529225699909148, 0.07788447299935797], "q_25": 0.07552570799998648, "q_75": 0.07639866275030727, "min": 0.07529225699909148, "max": 0.07788447299935797, "mean": 0.07615081189978809, "std": 0.0008654790715381528, "repeat": 10, "number": 1}, {"ci_99": [0.14521337999940442, 0.18094999700042536], "q_25": 0.1467102902493025, "q_75": 0.14863397649878607, "min": 0.14521337999940442, "max": 0.18094999700042536, "mean": 0.15062220369982243, "std": 0.0101823991070087, "repeat": 10, "number": 1}], "params": [["False", "True"]]}, "time_setup_models_and_sims.TimeBuildSPM.time_setup_SPM": {"result": [0.5439538504997472], "stats": [{"ci_99": [0.5327673329993559, 0.5593891919997986], "q_25": 0.540497804500319, "q_75": 0.5471516679999695, "min": 0.5327673329993559, "max": 0.5593891919997986, "mean": 0.5442497513995477, "std": 0.0071189216207735995, "repeat": 10, "number": 1}]}, "time_setup_models_and_sims.TimeBuildSPMSimulation.time_setup_SPM_simulation": {"result": [0.18867499449970637, 0.35888082699966617], "stats": [{"ci_99": [0.18605332900006033, 0.1935250749993429], "q_25": 0.1879582154997479, "q_75": 0.19193823924933895, "min": 0.18605332900006033, "max": 0.1935250749993429, "mean": 0.1895879301997411, "std": 0.0026588886299369137, "repeat": 10, "number": 1}, {"ci_99": [0.35442615099964314, 0.3623116969993134], "q_25": 0.35601518524981657, "q_75": 0.36121121525047784, "min": 0.35442615099964314, "max": 0.3623116969993134, "mean": 0.3585255847998269, "std": 0.0028262047935299003, "repeat": 10, "number": 1}], "params": [["False", "True"]]}, "time_setup_models_and_sims.TimeBuildSPMe.time_setup_SPMe": {"result": [0.6613300115004677], "stats": [{"ci_99": [0.6463585209985467, 0.6789959170000657], "q_25": 0.6516331537495716, "q_75": 0.6751209189988003, "min": 0.6463585209985467, "max": 0.6789959170000657, "mean": 0.662315487199885, "std": 0.01252433673824352, "repeat": 10, "number": 1}]}, "time_setup_models_and_sims.TimeBuildSPMeSimulation.time_setup_SPMe_simulation": {"result": [0.09677158700014843, 0.18692798449956172], "stats": [{"ci_99": [0.0948320750012499, 0.10292062400003488], "q_25": 0.09566075550083042, "q_75": 0.09995975550009462, "min": 0.0948320750012499, "max": 0.10292062400003488, "mean": 0.09786652340044384, "std": 0.00268584239273042, "repeat": 10, "number": 1}, {"ci_99": [0.18330231199979607, 0.19600668900056917], "q_25": 0.1846099450008296, "q_75": 0.18775401300081285, "min": 0.18330231199979607, "max": 0.19600668900056917, "mean": 0.18713187520024804, "std": 0.003403830954927836, "repeat": 10, "number": 1}], "params": [["False", "True"]]}, "time_solve_models.TimeSolveDFN.time_solve_model": {"result": [1.1656412214997545, 1.314796071499586], "stats": [{"ci_99": [1.1345357790014532, 1.1954174480015354], "q_25": 1.1617257477491876, "q_75": 1.172388635250627, "min": 1.1345357790014532, "max": 1.1954174480015354, "mean": 1.1660490055004022, "std": 0.018078569893149838, "repeat": 6, "number": 1}, {"ci_99": [1.2830160779994912, 1.328988761999426], "q_25": 1.2947998032500436, "q_75": 1.3203690087502764, "min": 1.2830160779994912, "max": 1.328988761999426, "mean": 1.3091378641247502, "std": 0.015216133807454357, "repeat": 8, "number": 1}], "params": [["True", "False"]]}, "time_solve_models.TimeSolveSPM.time_solve_model": {"result": [0.05465043200092623, 0.09142605400029424], "stats": [{"ci_99": [0.05261181800051418, 0.06260957899939967], "q_25": 0.05441962999975658, "q_75": 0.05547928649912137, "min": 0.05261181800051418, "max": 0.06260957899939967, "mean": 0.055392755799948644, "std": 0.0025939164445896922, "repeat": 10, "number": 1}, {"ci_99": [0.08991644500019902, 0.09940880300018762], "q_25": 0.09053607349960657, "q_75": 0.09237038549963472, "min": 0.08991644500019902, "max": 0.09940880300018762, "mean": 0.09205909809988952, "std": 0.0026347089599462093, "repeat": 10, "number": 1}], "params": [["True", "False"]]}, "time_solve_models.TimeSolveSPMe.time_solve_model": {"result": [0.08923419150050904, 0.14759254450018489], "stats": [{"ci_99": [0.08555071800037695, 0.09597858199958864], "q_25": 0.08871353750055277, "q_75": 0.09095875125012753, "min": 0.08555071800037695, "max": 0.09597858199958864, "mean": 0.0898424448003425, "std": 0.0027894145933682253, "repeat": 10, "number": 1}, {"ci_99": [0.14290646699919307, 0.15023081100116542], "q_25": 0.14617453625123744, "q_75": 0.14903675349978585, "min": 0.14290646699919307, "max": 0.15023081100116542, "mean": 0.14724695270033408, "std": 0.0021277748569356264, "repeat": 10, "number": 1}], "params": [["True", "False"]]}}, "params": {"machine": "GitHubRunner", "python": "3.8"}, "requirements": {}, "commit_hash": "1007c87379a6364384d30db315d4a99bc30a7173", "date": 1590507026000, "env_name": "virtualenv-py3.8", "python": "3.8", "profiles": {}, "started_at": {"time_setup_models_and_sims.TimeBuildDFN.time_setup_DFN": 1613584145421, "time_setup_models_and_sims.TimeBuildDFNSimulation.time_setup_DFN_simulation": 1613584150545, "time_setup_models_and_sims.TimeBuildSPM.time_setup_SPM": 1613584152258, "time_setup_models_and_sims.TimeBuildSPMSimulation.time_setup_SPM_simulation": 1613584155826, "time_setup_models_and_sims.TimeBuildSPMe.time_setup_SPMe": 1613584159547, "time_setup_models_and_sims.TimeBuildSPMeSimulation.time_setup_SPMe_simulation": 1613584163915, "time_solve_models.TimeSolveDFN.time_solve_model": 1613584165881, "time_solve_models.TimeSolveSPM.time_solve_model": 1613584190773, "time_solve_models.TimeSolveSPMe.time_solve_model": 1613584200414}, "ended_at": {"time_setup_models_and_sims.TimeBuildDFN.time_setup_DFN": 1613584150544, "time_setup_models_and_sims.TimeBuildDFNSimulation.time_setup_DFN_simulation": 1613584152257, "time_setup_models_and_sims.TimeBuildSPM.time_setup_SPM": 1613584155826, "time_setup_models_and_sims.TimeBuildSPMSimulation.time_setup_SPM_simulation": 1613584159546, "time_setup_models_and_sims.TimeBuildSPMe.time_setup_SPMe": 1613584163914, "time_setup_models_and_sims.TimeBuildSPMeSimulation.time_setup_SPMe_simulation": 1613584165880, "time_solve_models.TimeSolveDFN.time_solve_model": 1613584190772, "time_solve_models.TimeSolveSPM.time_solve_model": 1613584200414, "time_solve_models.TimeSolveSPMe.time_solve_model": 1613584212812}, "benchmark_version": {"time_setup_models_and_sims.TimeBuildDFN.time_setup_DFN": "5f322e51e6b7e66125ee6949bdf25746005db467e8ffcfdcb3ace170e92bbc3d", "time_setup_models_and_sims.TimeBuildDFNSimulation.time_setup_DFN_simulation": "8de44bc542fa7d4ba28a80f24414a9444b5436673aaebba674918f5f0bfd0ebb", "time_setup_models_and_sims.TimeBuildSPM.time_setup_SPM": "0d0b3f5c67fc2da9a5794c66b70af5a45a09558d1ee95f738745385adb84fbca", "time_setup_models_and_sims.TimeBuildSPMSimulation.time_setup_SPM_simulation": "161220a99418ce4487cc29325cbae897f28d0e44ae07e1dfbfaac2cbc53a4ff9", "time_setup_models_and_sims.TimeBuildSPMe.time_setup_SPMe": "6083f5ff944353395eb4b21c97b02af555fe6528de3cd5283f5e139943945235", "time_setup_models_and_sims.TimeBuildSPMeSimulation.time_setup_SPMe_simulation": "530563cb559427795e3648d9648df9250ae100b7721f69eec356bdda7798c55e", "time_solve_models.TimeSolveDFN.time_solve_model": "914137228e20e5900cec36b0d3865f1faa2f5d479c7d6c2539514791f9ec4430", "time_solve_models.TimeSolveSPM.time_solve_model": "ef1bb5f8d1ddfa59650e20438c4b252d73e5a062714848ce1d6d5269382bc598", "time_solve_models.TimeSolveSPMe.time_solve_model": "20672028872f4620ce85e909bae705d9490de441e926510b2b0e53ff0881d87b"}, "version": 1}