{"results": {"time_setup_models_and_sims.TimeBuildDFN.time_setup_DFN": {"result": [0.7193469235007797], "stats": [{"ci_99": [0.6984986980005488, 0.7291892850007571], "q_25": 0.7139892420000251, "q_75": 0.7265758192506837, "min": 0.6984986980005488, "max": 0.7291892850007571, "mean": 0.7183735388005517, "std": 0.009254140146105087, "repeat": 10, "number": 1}]}, "time_setup_models_and_sims.TimeBuildDFNSimulation.time_setup_DFN_simulation": {"result": [0.07876397399923007, 0.15637089049960196], "stats": [{"ci_99": [0.07470604899936006, 0.08420970699989994], "q_25": 0.07816877049936011, "q_75": 0.07977332950031268, "min": 0.07470604899936006, "max": 0.08420970699989994, "mean": 0.07918213619977905, "std": 0.0023779451358037686, "repeat": 10, "number": 1}, {"ci_99": [0.15343372200004524, 0.16255847699903825], "q_25": 0.15604506324916656, "q_75": 0.1571584697508115, "min": 0.15343372200004524, "max": 0.16255847699903825, "mean": 0.1571812049996879, "std": 0.00284195834097649, "repeat": 10, "number": 1}], "params": [["False", "True"]]}, "time_setup_models_and_sims.TimeBuildSPM.time_setup_SPM": {"result": [0.5179975130004095], "stats": [{"ci_99": [0.5106691689998115, 0.529870287000449], "q_25": 0.5147837447502752, "q_75": 0.5255855610012077, "min": 0.5106691689998115, "max": 0.529870287000449, "mean": 0.5196332740006255, "std": 0.00612777742522197, "repeat": 10, "number": 1}]}, "time_setup_models_and_sims.TimeBuildSPMSimulation.time_setup_SPM_simulation": {"result": [0.2065159419998963, 0.3951605254987953], "stats": [{"ci_99": [0.2033609219997743, 0.2071703460005665], "q_25": 0.20562671049947312, "q_75": 0.20699389449964656, "min": 0.2033609219997743, "max": 0.2071703460005665, "mean": 0.20609669900004518, "std": 0.0011392073132738525, "repeat": 10, "number": 1}, {"ci_99": [0.38805143299941847, 0.3970843879997119], "q_25": 0.39155220375050703, "q_75": 0.3964358344996981, "min": 0.38805143299941847, "max": 0.3970843879997119, "mean": 0.3940087589997347, "std": 0.0029998164970817445, "repeat": 10, "number": 1}], "params": [["False", "True"]]}, "time_setup_models_and_sims.TimeBuildSPMe.time_setup_SPMe": {"result": [0.6308245929994882], "stats": [{"ci_99": [0.6216426369992405, 0.6462092860001576], "q_25": 0.624505728749682, "q_75": 0.6342108887497488, "min": 0.6216426369992405, "max": 0.6462092860001576, "mean": 0.6315585571996053, "std": 0.0078743965865647, "repeat": 10, "number": 1}]}, "time_setup_models_and_sims.TimeBuildSPMeSimulation.time_setup_SPMe_simulation": {"result": [0.10138065999944956, 0.19872139500057528], "stats": [{"ci_99": [0.10029000299982727, 0.10203001299851167], "q_25": 0.10104053224995369, "q_75": 0.10152048499958255, "min": 0.10029000299982727, "max": 0.10203001299851167, "mean": 0.10125401869991038, "std": 0.00046735778250500047, "repeat": 10, "number": 1}, {"ci_99": [0.19677728399983607, 0.20272941900111618], "q_25": 0.19788898974957192, "q_75": 0.20005547849950744, "min": 0.19677728399983607, "max": 0.20272941900111618, "mean": 0.1991321177001737, "std": 0.0017156422270177617, "repeat": 10, "number": 1}], "params": [["False", "True"]]}, "time_solve_models.TimeSolveDFN.time_solve_model": {"result": [1.1371887884997705, 1.3208941414995934], "stats": [{"ci_99": [1.1069476043844306, 1.1683379776154932], "q_25": 1.1216125927498979, "q_75": 1.1550839977508076, "min": 1.1165723119993345, "max": 1.157437261999803, "mean": 1.137642790999962, "std": 0.017542879779814703, "repeat": 6, "number": 1}, {"ci_99": [1.2988431090016093, 1.337753146999603], "q_25": 1.316405792250407, "q_75": 1.3282572137495663, "min": 1.2988431090016093, "max": 1.337753146999603, "mean": 1.3209846137999193, "std": 0.01082257057523335, "repeat": 10, "number": 1}], "params": [["True", "False"]]}, "time_solve_models.TimeSolveSPM.time_solve_model": {"result": [0.05641948899938143, 0.09246060549958202], "stats": [{"ci_99": [0.055225431999133434, 0.06067726499895798], "q_25": 0.055914411499998096, "q_75": 0.05746619574892975, "min": 0.055225431999133434, "max": 0.06067726499895798, "mean": 0.056948902499425455, "std": 0.001515698224547165, "repeat": 10, "number": 1}, {"ci_99": [0.09082374600075127, 0.09800189000088722], "q_25": 0.09194745275044625, "q_75": 0.09290455824884702, "min": 0.09082374600075127, "max": 0.09800189000088722, "mean": 0.09327435079994757, "std": 0.002372770094953477, "repeat": 10, "number": 1}], "params": [["True", "False"]]}, "time_solve_models.TimeSolveSPMe.time_solve_model": {"result": [0.09021349249997002, 0.1471253345007426], "stats": [{"ci_99": [0.08857303200056776, 0.09153785099988454], "q_25": 0.08885753450022094, "q_75": 0.09081712050056012, "min": 0.08857303200056776, "max": 0.09153785099988454, "mean": 0.08999428120023367, "std": 0.0011029654027896179, "repeat": 10, "number": 1}, {"ci_99": [0.1459412779986451, 0.15181461300016963], "q_25": 0.14639733025023816, "q_75": 0.14888609524996355, "min": 0.1459412779986451, "max": 0.15181461300016963, "mean": 0.1478355190000002, "std": 0.0019562300792664105, "repeat": 10, "number": 1}], "params": [["True", "False"]]}}, "params": {"machine": "GitHubRunner", "python": "3.8"}, "requirements": {}, "commit_hash": "15f90080fcecba352353fb409c003297439418a6", "date": 1591781369000, "env_name": "virtualenv-py3.8", "python": "3.8", "profiles": {}, "started_at": {"time_setup_models_and_sims.TimeBuildDFN.time_setup_DFN": 1613583302102, "time_setup_models_and_sims.TimeBuildDFNSimulation.time_setup_DFN_simulation": 1613583306728, "time_setup_models_and_sims.TimeBuildSPM.time_setup_SPM": 1613583308442, "time_setup_models_and_sims.TimeBuildSPMSimulation.time_setup_SPM_simulation": 1613583311856, "time_setup_models_and_sims.TimeBuildSPMe.time_setup_SPMe": 1613583315876, "time_setup_models_and_sims.TimeBuildSPMeSimulation.time_setup_SPMe_simulation": 1613583319992, "time_solve_models.TimeSolveDFN.time_solve_model": 1613583322006, "time_solve_models.TimeSolveSPM.time_solve_model": 1613583348645, "time_solve_models.TimeSolveSPMe.time_solve_model": 1613583358333}, "ended_at": {"time_setup_models_and_sims.TimeBuildDFN.time_setup_DFN": 1613583306728, "time_setup_models_and_sims.TimeBuildDFNSimulation.time_setup_DFN_simulation": 1613583308441, "time_setup_models_and_sims.TimeBuildSPM.time_setup_SPM": 1613583311855, "time_setup_models_and_sims.TimeBuildSPMSimulation.time_setup_SPM_simulation": 1613583315875, "time_setup_models_and_sims.TimeBuildSPMe.time_setup_SPMe": 1613583319991, "time_setup_models_and_sims.TimeBuildSPMeSimulation.time_setup_SPMe_simulation": 1613583322005, "time_solve_models.TimeSolveDFN.time_solve_model": 1613583348645, "time_solve_models.TimeSolveSPM.time_solve_model": 1613583358333, "time_solve_models.TimeSolveSPMe.time_solve_model": 1613583370178}, "benchmark_version": {"time_setup_models_and_sims.TimeBuildDFN.time_setup_DFN": "5f322e51e6b7e66125ee6949bdf25746005db467e8ffcfdcb3ace170e92bbc3d", "time_setup_models_and_sims.TimeBuildDFNSimulation.time_setup_DFN_simulation": "8de44bc542fa7d4ba28a80f24414a9444b5436673aaebba674918f5f0bfd0ebb", "time_setup_models_and_sims.TimeBuildSPM.time_setup_SPM": "0d0b3f5c67fc2da9a5794c66b70af5a45a09558d1ee95f738745385adb84fbca", "time_setup_models_and_sims.TimeBuildSPMSimulation.time_setup_SPM_simulation": "161220a99418ce4487cc29325cbae897f28d0e44ae07e1dfbfaac2cbc53a4ff9", "time_setup_models_and_sims.TimeBuildSPMe.time_setup_SPMe": "6083f5ff944353395eb4b21c97b02af555fe6528de3cd5283f5e139943945235", "time_setup_models_and_sims.TimeBuildSPMeSimulation.time_setup_SPMe_simulation": "530563cb559427795e3648d9648df9250ae100b7721f69eec356bdda7798c55e", "time_solve_models.TimeSolveDFN.time_solve_model": "914137228e20e5900cec36b0d3865f1faa2f5d479c7d6c2539514791f9ec4430", "time_solve_models.TimeSolveSPM.time_solve_model": "ef1bb5f8d1ddfa59650e20438c4b252d73e5a062714848ce1d6d5269382bc598", "time_solve_models.TimeSolveSPMe.time_solve_model": "20672028872f4620ce85e909bae705d9490de441e926510b2b0e53ff0881d87b"}, "version": 1}