{"results": {"time_setup_models_and_sims.TimeBuildDFN.time_setup_DFN": {"result": [0.6989039825002692], "stats": [{"ci_99": [0.6784233569997014, 0.7309024770001997], "q_25": 0.681925228500404, "q_75": 0.72193014774939, "min": 0.6784233569997014, "max": 0.7309024770001997, "mean": 0.7019707309000296, "std": 0.02106108767812818, "repeat": 10, "number": 1}]}, "time_setup_models_and_sims.TimeBuildDFNSimulation.time_setup_DFN_simulation": {"result": [0.08130918699953327, 0.1583782979996613], "stats": [{"ci_99": [0.0787930709993816, 0.08853052999984357], "q_25": 0.08061618225065104, "q_75": 0.08197499075004089, "min": 0.0787930709993816, "max": 0.08853052999984357, "mean": 0.08176520939978218, "std": 0.0024499766175048567, "repeat": 10, "number": 1}, {"ci_99": [0.15403042100115272, 0.1649818879996019], "q_25": 0.15713441499929104, "q_75": 0.16055558649941304, "min": 0.15403042100115272, "max": 0.1649818879996019, "mean": 0.15872969999982162, "std": 0.0031556467328179095, "repeat": 10, "number": 1}], "params": [["False", "True"]]}, "time_setup_models_and_sims.TimeBuildSPM.time_setup_SPM": {"result": [0.5339562455001214], "stats": [{"ci_99": [0.5236431319990515, 0.5499585930010653], "q_25": 0.5278184070011775, "q_75": 0.5385233744991638, "min": 0.5236431319990515, "max": 0.5499585930010653, "mean": 0.5340238959000999, "std": 0.008053852159693849, "repeat": 10, "number": 1}]}, "time_setup_models_and_sims.TimeBuildSPMSimulation.time_setup_SPM_simulation": {"result": [0.21212786950036389, 0.39925778949964297], "stats": [{"ci_99": [0.20764274199973443, 0.22499004700148362], "q_25": 0.20996800574948793, "q_75": 0.21600244425098936, "min": 0.20764274199973443, "max": 0.22499004700148362, "mean": 0.21342580750042545, "std": 0.004882790893580718, "repeat": 10, "number": 1}, {"ci_99": [0.39358595500016236, 0.41597989100046107], "q_25": 0.39650764650104975, "q_75": 0.4064644085005966, "min": 0.39358595500016236, "max": 0.41597989100046107, "mean": 0.40168397410016043, "std": 0.006800767876615624, "repeat": 10, "number": 1}], "params": [["False", "True"]]}, "time_setup_models_and_sims.TimeBuildSPMe.time_setup_SPMe": {"result": [0.6269164525001543], "stats": [{"ci_99": [0.6167879900003754, 0.6437772559984296], "q_25": 0.6207672137493319, "q_75": 0.6399429832504211, "min": 0.6167879900003754, "max": 0.6437772559984296, "mean": 0.6296998792999148, "std": 0.010014635835746018, "repeat": 10, "number": 1}]}, "time_setup_models_and_sims.TimeBuildSPMeSimulation.time_setup_SPMe_simulation": {"result": [0.10440662499968312, 0.2014154554990455], "stats": [{"ci_99": [0.10214321099920198, 0.10683004000020446], "q_25": 0.10316224199959834, "q_75": 0.10612090974927924, "min": 0.10214321099920198, "max": 0.10683004000020446, "mean": 0.10459051589969022, "std": 0.001732439250367102, "repeat": 10, "number": 1}, {"ci_99": [0.19983069599948067, 0.2079275449996203], "q_25": 0.20105455349994372, "q_75": 0.20325341649868278, "min": 0.19983069599948067, "max": 0.2079275449996203, "mean": 0.20227452069939317, "std": 0.0022450001169676656, "repeat": 10, "number": 1}], "params": [["False", "True"]]}, "time_solve_models.TimeSolveDFN.time_solve_model": {"result": [1.139464422499259, 1.3098785475003751], "stats": [{"ci_99": [1.11620803136927, 1.1622227766309723], "q_25": 1.1277600240005086, "q_75": 1.1484920544999113, "min": 1.121559111001261, "max": 1.159444644999894, "mean": 1.1392154040001212, "std": 0.01352677400098514, "repeat": 6, "number": 1}, {"ci_99": [1.2920813410000846, 1.3334962890003226], "q_25": 1.3019074664998698, "q_75": 1.314193242750207, "min": 1.2920813410000846, "max": 1.3334962890003226, "mean": 1.3091590092004481, "std": 0.01184671251284138, "repeat": 10, "number": 1}], "params": [["True", "False"]]}, "time_solve_models.TimeSolveSPM.time_solve_model": {"result": [0.0563166869997076, 0.09354930999961653], "stats": [{"ci_99": [0.053540820999842254, 0.07104762499875505], "q_25": 0.05551653224938491, "q_75": 0.05805287249995672, "min": 0.053540820999842254, "max": 0.07104762499875505, "mean": 0.05777346589966328, "std": 0.0046447846612452555, "repeat": 10, "number": 1}, {"ci_99": [0.09114244600095844, 0.10612553600003594], "q_25": 0.09206235099964033, "q_75": 0.09565392274998885, "min": 0.09114244600095844, "max": 0.10612553600003594, "mean": 0.09473888739994436, "std": 0.0041649110972116, "repeat": 10, "number": 1}], "params": [["True", "False"]]}, "time_solve_models.TimeSolveSPMe.time_solve_model": {"result": [0.09101104500041401, 0.14764573399952496], "stats": [{"ci_99": [0.08744952400047623, 0.10399742200024775], "q_25": 0.08934401075066489, "q_75": 0.09795673675034777, "min": 0.08744952400047623, "max": 0.10399742200024775, "mean": 0.09384548220004944, "std": 0.005551647177268183, "repeat": 10, "number": 1}, {"ci_99": [0.1450091689985129, 0.16534418999981426], "q_25": 0.14593107475002398, "q_75": 0.15276848974963286, "min": 0.1450091689985129, "max": 0.16534418999981426, "mean": 0.15099333429971012, "std": 0.007117235885681944, "repeat": 10, "number": 1}], "params": [["True", "False"]]}}, "params": {"machine": "GitHubRunner", "python": "3.8"}, "requirements": {}, "commit_hash": "17460e84023874bae0d21511cee1cd794831cf3f", "date": 1592776791000, "env_name": "virtualenv-py3.8", "python": "3.8", "profiles": {}, "started_at": {"time_setup_models_and_sims.TimeBuildDFN.time_setup_DFN": 1613582878648, "time_setup_models_and_sims.TimeBuildDFNSimulation.time_setup_DFN_simulation": 1613582883266, "time_setup_models_and_sims.TimeBuildSPM.time_setup_SPM": 1613582885079, "time_setup_models_and_sims.TimeBuildSPMSimulation.time_setup_SPM_simulation": 1613582888594, "time_setup_models_and_sims.TimeBuildSPMe.time_setup_SPMe": 1613582892820, "time_setup_models_and_sims.TimeBuildSPMeSimulation.time_setup_SPMe_simulation": 1613582896988, "time_solve_models.TimeSolveDFN.time_solve_model": 1613582899103, "time_solve_models.TimeSolveSPM.time_solve_model": 1613582925442, "time_solve_models.TimeSolveSPMe.time_solve_model": 1613582935030}, "ended_at": {"time_setup_models_and_sims.TimeBuildDFN.time_setup_DFN": 1613582883266, "time_setup_models_and_sims.TimeBuildDFNSimulation.time_setup_DFN_simulation": 1613582885079, "time_setup_models_and_sims.TimeBuildSPM.time_setup_SPM": 1613582888594, "time_setup_models_and_sims.TimeBuildSPMSimulation.time_setup_SPM_simulation": 1613582892819, "time_setup_models_and_sims.TimeBuildSPMe.time_setup_SPMe": 1613582896988, "time_setup_models_and_sims.TimeBuildSPMeSimulation.time_setup_SPMe_simulation": 1613582899102, "time_solve_models.TimeSolveDFN.time_solve_model": 1613582925441, "time_solve_models.TimeSolveSPM.time_solve_model": 1613582935029, "time_solve_models.TimeSolveSPMe.time_solve_model": 1613582947024}, "benchmark_version": {"time_setup_models_and_sims.TimeBuildDFN.time_setup_DFN": "5f322e51e6b7e66125ee6949bdf25746005db467e8ffcfdcb3ace170e92bbc3d", "time_setup_models_and_sims.TimeBuildDFNSimulation.time_setup_DFN_simulation": "8de44bc542fa7d4ba28a80f24414a9444b5436673aaebba674918f5f0bfd0ebb", "time_setup_models_and_sims.TimeBuildSPM.time_setup_SPM": "0d0b3f5c67fc2da9a5794c66b70af5a45a09558d1ee95f738745385adb84fbca", "time_setup_models_and_sims.TimeBuildSPMSimulation.time_setup_SPM_simulation": "161220a99418ce4487cc29325cbae897f28d0e44ae07e1dfbfaac2cbc53a4ff9", "time_setup_models_and_sims.TimeBuildSPMe.time_setup_SPMe": "6083f5ff944353395eb4b21c97b02af555fe6528de3cd5283f5e139943945235", "time_setup_models_and_sims.TimeBuildSPMeSimulation.time_setup_SPMe_simulation": "530563cb559427795e3648d9648df9250ae100b7721f69eec356bdda7798c55e", "time_solve_models.TimeSolveDFN.time_solve_model": "914137228e20e5900cec36b0d3865f1faa2f5d479c7d6c2539514791f9ec4430", "time_solve_models.TimeSolveSPM.time_solve_model": "ef1bb5f8d1ddfa59650e20438c4b252d73e5a062714848ce1d6d5269382bc598", "time_solve_models.TimeSolveSPMe.time_solve_model": "20672028872f4620ce85e909bae705d9490de441e926510b2b0e53ff0881d87b"}, "version": 1}