{"results": {"time_setup_models_and_sims.TimeBuildDFN.time_setup_DFN": {"result": [0.8388459449998891], "stats": [{"ci_99": [0.8208970659998158, 0.8562471380000716], "q_25": 0.8267629120000493, "q_75": 0.8504970942498744, "min": 0.8208970659998158, "max": 0.8562471380000716, "mean": 0.8384529432999216, "std": 0.01267181945784369, "repeat": 10, "number": 1}]}, "time_setup_models_and_sims.TimeBuildDFNSimulation.time_setup_DFN_simulation": {"result": [0.10671707500000593, 0.17975504799994724], "stats": [{"ci_99": [0.10101154499989207, 0.11334276399998089], "q_25": 0.10460575374997916, "q_75": 0.10717711975001976, "min": 0.10101154499989207, "max": 0.11334276399998089, "mean": 0.10623416970001927, "std": 0.0032203967405075224, "repeat": 10, "number": 1}, {"ci_99": [0.17408070900000894, 0.19308952899996257], "q_25": 0.17708417750009176, "q_75": 0.18290159649995985, "min": 0.17408070900000894, "max": 0.19308952899996257, "mean": 0.18058870249999473, "std": 0.005148206240700834, "repeat": 10, "number": 1}], "params": [["False", "True"]]}, "time_setup_models_and_sims.TimeBuildSPM.time_setup_SPM": {"result": [0.5547122345001299], "stats": [{"ci_99": [0.5367075050000949, 0.5763567599999533], "q_25": 0.5440920490000849, "q_75": 0.5620829052500653, "min": 0.5367075050000949, "max": 0.5763567599999533, "mean": 0.5546083950000593, "std": 0.012898805866114764, "repeat": 10, "number": 1}]}, "time_setup_models_and_sims.TimeBuildSPMSimulation.time_setup_SPM_simulation": {"result": [0.236385986000073, 0.2893679305000205], "stats": [{"ci_99": [0.23243276800008061, 0.24697893600000498], "q_25": 0.23371805450000238, "q_75": 0.2377771127500523, "min": 0.23243276800008061, "max": 0.24697893600000498, "mean": 0.23690894790001948, "std": 0.004135095679224546, "repeat": 10, "number": 1}, {"ci_99": [0.284260291999999, 0.29873193499997797], "q_25": 0.28647580750003954, "q_75": 0.29361569075001626, "min": 0.284260291999999, "max": 0.29873193499997797, "mean": 0.29046145890004027, "std": 0.004972471546115719, "repeat": 10, "number": 1}], "params": [["False", "True"]]}, "time_setup_models_and_sims.TimeBuildSPMe.time_setup_SPMe": {"result": [0.6465031464999811], "stats": [{"ci_99": [0.6344771870001296, 0.6707656829998996], "q_25": 0.6379451392499504, "q_75": 0.6647543462499925, "min": 0.6344771870001296, "max": 0.6707656829998996, "mean": 0.6504666615999894, "std": 0.013821444677137352, "repeat": 10, "number": 1}]}, "time_setup_models_and_sims.TimeBuildSPMeSimulation.time_setup_SPMe_simulation": {"result": [0.12383164550010406, 0.19212840399995912], "stats": [{"ci_99": [0.11787313900003937, 0.1413478160000068], "q_25": 0.12210763975008376, "q_75": 0.12411941600004184, "min": 0.11787313900003937, "max": 0.1413478160000068, "mean": 0.12439334770003825, "std": 0.006112176204776804, "repeat": 10, "number": 1}, {"ci_99": [0.18418685300002835, 0.2006619569999657], "q_25": 0.18870648099999698, "q_75": 0.1950479239999936, "min": 0.18418685300002835, "max": 0.2006619569999657, "mean": 0.1921980142000166, "std": 0.004532818978281574, "repeat": 10, "number": 1}], "params": [["False", "True"]]}, "time_solve_models.TimeSolveDFN.time_solve_model": {"result": [0.7871937714999149, 0.9689438684999914], "stats": [{"ci_99": [0.7162778049998906, 0.828072918000089], "q_25": 0.7678336647499577, "q_75": 0.8026189539999109, "min": 0.7162778049998906, "max": 0.828072918000089, "mean": 0.7802091006249441, "std": 0.035676141032112696, "repeat": 8, "number": 1}, {"ci_99": [0.9294786420000491, 0.997914400999889], "q_25": 0.9630066387500165, "q_75": 0.9796448279998913, "min": 0.9294786420000491, "max": 0.997914400999889, "mean": 0.9702115230999653, "std": 0.017905771780890985, "repeat": 10, "number": 1}], "params": [["True", "False"]]}, "time_solve_models.TimeSolveSPM.time_solve_model": {"result": [0.041187139000044226, 0.07173071450006319], "stats": [{"ci_99": [0.039935522999940076, 0.0479189679999763], "q_25": 0.0408755712500124, "q_75": 0.04148478275010348, "min": 0.039935522999940076, "max": 0.0479189679999763, "mean": 0.04199754399999165, "std": 0.0022605867216732587, "repeat": 10, "number": 1}, {"ci_99": [0.06995452000001023, 0.07440971400001217], "q_25": 0.0713905279999949, "q_75": 0.07250261050006657, "min": 0.06995452000001023, "max": 0.07440971400001217, "mean": 0.07199293569999554, "std": 0.0012311205079390934, "repeat": 10, "number": 1}], "params": [["True", "False"]]}, "time_solve_models.TimeSolveSPMe.time_solve_model": {"result": [0.058908888500013745, 0.11107813450007598], "stats": [{"ci_99": [0.05580293299999539, 0.0608674620000329], "q_25": 0.057746043749943965, "q_75": 0.05943026075004809, "min": 0.05580293299999539, "max": 0.0608674620000329, "mean": 0.05858930650001639, "std": 0.0013383671049585057, "repeat": 10, "number": 1}, {"ci_99": [0.10759849300006863, 0.11641589000009844], "q_25": 0.10940715175007654, "q_75": 0.11461217774990473, "min": 0.10759849300006863, "max": 0.11641589000009844, "mean": 0.11185716910003976, "std": 0.0029539299424822243, "repeat": 10, "number": 1}], "params": [["True", "False"]]}}, "params": {"machine": "GitHubRunner", "python": "3.8"}, "requirements": {}, "commit_hash": "1857c291c16d1b808ff423b9ab28532a14899e4f", "date": 1612463504000, "env_name": "virtualenv-py3.8", "python": "3.8", "profiles": {}, "started_at": {"time_setup_models_and_sims.TimeBuildDFN.time_setup_DFN": 1613574783158, "time_setup_models_and_sims.TimeBuildDFNSimulation.time_setup_DFN_simulation": 1613574788532, "time_setup_models_and_sims.TimeBuildSPM.time_setup_SPM": 1613574790498, "time_setup_models_and_sims.TimeBuildSPMSimulation.time_setup_SPM_simulation": 1613574794214, "time_setup_models_and_sims.TimeBuildSPMe.time_setup_SPMe": 1613574797734, "time_setup_models_and_sims.TimeBuildSPMeSimulation.time_setup_SPMe_simulation": 1613574802050, "time_solve_models.TimeSolveDFN.time_solve_model": 1613574804215, "time_solve_models.TimeSolveSPM.time_solve_model": 1613574829207, "time_solve_models.TimeSolveSPMe.time_solve_model": 1613574838895}, "ended_at": {"time_setup_models_and_sims.TimeBuildDFN.time_setup_DFN": 1613574788532, "time_setup_models_and_sims.TimeBuildDFNSimulation.time_setup_DFN_simulation": 1613574790497, "time_setup_models_and_sims.TimeBuildSPM.time_setup_SPM": 1613574794214, "time_setup_models_and_sims.TimeBuildSPMSimulation.time_setup_SPM_simulation": 1613574797733, "time_setup_models_and_sims.TimeBuildSPMe.time_setup_SPMe": 1613574802050, "time_setup_models_and_sims.TimeBuildSPMeSimulation.time_setup_SPMe_simulation": 1613574804214, "time_solve_models.TimeSolveDFN.time_solve_model": 1613574829206, "time_solve_models.TimeSolveSPM.time_solve_model": 1613574838894, "time_solve_models.TimeSolveSPMe.time_solve_model": 1613574850436}, "benchmark_version": {"time_setup_models_and_sims.TimeBuildDFN.time_setup_DFN": "5f322e51e6b7e66125ee6949bdf25746005db467e8ffcfdcb3ace170e92bbc3d", "time_setup_models_and_sims.TimeBuildDFNSimulation.time_setup_DFN_simulation": "8de44bc542fa7d4ba28a80f24414a9444b5436673aaebba674918f5f0bfd0ebb", "time_setup_models_and_sims.TimeBuildSPM.time_setup_SPM": "0d0b3f5c67fc2da9a5794c66b70af5a45a09558d1ee95f738745385adb84fbca", "time_setup_models_and_sims.TimeBuildSPMSimulation.time_setup_SPM_simulation": "161220a99418ce4487cc29325cbae897f28d0e44ae07e1dfbfaac2cbc53a4ff9", "time_setup_models_and_sims.TimeBuildSPMe.time_setup_SPMe": "6083f5ff944353395eb4b21c97b02af555fe6528de3cd5283f5e139943945235", "time_setup_models_and_sims.TimeBuildSPMeSimulation.time_setup_SPMe_simulation": "530563cb559427795e3648d9648df9250ae100b7721f69eec356bdda7798c55e", "time_solve_models.TimeSolveDFN.time_solve_model": "914137228e20e5900cec36b0d3865f1faa2f5d479c7d6c2539514791f9ec4430", "time_solve_models.TimeSolveSPM.time_solve_model": "ef1bb5f8d1ddfa59650e20438c4b252d73e5a062714848ce1d6d5269382bc598", "time_solve_models.TimeSolveSPMe.time_solve_model": "20672028872f4620ce85e909bae705d9490de441e926510b2b0e53ff0881d87b"}, "version": 1}