{"results": {"time_setup_models_and_sims.TimeBuildDFN.time_setup_DFN": {"result": [0.7783339539992085], "stats": [{"ci_99": [0.6782747999986896, 0.8059384709995356], "q_25": 0.757745779249035, "q_75": 0.7843584900001588, "min": 0.6782747999986896, "max": 0.8059384709995356, "mean": 0.7657329278994439, "std": 0.036007154710485614, "repeat": 10, "number": 1}]}, "time_setup_models_and_sims.TimeBuildDFNSimulation.time_setup_DFN_simulation": {"result": [0.06941716949950205, 0.13612187299986545], "stats": [{"ci_99": [0.06894141600059811, 0.07065972700002021], "q_25": 0.06914161725080703, "q_75": 0.06999157325026317, "min": 0.06894141600059811, "max": 0.07065972700002021, "mean": 0.06961474050021935, "std": 0.0005911518380102409, "repeat": 10, "number": 1}, {"ci_99": [0.13472721399921284, 0.14218165899910673], "q_25": 0.13565941924980507, "q_75": 0.13756555649979418, "min": 0.13472721399921284, "max": 0.14218165899910673, "mean": 0.13686474699970858, "std": 0.0021360491936195398, "repeat": 10, "number": 1}], "params": [["False", "True"]]}, "time_setup_models_and_sims.TimeBuildSPM.time_setup_SPM": {"result": [0.5139603560000978], "stats": [{"ci_99": [0.5030968399987614, 0.5296754020000662], "q_25": 0.5090827767489827, "q_75": 0.5171048502497797, "min": 0.5030968399987614, "max": 0.5296754020000662, "mean": 0.5145163193996268, "std": 0.007266018327301999, "repeat": 10, "number": 1}]}, "time_setup_models_and_sims.TimeBuildSPMSimulation.time_setup_SPM_simulation": {"result": [0.18184214900065854, 0.3441573800000697], "stats": [{"ci_99": [0.17970908600000257, 0.1868646289985918], "q_25": 0.1814456467495802, "q_75": 0.18481086725068963, "min": 0.17970908600000257, "max": 0.1868646289985918, "mean": 0.18275901440010783, "std": 0.0024415405804805493, "repeat": 10, "number": 1}, {"ci_99": [0.3402618559994153, 0.34875280699998257], "q_25": 0.34298059800084957, "q_75": 0.3449949094992917, "min": 0.3402618559994153, "max": 0.34875280699998257, "mean": 0.3442977806997078, "std": 0.0023016091587187266, "repeat": 10, "number": 1}], "params": [["False", "True"]]}, "time_setup_models_and_sims.TimeBuildSPMe.time_setup_SPMe": {"result": [0.6279703454993069], "stats": [{"ci_99": [0.6236863690010068, 0.6405088709998381], "q_25": 0.6244001987502088, "q_75": 0.6335688039998786, "min": 0.6236863690010068, "max": 0.6405088709998381, "mean": 0.629443844099842, "std": 0.005580112768711827, "repeat": 10, "number": 1}]}, "time_setup_models_and_sims.TimeBuildSPMeSimulation.time_setup_SPMe_simulation": {"result": [0.09070674799932021, 0.1724055925005814], "stats": [{"ci_99": [0.08835813400037296, 0.09339016400008404], "q_25": 0.08922636474972023, "q_75": 0.09106549975012967, "min": 0.08835813400037296, "max": 0.09339016400008404, "mean": 0.09047386670008564, "std": 0.0014583044791418934, "repeat": 10, "number": 1}, {"ci_99": [0.17077733199948852, 0.1763990660001582], "q_25": 0.17183718824935568, "q_75": 0.173525799250001, "min": 0.17077733199948852, "max": 0.1763990660001582, "mean": 0.17282557470007304, "std": 0.0016827402910713188, "repeat": 10, "number": 1}], "params": [["False", "True"]]}, "time_solve_models.TimeSolveDFN.time_solve_model": {"result": [1.158945254500395, 1.3194464734997382], "stats": [{"ci_99": [1.1469735781979593, 1.1885820839997905], "q_25": 1.158669653000743, "q_75": 1.174888000500232, "min": 1.1550293800009968, "max": 1.1885820839997905, "mean": 1.1667136680004357, "std": 0.012783358196540561, "repeat": 6, "number": 1}, {"ci_99": [1.3020825690000493, 1.3682126690000587], "q_25": 1.3121877545004281, "q_75": 1.3299147374987115, "min": 1.3020825690000493, "max": 1.3682126690000587, "mean": 1.3244499791246653, "std": 0.01930030840125283, "repeat": 8, "number": 1}], "params": [["True", "False"]]}, "time_solve_models.TimeSolveSPM.time_solve_model": {"result": [0.05543278500044835, 0.09165575399947556], "stats": [{"ci_99": [0.05406952700104739, 0.061227970001709764], "q_25": 0.055302084250797634, "q_75": 0.05573061174891336, "min": 0.05406952700104739, "max": 0.061227970001709764, "mean": 0.055985558400425364, "std": 0.0018595406784489264, "repeat": 10, "number": 1}, {"ci_99": [0.09023544499905256, 0.0953745759998128], "q_25": 0.09131292700021731, "q_75": 0.09261370949980119, "min": 0.09023544499905256, "max": 0.0953745759998128, "mean": 0.09213035679968015, "std": 0.0013735589902667082, "repeat": 10, "number": 1}], "params": [["True", "False"]]}, "time_solve_models.TimeSolveSPMe.time_solve_model": {"result": [0.08968214199921931, 0.15145781550018], "stats": [{"ci_99": [0.08856453499902273, 0.09225435799999104], "q_25": 0.0891910645009375, "q_75": 0.09037947099886878, "min": 0.08856453499902273, "max": 0.09225435799999104, "mean": 0.08989399329948355, "std": 0.0010307487435649097, "repeat": 10, "number": 1}, {"ci_99": [0.1430728649993398, 0.15821395599959942], "q_25": 0.14601690724975924, "q_75": 0.1537010032507169, "min": 0.1430728649993398, "max": 0.15821395599959942, "mean": 0.15053182969986664, "std": 0.004820153219246136, "repeat": 10, "number": 1}], "params": [["True", "False"]]}}, "params": {"machine": "GitHubRunner", "python": "3.8"}, "requirements": {}, "commit_hash": "1bdbdaf0530561054d155a3cd5d699ff592ea518", "date": 1588354338000, "env_name": "virtualenv-py3.8", "python": "3.8", "profiles": {}, "started_at": {"time_setup_models_and_sims.TimeBuildDFN.time_setup_DFN": 1613585114341, "time_setup_models_and_sims.TimeBuildDFNSimulation.time_setup_DFN_simulation": 1613585119162, "time_setup_models_and_sims.TimeBuildSPM.time_setup_SPM": 1613585120627, "time_setup_models_and_sims.TimeBuildSPMSimulation.time_setup_SPM_simulation": 1613585123942, "time_setup_models_and_sims.TimeBuildSPMe.time_setup_SPMe": 1613585127361, "time_setup_models_and_sims.TimeBuildSPMeSimulation.time_setup_SPMe_simulation": 1613585131379, "time_solve_models.TimeSolveDFN.time_solve_model": 1613585133242, "time_solve_models.TimeSolveSPM.time_solve_model": 1613585158093, "time_solve_models.TimeSolveSPMe.time_solve_model": 1613585167441}, "ended_at": {"time_setup_models_and_sims.TimeBuildDFN.time_setup_DFN": 1613585119162, "time_setup_models_and_sims.TimeBuildDFNSimulation.time_setup_DFN_simulation": 1613585120626, "time_setup_models_and_sims.TimeBuildSPM.time_setup_SPM": 1613585123942, "time_setup_models_and_sims.TimeBuildSPMSimulation.time_setup_SPM_simulation": 1613585127360, "time_setup_models_and_sims.TimeBuildSPMe.time_setup_SPMe": 1613585131378, "time_setup_models_and_sims.TimeBuildSPMeSimulation.time_setup_SPMe_simulation": 1613585133241, "time_solve_models.TimeSolveDFN.time_solve_model": 1613585158092, "time_solve_models.TimeSolveSPM.time_solve_model": 1613585167440, "time_solve_models.TimeSolveSPMe.time_solve_model": 1613585179240}, "benchmark_version": {"time_setup_models_and_sims.TimeBuildDFN.time_setup_DFN": "5f322e51e6b7e66125ee6949bdf25746005db467e8ffcfdcb3ace170e92bbc3d", "time_setup_models_and_sims.TimeBuildDFNSimulation.time_setup_DFN_simulation": "8de44bc542fa7d4ba28a80f24414a9444b5436673aaebba674918f5f0bfd0ebb", "time_setup_models_and_sims.TimeBuildSPM.time_setup_SPM": "0d0b3f5c67fc2da9a5794c66b70af5a45a09558d1ee95f738745385adb84fbca", "time_setup_models_and_sims.TimeBuildSPMSimulation.time_setup_SPM_simulation": "161220a99418ce4487cc29325cbae897f28d0e44ae07e1dfbfaac2cbc53a4ff9", "time_setup_models_and_sims.TimeBuildSPMe.time_setup_SPMe": "6083f5ff944353395eb4b21c97b02af555fe6528de3cd5283f5e139943945235", "time_setup_models_and_sims.TimeBuildSPMeSimulation.time_setup_SPMe_simulation": "530563cb559427795e3648d9648df9250ae100b7721f69eec356bdda7798c55e", "time_solve_models.TimeSolveDFN.time_solve_model": "914137228e20e5900cec36b0d3865f1faa2f5d479c7d6c2539514791f9ec4430", "time_solve_models.TimeSolveSPM.time_solve_model": "ef1bb5f8d1ddfa59650e20438c4b252d73e5a062714848ce1d6d5269382bc598", "time_solve_models.TimeSolveSPMe.time_solve_model": "20672028872f4620ce85e909bae705d9490de441e926510b2b0e53ff0881d87b"}, "version": 1}