{"results": {"time_setup_models_and_sims.TimeBuildDFN.time_setup_DFN": {"result": [0.7141129684998759], "stats": [{"ci_99": [0.6892515960003038, 0.7426857559999007], "q_25": 0.7057181354999784, "q_75": 0.7329152465001698, "min": 0.6892515960003038, "max": 0.7426857559999007, "mean": 0.7164131329000156, "std": 0.017249007495138968, "repeat": 10, "number": 1}]}, "time_setup_models_and_sims.TimeBuildDFNSimulation.time_setup_DFN_simulation": {"result": [0.09326643500003229, 0.15682621700011623], "stats": [{"ci_99": [0.08661600200002795, 0.10000086699983513], "q_25": 0.09020535200011182, "q_75": 0.09510043399984625, "min": 0.08661600200002795, "max": 0.10000086699983513, "mean": 0.09270639089995711, "std": 0.003911346277345789, "repeat": 10, "number": 1}, {"ci_99": [0.14572921199987832, 0.16236878299969248], "q_25": 0.15341599024986863, "q_75": 0.15999284200017883, "min": 0.14572921199987832, "max": 0.16236878299969248, "mean": 0.1562166724999315, "std": 0.00482799657070653, "repeat": 10, "number": 1}], "params": [["False", "True"]]}, "time_setup_models_and_sims.TimeBuildSPM.time_setup_SPM": {"result": [0.5351054344998829], "stats": [{"ci_99": [0.5241616319999594, 0.5461475379997864], "q_25": 0.529086970249864, "q_75": 0.5424927102502579, "min": 0.5241616319999594, "max": 0.5461475379997864, "mean": 0.5354505873000107, "std": 0.007496172305529868, "repeat": 10, "number": 1}]}, "time_setup_models_and_sims.TimeBuildSPMSimulation.time_setup_SPM_simulation": {"result": [0.22599448349978957, 0.27433032149997416], "stats": [{"ci_99": [0.2159578949999741, 0.2310622360000707], "q_25": 0.2221472139999605, "q_75": 0.2277859385001193, "min": 0.2159578949999741, "max": 0.2310622360000707, "mean": 0.22496103599996786, "std": 0.004242122874108171, "repeat": 10, "number": 1}, {"ci_99": [0.2651155590001508, 0.2828184790000705], "q_25": 0.27096489850009675, "q_75": 0.2761397597500945, "min": 0.2651155590001508, "max": 0.2828184790000705, "mean": 0.2734809133999988, "std": 0.00496924993704802, "repeat": 10, "number": 1}], "params": [["False", "True"]]}, "time_setup_models_and_sims.TimeBuildSPMe.time_setup_SPMe": {"result": [0.619826979499976], "stats": [{"ci_99": [0.6074397229999704, 0.6256851489997644], "q_25": 0.6169645072500316, "q_75": 0.6226469017501586, "min": 0.6074397229999704, "max": 0.6256851489997644, "mean": 0.6188473065999915, "std": 0.00531855294396878, "repeat": 10, "number": 1}]}, "time_setup_models_and_sims.TimeBuildSPMeSimulation.time_setup_SPMe_simulation": {"result": [0.1155279149998023, 0.18395581749996381], "stats": [{"ci_99": [0.11315454900022814, 0.11860781799987308], "q_25": 0.1144301152501157, "q_75": 0.11604712524979277, "min": 0.11315454900022814, "max": 0.11860781799987308, "mean": 0.11543022019995988, "std": 0.0014958016547663056, "repeat": 10, "number": 1}, {"ci_99": [0.17723537299980308, 0.18776829400030692], "q_25": 0.18241026950022388, "q_75": 0.1860795445001031, "min": 0.17723537299980308, "max": 0.18776829400030692, "mean": 0.18389353210004628, "std": 0.0029090433134206957, "repeat": 10, "number": 1}], "params": [["False", "True"]]}, "time_solve_models.TimeSolveDFN.time_solve_model": {"result": [1.130135539499861, 1.3412862829998176], "stats": [{"ci_99": [1.1011212272113449, 1.1712037869997403], "q_25": 1.1222457727498067, "q_75": 1.1401462282501598, "min": 1.103066065999883, "max": 1.1712037869997403, "mean": 1.1329399844998989, "std": 0.0209481149778762, "repeat": 6, "number": 1}, {"ci_99": [1.3138967489999231, 1.387432546999662], "q_25": 1.3267366685000752, "q_75": 1.3574068022502388, "min": 1.3138967489999231, "max": 1.387432546999662, "mean": 1.3445150963749484, "std": 0.02420518717186351, "repeat": 8, "number": 1}], "params": [["True", "False"]]}, "time_solve_models.TimeSolveSPM.time_solve_model": {"result": [0.05392685749984594, 0.09495321600024909], "stats": [{"ci_99": [0.05210595300013665, 0.058033591999901546], "q_25": 0.05322393199992348, "q_75": 0.054960708000066916, "min": 0.05210595300013665, "max": 0.058033591999901546, "mean": 0.054242619899969216, "std": 0.0015678158639617604, "repeat": 10, "number": 1}, {"ci_99": [0.09320082900012494, 0.09613044800016723], "q_25": 0.09403830999997354, "q_75": 0.09584897175000151, "min": 0.09320082900012494, "max": 0.09613044800016723, "mean": 0.09488668770004552, "std": 0.000996537431203019, "repeat": 10, "number": 1}], "params": [["True", "False"]]}, "time_solve_models.TimeSolveSPMe.time_solve_model": {"result": [0.08415244499997243, 0.14672314499989625], "stats": [{"ci_99": [0.08090072300001339, 0.08650138100028926], "q_25": 0.0838501590001215, "q_75": 0.08516934774968377, "min": 0.08090072300001339, "max": 0.08650138100028926, "mean": 0.08432029629998397, "std": 0.0014765007548359133, "repeat": 10, "number": 1}, {"ci_99": [0.14510273599989887, 0.1507065099999636], "q_25": 0.1458831432499892, "q_75": 0.1485104189997628, "min": 0.14510273599989887, "max": 0.1507065099999636, "mean": 0.14725623799999993, "std": 0.0017634118940429747, "repeat": 10, "number": 1}], "params": [["True", "False"]]}}, "params": {"machine": "GitHubRunner", "python": "3.8"}, "requirements": {}, "commit_hash": "28fb33934d91b4ad3e327bfa196a222a84ace157", "date": 1611244522000, "env_name": "virtualenv-py3.8", "python": "3.8", "profiles": {}, "started_at": {"time_setup_models_and_sims.TimeBuildDFN.time_setup_DFN": 1613575892002, "time_setup_models_and_sims.TimeBuildDFNSimulation.time_setup_DFN_simulation": 1613575896671, "time_setup_models_and_sims.TimeBuildSPM.time_setup_SPM": 1613575898385, "time_setup_models_and_sims.TimeBuildSPMSimulation.time_setup_SPM_simulation": 1613575901950, "time_setup_models_and_sims.TimeBuildSPMe.time_setup_SPMe": 1613575905269, "time_setup_models_and_sims.TimeBuildSPMeSimulation.time_setup_SPMe_simulation": 1613575909287, "time_solve_models.TimeSolveDFN.time_solve_model": 1613575911301, "time_solve_models.TimeSolveSPM.time_solve_model": 1613575936437, "time_solve_models.TimeSolveSPMe.time_solve_model": 1613575946478}, "ended_at": {"time_setup_models_and_sims.TimeBuildDFN.time_setup_DFN": 1613575896670, "time_setup_models_and_sims.TimeBuildDFNSimulation.time_setup_DFN_simulation": 1613575898384, "time_setup_models_and_sims.TimeBuildSPM.time_setup_SPM": 1613575901950, "time_setup_models_and_sims.TimeBuildSPMSimulation.time_setup_SPM_simulation": 1613575905268, "time_setup_models_and_sims.TimeBuildSPMe.time_setup_SPMe": 1613575909286, "time_setup_models_and_sims.TimeBuildSPMeSimulation.time_setup_SPMe_simulation": 1613575911301, "time_solve_models.TimeSolveDFN.time_solve_model": 1613575936437, "time_solve_models.TimeSolveSPM.time_solve_model": 1613575946477, "time_solve_models.TimeSolveSPMe.time_solve_model": 1613575958572}, "benchmark_version": {"time_setup_models_and_sims.TimeBuildDFN.time_setup_DFN": "5f322e51e6b7e66125ee6949bdf25746005db467e8ffcfdcb3ace170e92bbc3d", "time_setup_models_and_sims.TimeBuildDFNSimulation.time_setup_DFN_simulation": "8de44bc542fa7d4ba28a80f24414a9444b5436673aaebba674918f5f0bfd0ebb", "time_setup_models_and_sims.TimeBuildSPM.time_setup_SPM": "0d0b3f5c67fc2da9a5794c66b70af5a45a09558d1ee95f738745385adb84fbca", "time_setup_models_and_sims.TimeBuildSPMSimulation.time_setup_SPM_simulation": "161220a99418ce4487cc29325cbae897f28d0e44ae07e1dfbfaac2cbc53a4ff9", "time_setup_models_and_sims.TimeBuildSPMe.time_setup_SPMe": "6083f5ff944353395eb4b21c97b02af555fe6528de3cd5283f5e139943945235", "time_setup_models_and_sims.TimeBuildSPMeSimulation.time_setup_SPMe_simulation": "530563cb559427795e3648d9648df9250ae100b7721f69eec356bdda7798c55e", "time_solve_models.TimeSolveDFN.time_solve_model": "914137228e20e5900cec36b0d3865f1faa2f5d479c7d6c2539514791f9ec4430", "time_solve_models.TimeSolveSPM.time_solve_model": "ef1bb5f8d1ddfa59650e20438c4b252d73e5a062714848ce1d6d5269382bc598", "time_solve_models.TimeSolveSPMe.time_solve_model": "20672028872f4620ce85e909bae705d9490de441e926510b2b0e53ff0881d87b"}, "version": 1}