{"results": {"time_setup_models_and_sims.TimeBuildDFN.time_setup_DFN": {"result": [0.9455753359998198], "stats": [{"ci_99": [0.9234166269998241, 0.9672687430002043], "q_25": 0.930874499000538, "q_75": 0.9625238127500779, "min": 0.9234166269998241, "max": 0.9672687430002043, "mean": 0.9461055198000394, "std": 0.016503594608243435, "repeat": 10, "number": 1}]}, "time_setup_models_and_sims.TimeBuildDFNSimulation.time_setup_DFN_simulation": {"result": [0.2380840194996381, 0.47086910450025243], "stats": [{"ci_99": [0.23117083299985097, 0.2400416740001674], "q_25": 0.23651293850025468, "q_75": 0.23905062099993302, "min": 0.23117083299985097, "max": 0.2400416740001674, "mean": 0.23726467399992543, "std": 0.002704308586529646, "repeat": 10, "number": 1}, {"ci_99": [0.46168726199994126, 0.4786362380000355], "q_25": 0.4665204914995229, "q_75": 0.4753957435000302, "min": 0.46168726199994126, "max": 0.4786362380000355, "mean": 0.4709762951999437, "std": 0.005567555811720275, "repeat": 10, "number": 1}], "params": [["False", "True"]]}, "time_setup_models_and_sims.TimeBuildSPM.time_setup_SPM": {"result": [0.6523606225000549], "stats": [{"ci_99": [0.6402558659992792, 0.6710131179997916], "q_25": 0.6475096119997943, "q_75": 0.6563999530001183, "min": 0.6402558659992792, "max": 0.6710131179997916, "mean": 0.653133367099872, "std": 0.008113764771674421, "repeat": 10, "number": 1}]}, "time_setup_models_and_sims.TimeBuildSPMSimulation.time_setup_SPM_simulation": {"result": [0.3131612805000259, 0.6065944884999226], "stats": [{"ci_99": [0.30896851399938896, 0.31968976099960855], "q_25": 0.30998041949987964, "q_75": 0.31512610799995855, "min": 0.30896851399938896, "max": 0.31968976099960855, "mean": 0.3130435595999188, "std": 0.0032026748858939463, "repeat": 10, "number": 1}, {"ci_99": [0.5997521130002497, 0.619825901000695], "q_25": 0.6054698730001746, "q_75": 0.6145925449998231, "min": 0.5997521130002497, "max": 0.619825901000695, "mean": 0.6089533525000661, "std": 0.006663134056358344, "repeat": 10, "number": 1}], "params": [["False", "True"]]}, "time_setup_models_and_sims.TimeBuildSPMe.time_setup_SPMe": {"result": [0.8084657030003655], "stats": [{"ci_99": [0.802929567999854, 0.8315280979995805], "q_25": 0.8060077255004217, "q_75": 0.8205185802498818, "min": 0.802929567999854, "max": 0.8315280979995805, "mean": 0.8135750905999884, "std": 0.009717555445853442, "repeat": 10, "number": 1}]}, "time_setup_models_and_sims.TimeBuildSPMeSimulation.time_setup_SPMe_simulation": {"result": [0.25465836100011074, 0.5028295449997131], "stats": [{"ci_99": [0.25152415599950473, 0.26817754399962723], "q_25": 0.25339501400026165, "q_75": 0.25689656375016057, "min": 0.25152415599950473, "max": 0.26817754399962723, "mean": 0.2563268983000853, "std": 0.004814356737662948, "repeat": 10, "number": 1}, {"ci_99": [0.49853868299942405, 0.5069053059996804], "q_25": 0.5011144205000164, "q_75": 0.5033874057498906, "min": 0.49853868299942405, "max": 0.5069053059996804, "mean": 0.5023352719998002, "std": 0.0023882845663511848, "repeat": 10, "number": 1}], "params": [["False", "True"]]}, "time_solve_models.TimeSolveDFN.time_solve_model": {"result": [1.1932816680000542, 1.3747099535003144], "stats": [{"ci_99": [1.1740605552139003, 1.2168961140005194], "q_25": 1.1841946095000822, "q_75": 1.1955321824998464, "min": 1.1776389089991426, "max": 1.2168961140005194, "mean": 1.19309105049994, "std": 0.012617494722458723, "repeat": 6, "number": 1}, {"ci_99": [1.3569339680007033, 1.386909247999938], "q_25": 1.3645147914999143, "q_75": 1.383116727000015, "min": 1.3569339680007033, "max": 1.386909247999938, "mean": 1.373219429875121, "std": 0.011280019829781917, "repeat": 8, "number": 1}], "params": [["True", "False"]]}, "time_solve_models.TimeSolveSPM.time_solve_model": {"result": [0.05254222400026265, 0.0887483960004829], "stats": [{"ci_99": [0.05082951300028071, 0.05713294900033361], "q_25": 0.052431720249614955, "q_75": 0.05313415025011636, "min": 0.05082951300028071, "max": 0.05713294900033361, "mean": 0.05299114509998617, "std": 0.0015787791307072425, "repeat": 10, "number": 1}, {"ci_99": [0.08510541900068347, 0.09204216699981771], "q_25": 0.08819586425033776, "q_75": 0.08941352225019727, "min": 0.08510541900068347, "max": 0.09204216699981771, "mean": 0.08870014360027198, "std": 0.0016806300177019608, "repeat": 10, "number": 1}], "params": [["True", "False"]]}, "time_solve_models.TimeSolveSPMe.time_solve_model": {"result": [0.08756538650004586, 0.14928141349992075], "stats": [{"ci_99": [0.0853149200002008, 0.09438758099986444], "q_25": 0.08583052349968057, "q_75": 0.08861432000003333, "min": 0.0853149200002008, "max": 0.09438758099986444, "mean": 0.0878753383998628, "std": 0.002544299763574938, "repeat": 10, "number": 1}, {"ci_99": [0.14602719000049547, 0.1532107340008224], "q_25": 0.14739035024945224, "q_75": 0.1509034254997914, "min": 0.14602719000049547, "max": 0.1532107340008224, "mean": 0.14941554449997058, "std": 0.00237994565622237, "repeat": 10, "number": 1}], "params": [["True", "False"]]}}, "params": {"machine": "GitHubRunner", "python": "3.8"}, "requirements": {}, "commit_hash": "2f594b2ca63505f3bb3efca1d6eae9889be77cd2", "date": 1603475190000, "env_name": "virtualenv-py3.8", "python": "3.8", "profiles": {}, "started_at": {"time_setup_models_and_sims.TimeBuildDFN.time_setup_DFN": 1613579143359, "time_setup_models_and_sims.TimeBuildDFNSimulation.time_setup_DFN_simulation": 1613579149433, "time_setup_models_and_sims.TimeBuildSPM.time_setup_SPM": 1613579154006, "time_setup_models_and_sims.TimeBuildSPMSimulation.time_setup_SPM_simulation": 1613579158275, "time_setup_models_and_sims.TimeBuildSPMe.time_setup_SPMe": 1613579164161, "time_setup_models_and_sims.TimeBuildSPMeSimulation.time_setup_SPMe_simulation": 1613579169381, "time_solve_models.TimeSolveDFN.time_solve_model": 1613579174305, "time_solve_models.TimeSolveSPM.time_solve_model": 1613579201654, "time_solve_models.TimeSolveSPMe.time_solve_model": 1613579212897}, "ended_at": {"time_setup_models_and_sims.TimeBuildDFN.time_setup_DFN": 1613579149433, "time_setup_models_and_sims.TimeBuildDFNSimulation.time_setup_DFN_simulation": 1613579154005, "time_setup_models_and_sims.TimeBuildSPM.time_setup_SPM": 1613579158274, "time_setup_models_and_sims.TimeBuildSPMSimulation.time_setup_SPM_simulation": 1613579164161, "time_setup_models_and_sims.TimeBuildSPMe.time_setup_SPMe": 1613579169381, "time_setup_models_and_sims.TimeBuildSPMeSimulation.time_setup_SPMe_simulation": 1613579174304, "time_solve_models.TimeSolveDFN.time_solve_model": 1613579201653, "time_solve_models.TimeSolveSPM.time_solve_model": 1613579212896, "time_solve_models.TimeSolveSPMe.time_solve_model": 1613579227049}, "benchmark_version": {"time_setup_models_and_sims.TimeBuildDFN.time_setup_DFN": "5f322e51e6b7e66125ee6949bdf25746005db467e8ffcfdcb3ace170e92bbc3d", "time_setup_models_and_sims.TimeBuildDFNSimulation.time_setup_DFN_simulation": "8de44bc542fa7d4ba28a80f24414a9444b5436673aaebba674918f5f0bfd0ebb", "time_setup_models_and_sims.TimeBuildSPM.time_setup_SPM": "0d0b3f5c67fc2da9a5794c66b70af5a45a09558d1ee95f738745385adb84fbca", "time_setup_models_and_sims.TimeBuildSPMSimulation.time_setup_SPM_simulation": "161220a99418ce4487cc29325cbae897f28d0e44ae07e1dfbfaac2cbc53a4ff9", "time_setup_models_and_sims.TimeBuildSPMe.time_setup_SPMe": "6083f5ff944353395eb4b21c97b02af555fe6528de3cd5283f5e139943945235", "time_setup_models_and_sims.TimeBuildSPMeSimulation.time_setup_SPMe_simulation": "530563cb559427795e3648d9648df9250ae100b7721f69eec356bdda7798c55e", "time_solve_models.TimeSolveDFN.time_solve_model": "914137228e20e5900cec36b0d3865f1faa2f5d479c7d6c2539514791f9ec4430", "time_solve_models.TimeSolveSPM.time_solve_model": "ef1bb5f8d1ddfa59650e20438c4b252d73e5a062714848ce1d6d5269382bc598", "time_solve_models.TimeSolveSPMe.time_solve_model": "20672028872f4620ce85e909bae705d9490de441e926510b2b0e53ff0881d87b"}, "version": 1}