{"results": {"time_setup_models_and_sims.TimeBuildDFN.time_setup_DFN": {"result": [0.720897995499854], "stats": [{"ci_99": [0.7034673630005273, 0.7336114880008608], "q_25": 0.7160907972504447, "q_75": 0.7301676797499113, "min": 0.7034673630005273, "max": 0.7336114880008608, "mean": 0.7212161833002029, "std": 0.009489471156096082, "repeat": 10, "number": 1}]}, "time_setup_models_and_sims.TimeBuildDFNSimulation.time_setup_DFN_simulation": {"result": [0.0649827044999256, 0.13210069050046513], "stats": [{"ci_99": [0.061494876999859116, 0.0710589689997505], "q_25": 0.06415450149984281, "q_75": 0.06681411049953567, "min": 0.061494876999859116, "max": 0.0710589689997505, "mean": 0.06545820629980881, "std": 0.00247759641335809, "repeat": 10, "number": 1}, {"ci_99": [0.12914560100034578, 0.13341433400000824], "q_25": 0.13101274924952122, "q_75": 0.13280688849977196, "min": 0.12914560100034578, "max": 0.13341433400000824, "mean": 0.13179247850002868, "std": 0.0012827494745326564, "repeat": 10, "number": 1}], "params": [["False", "True"]]}, "time_setup_models_and_sims.TimeBuildSPM.time_setup_SPM": {"result": [0.5130363235002733], "stats": [{"ci_99": [0.5023153870006354, 0.5226607819995479], "q_25": 0.5082761070000288, "q_75": 0.5182293450004636, "min": 0.5023153870006354, "max": 0.5226607819995479, "mean": 0.5130612581002424, "std": 0.006642462436482951, "repeat": 10, "number": 1}]}, "time_setup_models_and_sims.TimeBuildSPMSimulation.time_setup_SPM_simulation": {"result": [0.19490243249993, 0.37035825849989124], "stats": [{"ci_99": [0.18930791300044802, 0.1995805950000431], "q_25": 0.1932615309999619, "q_75": 0.19603297850017043, "min": 0.18930791300044802, "max": 0.1995805950000431, "mean": 0.19459912989996156, "std": 0.003013132081156822, "repeat": 10, "number": 1}, {"ci_99": [0.36570681700050045, 0.3741543920004915], "q_25": 0.3670861299997341, "q_75": 0.37104994075048126, "min": 0.36570681700050045, "max": 0.3741543920004915, "mean": 0.3696221728002456, "std": 0.0027244212088543946, "repeat": 10, "number": 1}], "params": [["False", "True"]]}, "time_setup_models_and_sims.TimeBuildSPMe.time_setup_SPMe": {"result": [0.5909689074992457], "stats": [{"ci_99": [0.5872611269996924, 0.6087043970001105], "q_25": 0.5894480225003917, "q_75": 0.5950730427503004, "min": 0.5872611269996924, "max": 0.6087043970001105, "mean": 0.5941579478999302, "std": 0.007288995372666731, "repeat": 10, "number": 1}]}, "time_setup_models_and_sims.TimeBuildSPMeSimulation.time_setup_SPMe_simulation": {"result": [0.08048962049997499, 0.16158841550031866], "stats": [{"ci_99": [0.0779906010002378, 0.08315776200015534], "q_25": 0.07919057524986783, "q_75": 0.08166682000023684, "min": 0.0779906010002378, "max": 0.08315776200015534, "mean": 0.08054987100003927, "std": 0.0016119075274669875, "repeat": 10, "number": 1}, {"ci_99": [0.15960176899989165, 0.16861504099961167], "q_25": 0.1610026155003652, "q_75": 0.1618539527496523, "min": 0.15960176899989165, "max": 0.16861504099961167, "mean": 0.16250610260003667, "std": 0.002968883248295276, "repeat": 10, "number": 1}], "params": [["False", "True"]]}, "time_solve_models.TimeSolveDFN.time_solve_model": {"result": [0.8787256784999045, 1.0398453455004528], "stats": [{"ci_99": [0.8467571959999987, 0.8861831990006976], "q_25": 0.856282951000594, "q_75": 0.8816080114997931, "min": 0.8467571959999987, "max": 0.8861831990006976, "mean": 0.8708344077501806, "std": 0.014682534014803728, "repeat": 8, "number": 1}, {"ci_99": [0.9942469220004568, 1.066422644999875], "q_25": 1.0082660952500646, "q_75": 1.0558898922502067, "min": 0.9942469220004568, "max": 1.066422644999875, "mean": 1.0335589029001313, "std": 0.02627297167796547, "repeat": 10, "number": 1}], "params": [["True", "False"]]}, "time_solve_models.TimeSolveSPM.time_solve_model": {"result": [0.04630155749964615, 0.08173287949966834], "stats": [{"ci_99": [0.04348204099915165, 0.049114473999907204], "q_25": 0.044573049250175245, "q_75": 0.0468441309994887, "min": 0.04348204099915165, "max": 0.049114473999907204, "mean": 0.0460615153996514, "std": 0.0018192862079264593, "repeat": 10, "number": 1}, {"ci_99": [0.07518358800007263, 0.08516304499971739], "q_25": 0.0802525529995819, "q_75": 0.08357010875033666, "min": 0.07518358800007263, "max": 0.08516304499971739, "mean": 0.08157886809995034, "std": 0.0027400278488618206, "repeat": 10, "number": 1}], "params": [["True", "False"]]}, "time_solve_models.TimeSolveSPMe.time_solve_model": {"result": [0.0653452940000534, 0.12360119750019294], "stats": [{"ci_99": [0.061661981000725063, 0.06847873400056415], "q_25": 0.06462410049971368, "q_75": 0.06597546074999627, "min": 0.061661981000725063, "max": 0.06847873400056415, "mean": 0.06535563200013712, "std": 0.0019938827129904026, "repeat": 10, "number": 1}, {"ci_99": [0.12066273900018132, 0.1287571709999611], "q_25": 0.1229923037503795, "q_75": 0.1249153647499952, "min": 0.12066273900018132, "max": 0.1287571709999611, "mean": 0.1239187796000806, "std": 0.0021574261338693657, "repeat": 10, "number": 1}], "params": [["True", "False"]]}}, "params": {"machine": "GitHubRunner", "python": "3.8"}, "requirements": {}, "commit_hash": "30a9161be7d85a83c3d4a728c2eb881810bf0aa1", "date": 1604501514000, "env_name": "virtualenv-py3.8", "python": "3.8", "profiles": {}, "started_at": {"time_setup_models_and_sims.TimeBuildDFN.time_setup_DFN": 1613578244501, "time_setup_models_and_sims.TimeBuildDFNSimulation.time_setup_DFN_simulation": 1613578249067, "time_setup_models_and_sims.TimeBuildSPM.time_setup_SPM": 1613578250579, "time_setup_models_and_sims.TimeBuildSPMSimulation.time_setup_SPM_simulation": 1613578253943, "time_setup_models_and_sims.TimeBuildSPMe.time_setup_SPMe": 1613578257812, "time_setup_models_and_sims.TimeBuildSPMeSimulation.time_setup_SPMe_simulation": 1613578261728, "time_solve_models.TimeSolveDFN.time_solve_model": 1613578263500, "time_solve_models.TimeSolveSPM.time_solve_model": 1613578289133, "time_solve_models.TimeSolveSPMe.time_solve_model": 1613578298421}, "ended_at": {"time_setup_models_and_sims.TimeBuildDFN.time_setup_DFN": 1613578249067, "time_setup_models_and_sims.TimeBuildDFNSimulation.time_setup_DFN_simulation": 1613578250578, "time_setup_models_and_sims.TimeBuildSPM.time_setup_SPM": 1613578253943, "time_setup_models_and_sims.TimeBuildSPMSimulation.time_setup_SPM_simulation": 1613578257811, "time_setup_models_and_sims.TimeBuildSPMe.time_setup_SPMe": 1613578261727, "time_setup_models_and_sims.TimeBuildSPMeSimulation.time_setup_SPMe_simulation": 1613578263499, "time_solve_models.TimeSolveDFN.time_solve_model": 1613578289132, "time_solve_models.TimeSolveSPM.time_solve_model": 1613578298420, "time_solve_models.TimeSolveSPMe.time_solve_model": 1613578309314}, "benchmark_version": {"time_setup_models_and_sims.TimeBuildDFN.time_setup_DFN": "5f322e51e6b7e66125ee6949bdf25746005db467e8ffcfdcb3ace170e92bbc3d", "time_setup_models_and_sims.TimeBuildDFNSimulation.time_setup_DFN_simulation": "8de44bc542fa7d4ba28a80f24414a9444b5436673aaebba674918f5f0bfd0ebb", "time_setup_models_and_sims.TimeBuildSPM.time_setup_SPM": "0d0b3f5c67fc2da9a5794c66b70af5a45a09558d1ee95f738745385adb84fbca", "time_setup_models_and_sims.TimeBuildSPMSimulation.time_setup_SPM_simulation": "161220a99418ce4487cc29325cbae897f28d0e44ae07e1dfbfaac2cbc53a4ff9", "time_setup_models_and_sims.TimeBuildSPMe.time_setup_SPMe": "6083f5ff944353395eb4b21c97b02af555fe6528de3cd5283f5e139943945235", "time_setup_models_and_sims.TimeBuildSPMeSimulation.time_setup_SPMe_simulation": "530563cb559427795e3648d9648df9250ae100b7721f69eec356bdda7798c55e", "time_solve_models.TimeSolveDFN.time_solve_model": "914137228e20e5900cec36b0d3865f1faa2f5d479c7d6c2539514791f9ec4430", "time_solve_models.TimeSolveSPM.time_solve_model": "ef1bb5f8d1ddfa59650e20438c4b252d73e5a062714848ce1d6d5269382bc598", "time_solve_models.TimeSolveSPMe.time_solve_model": "20672028872f4620ce85e909bae705d9490de441e926510b2b0e53ff0881d87b"}, "version": 1}