{"results": {"time_setup_models_and_sims.TimeBuildDFN.time_setup_DFN": {"result": [0.7202859965002517], "stats": [{"ci_99": [0.7131316079994576, 0.7770057489997271], "q_25": 0.7188544992498009, "q_75": 0.7252492302500286, "min": 0.7131316079994576, "max": 0.7770057489997271, "mean": 0.7260418975999527, "std": 0.017427587517561984, "repeat": 10, "number": 1}]}, "time_setup_models_and_sims.TimeBuildDFNSimulation.time_setup_DFN_simulation": {"result": [0.06820490049994987, 0.13975092999999106], "stats": [{"ci_99": [0.06681766699966829, 0.07119803400019009], "q_25": 0.06716110550019039, "q_75": 0.06964423375006845, "min": 0.06681766699966829, "max": 0.07119803400019009, "mean": 0.06855899229999522, "std": 0.0015592986996619026, "repeat": 10, "number": 1}, {"ci_99": [0.13733967700045469, 0.14124726299996837], "q_25": 0.13755767025031673, "q_75": 0.14078119200007677, "min": 0.13733967700045469, "max": 0.14124726299996837, "mean": 0.1392977061000238, "std": 0.0015421967496774267, "repeat": 10, "number": 1}], "params": [["False", "True"]]}, "time_setup_models_and_sims.TimeBuildSPM.time_setup_SPM": {"result": [0.5185618030000114], "stats": [{"ci_99": [0.5027172560003237, 0.5280438790000517], "q_25": 0.5095745777499587, "q_75": 0.5223139112498529, "min": 0.5027172560003237, "max": 0.5280438790000517, "mean": 0.5163097391000064, "std": 0.007867443633395282, "repeat": 10, "number": 1}]}, "time_setup_models_and_sims.TimeBuildSPMSimulation.time_setup_SPM_simulation": {"result": [0.19878532400025506, 0.3778404454999418], "stats": [{"ci_99": [0.19234719800078892, 0.201881308999873], "q_25": 0.19617459674975635, "q_75": 0.2010841190001429, "min": 0.19234719800078892, "max": 0.201881308999873, "mean": 0.19813016430016434, "std": 0.00332291153552604, "repeat": 10, "number": 1}, {"ci_99": [0.3684585020000668, 0.38404170300009355], "q_25": 0.37357991625003706, "q_75": 0.3797454582498858, "min": 0.3684585020000668, "max": 0.38404170300009355, "mean": 0.37681016140008977, "std": 0.005218706974515623, "repeat": 10, "number": 1}], "params": [["False", "True"]]}, "time_setup_models_and_sims.TimeBuildSPMe.time_setup_SPMe": {"result": [0.6022361734999322], "stats": [{"ci_99": [0.5937766630004262, 0.616384023000137], "q_25": 0.5962801594994289, "q_75": 0.6063267732498616, "min": 0.5937766630004262, "max": 0.616384023000137, "mean": 0.6021773714999654, "std": 0.006788395458975089, "repeat": 10, "number": 1}]}, "time_setup_models_and_sims.TimeBuildSPMeSimulation.time_setup_SPMe_simulation": {"result": [0.08347801000013533, 0.16765980250011125], "stats": [{"ci_99": [0.08106132100056129, 0.08550483499993788], "q_25": 0.08289474100001826, "q_75": 0.08444115575025535, "min": 0.08106132100056129, "max": 0.08550483499993788, "mean": 0.08357483050008341, "std": 0.001365174367605564, "repeat": 10, "number": 1}, {"ci_99": [0.16315204999955313, 0.1763467339997078], "q_25": 0.1645954480002274, "q_75": 0.16861853249997694, "min": 0.16315204999955313, "max": 0.1763467339997078, "mean": 0.1674688131000039, "std": 0.003614435137909782, "repeat": 10, "number": 1}], "params": [["False", "True"]]}, "time_solve_models.TimeSolveDFN.time_solve_model": {"result": [0.8750883135003278, 1.0532695709998734], "stats": [{"ci_99": [0.8548333789995013, 0.8966011359998447], "q_25": 0.8694432312502158, "q_75": 0.8834263849998933, "min": 0.8548333789995013, "max": 0.8966011359998447, "mean": 0.8758561368749724, "std": 0.012440580203046754, "repeat": 8, "number": 1}, {"ci_99": [1.025294310999925, 1.08640885099976], "q_25": 1.0358655454999735, "q_75": 1.07196180200026, "min": 1.025294310999925, "max": 1.08640885099976, "mean": 1.0544017414000337, "std": 0.021007583991666235, "repeat": 10, "number": 1}], "params": [["True", "False"]]}, "time_solve_models.TimeSolveSPM.time_solve_model": {"result": [0.04763326000011148, 0.08383479949998218], "stats": [{"ci_99": [0.04671464799957903, 0.049996286000350665], "q_25": 0.047456231999603915, "q_75": 0.048202407499729816, "min": 0.04671464799957903, "max": 0.049996286000350665, "mean": 0.04793821599996591, "std": 0.0008738365052791075, "repeat": 10, "number": 1}, {"ci_99": [0.08109764700020605, 0.0972237669993774], "q_25": 0.08272259299951656, "q_75": 0.08505908525012273, "min": 0.08109764700020605, "max": 0.0972237669993774, "mean": 0.08494115229996169, "std": 0.004291528008148326, "repeat": 10, "number": 1}], "params": [["True", "False"]]}, "time_solve_models.TimeSolveSPMe.time_solve_model": {"result": [0.06611217250019763, 0.1231143885001984], "stats": [{"ci_99": [0.06342519400004676, 0.0671012780003366], "q_25": 0.06440959975020633, "q_75": 0.06633768649930971, "min": 0.06342519400004676, "max": 0.0671012780003366, "mean": 0.0655092591000539, "std": 0.001181881291584894, "repeat": 10, "number": 1}, {"ci_99": [0.1204602910001995, 0.12778918799995154], "q_25": 0.12191588725045222, "q_75": 0.12398861300039243, "min": 0.1204602910001995, "max": 0.12778918799995154, "mean": 0.12311134110022977, "std": 0.0019954975819847136, "repeat": 10, "number": 1}], "params": [["True", "False"]]}}, "params": {"machine": "GitHubRunner", "python": "3.8"}, "requirements": {}, "commit_hash": "30b0692834a2adc726ac8443913279a323158a3b", "date": 1605803610000, "env_name": "virtualenv-py3.8", "python": "3.8", "profiles": {}, "started_at": {"time_setup_models_and_sims.TimeBuildDFN.time_setup_DFN": 1613577696530, "time_setup_models_and_sims.TimeBuildDFNSimulation.time_setup_DFN_simulation": 1613577701098, "time_setup_models_and_sims.TimeBuildSPM.time_setup_SPM": 1613577702661, "time_setup_models_and_sims.TimeBuildSPMSimulation.time_setup_SPM_simulation": 1613577706024, "time_setup_models_and_sims.TimeBuildSPMe.time_setup_SPMe": 1613577709893, "time_setup_models_and_sims.TimeBuildSPMeSimulation.time_setup_SPMe_simulation": 1613577713759, "time_solve_models.TimeSolveDFN.time_solve_model": 1613577715623, "time_solve_models.TimeSolveSPM.time_solve_model": 1613577741414, "time_solve_models.TimeSolveSPMe.time_solve_model": 1613577750900}, "ended_at": {"time_setup_models_and_sims.TimeBuildDFN.time_setup_DFN": 1613577701098, "time_setup_models_and_sims.TimeBuildDFNSimulation.time_setup_DFN_simulation": 1613577702660, "time_setup_models_and_sims.TimeBuildSPM.time_setup_SPM": 1613577706024, "time_setup_models_and_sims.TimeBuildSPMSimulation.time_setup_SPM_simulation": 1613577709892, "time_setup_models_and_sims.TimeBuildSPMe.time_setup_SPMe": 1613577713759, "time_setup_models_and_sims.TimeBuildSPMeSimulation.time_setup_SPMe_simulation": 1613577715622, "time_solve_models.TimeSolveDFN.time_solve_model": 1613577741413, "time_solve_models.TimeSolveSPM.time_solve_model": 1613577750900, "time_solve_models.TimeSolveSPMe.time_solve_model": 1613577762091}, "benchmark_version": {"time_setup_models_and_sims.TimeBuildDFN.time_setup_DFN": "5f322e51e6b7e66125ee6949bdf25746005db467e8ffcfdcb3ace170e92bbc3d", "time_setup_models_and_sims.TimeBuildDFNSimulation.time_setup_DFN_simulation": "8de44bc542fa7d4ba28a80f24414a9444b5436673aaebba674918f5f0bfd0ebb", "time_setup_models_and_sims.TimeBuildSPM.time_setup_SPM": "0d0b3f5c67fc2da9a5794c66b70af5a45a09558d1ee95f738745385adb84fbca", "time_setup_models_and_sims.TimeBuildSPMSimulation.time_setup_SPM_simulation": "161220a99418ce4487cc29325cbae897f28d0e44ae07e1dfbfaac2cbc53a4ff9", "time_setup_models_and_sims.TimeBuildSPMe.time_setup_SPMe": "6083f5ff944353395eb4b21c97b02af555fe6528de3cd5283f5e139943945235", "time_setup_models_and_sims.TimeBuildSPMeSimulation.time_setup_SPMe_simulation": "530563cb559427795e3648d9648df9250ae100b7721f69eec356bdda7798c55e", "time_solve_models.TimeSolveDFN.time_solve_model": "914137228e20e5900cec36b0d3865f1faa2f5d479c7d6c2539514791f9ec4430", "time_solve_models.TimeSolveSPM.time_solve_model": "ef1bb5f8d1ddfa59650e20438c4b252d73e5a062714848ce1d6d5269382bc598", "time_solve_models.TimeSolveSPMe.time_solve_model": "20672028872f4620ce85e909bae705d9490de441e926510b2b0e53ff0881d87b"}, "version": 1}