{"results": {"time_setup_models_and_sims.TimeBuildDFN.time_setup_DFN": {"result": [0.7246626470000592], "stats": [{"ci_99": [0.7120918079999683, 0.7355532819992732], "q_25": 0.7163617327498741, "q_75": 0.7308953137496701, "min": 0.7120918079999683, "max": 0.7355532819992732, "mean": 0.7239651754997795, "std": 0.008516634138040338, "repeat": 10, "number": 1}]}, "time_setup_models_and_sims.TimeBuildDFNSimulation.time_setup_DFN_simulation": {"result": [0.06661609299999327, 0.13130522199980987], "stats": [{"ci_99": [0.06301917299970228, 0.0688859030005915], "q_25": 0.06573981850010568, "q_75": 0.06803352249971795, "min": 0.06301917299970228, "max": 0.0688859030005915, "mean": 0.06642816180001318, "std": 0.0019329515960606945, "repeat": 10, "number": 1}, {"ci_99": [0.12540974100011226, 0.13983952099988528], "q_25": 0.1257382932501514, "q_75": 0.1353103885001019, "min": 0.12540974100011226, "max": 0.13983952099988528, "mean": 0.1312752914000157, "std": 0.005235137317451015, "repeat": 10, "number": 1}], "params": [["False", "True"]]}, "time_setup_models_and_sims.TimeBuildSPM.time_setup_SPM": {"result": [0.5099776710003425], "stats": [{"ci_99": [0.4875393520005673, 0.5276666499994462], "q_25": 0.4974854524998591, "q_75": 0.5208179764999841, "min": 0.4875393520005673, "max": 0.5276666499994462, "mean": 0.5092447046001325, "std": 0.013297247609682162, "repeat": 10, "number": 1}]}, "time_setup_models_and_sims.TimeBuildSPMSimulation.time_setup_SPM_simulation": {"result": [0.19268307350012037, 0.3672860610004136], "stats": [{"ci_99": [0.17857133699999395, 0.19936235400018631], "q_25": 0.18276279350016011, "q_75": 0.19742886350036315, "min": 0.17857133699999395, "max": 0.19936235400018631, "mean": 0.1904607565000333, "std": 0.007902855320184619, "repeat": 10, "number": 1}, {"ci_99": [0.3445881779998672, 0.38909323400002904], "q_25": 0.35390052274965456, "q_75": 0.37657676800017725, "min": 0.3445881779998672, "max": 0.38909323400002904, "mean": 0.36657546480000747, "std": 0.014075723273438843, "repeat": 10, "number": 1}], "params": [["False", "True"]]}, "time_setup_models_and_sims.TimeBuildSPMe.time_setup_SPMe": {"result": [0.5996982685001058], "stats": [{"ci_99": [0.5830751540006531, 0.6229677310002444], "q_25": 0.5855716242499511, "q_75": 0.6132206834995486, "min": 0.5830751540006531, "max": 0.6229677310002444, "mean": 0.6003711042999385, "std": 0.01441662671449137, "repeat": 10, "number": 1}]}, "time_setup_models_and_sims.TimeBuildSPMeSimulation.time_setup_SPMe_simulation": {"result": [0.08235635649998585, 0.16179244100021606], "stats": [{"ci_99": [0.07847138499982975, 0.09400908299994626], "q_25": 0.0819293362501412, "q_75": 0.0857975232499939, "min": 0.07847138499982975, "max": 0.09400908299994626, "mean": 0.08449048180000318, "std": 0.004657114747164903, "repeat": 10, "number": 1}, {"ci_99": [0.15673576900007902, 0.1723677520003548], "q_25": 0.1604415222498119, "q_75": 0.16397096650030107, "min": 0.15673576900007902, "max": 0.1723677520003548, "mean": 0.16246977589999007, "std": 0.004005935635529579, "repeat": 10, "number": 1}], "params": [["False", "True"]]}, "time_solve_models.TimeSolveDFN.time_solve_model": {"result": [0.888688608999928, 1.0675380420002512], "stats": [{"ci_99": [0.8694721709998703, 0.9395824880002692], "q_25": 0.8760842317499282, "q_75": 0.8965960962502777, "min": 0.8694721709998703, "max": 0.9395824880002692, "mean": 0.8924003796250872, "std": 0.02120425882836424, "repeat": 8, "number": 1}, {"ci_99": [0.9994530939993638, 1.1224984720001885], "q_25": 1.0247814937497424, "q_75": 1.0901605540000219, "min": 0.9994530939993638, "max": 1.1224984720001885, "mean": 1.0613624218997757, "std": 0.04277004536955289, "repeat": 10, "number": 1}], "params": [["True", "False"]]}, "time_solve_models.TimeSolveSPM.time_solve_model": {"result": [0.04768619700007548, 0.08405151050010318], "stats": [{"ci_99": [0.04382732300018688, 0.05044696200002363], "q_25": 0.04517163249988698, "q_75": 0.04865704949997962, "min": 0.04382732300018688, "max": 0.05044696200002363, "mean": 0.04710470239997448, "std": 0.0021383637933219267, "repeat": 10, "number": 1}, {"ci_99": [0.07857757800047693, 0.09751229799985595], "q_25": 0.08158507524990455, "q_75": 0.08675594700002875, "min": 0.07857757800047693, "max": 0.09751229799985595, "mean": 0.08496523670000897, "std": 0.005053311825377974, "repeat": 10, "number": 1}], "params": [["True", "False"]]}, "time_solve_models.TimeSolveSPMe.time_solve_model": {"result": [0.06673698350004997, 0.12608991150000293], "stats": [{"ci_99": [0.06558198199945764, 0.0706393050004408], "q_25": 0.06616232649957965, "q_75": 0.06689028100026917, "min": 0.06558198199945764, "max": 0.0706393050004408, "mean": 0.06686574449995533, "std": 0.0013512520755257706, "repeat": 10, "number": 1}, {"ci_99": [0.12122358799933863, 0.13225334500020836], "q_25": 0.12449718700008816, "q_75": 0.12856706750039848, "min": 0.12122358799933863, "max": 0.13225334500020836, "mean": 0.1264506043000438, "std": 0.003021809902118506, "repeat": 10, "number": 1}], "params": [["True", "False"]]}}, "params": {"machine": "GitHubRunner", "python": "3.8"}, "requirements": {}, "commit_hash": "33e22789da09bf1415c92c8424a70c7ef9db1bb7", "date": 1604452343000, "env_name": "virtualenv-py3.8", "python": "3.8", "profiles": {}, "started_at": {"time_setup_models_and_sims.TimeBuildDFN.time_setup_DFN": 1613578378621, "time_setup_models_and_sims.TimeBuildDFNSimulation.time_setup_DFN_simulation": 1613578383291, "time_setup_models_and_sims.TimeBuildSPM.time_setup_SPM": 1613578384854, "time_setup_models_and_sims.TimeBuildSPMSimulation.time_setup_SPM_simulation": 1613578388268, "time_setup_models_and_sims.TimeBuildSPMe.time_setup_SPMe": 1613578392240, "time_setup_models_and_sims.TimeBuildSPMeSimulation.time_setup_SPMe_simulation": 1613578396257, "time_solve_models.TimeSolveDFN.time_solve_model": 1613578398173, "time_solve_models.TimeSolveSPM.time_solve_model": 1613578424467, "time_solve_models.TimeSolveSPMe.time_solve_model": 1613578434113}, "ended_at": {"time_setup_models_and_sims.TimeBuildDFN.time_setup_DFN": 1613578383291, "time_setup_models_and_sims.TimeBuildDFNSimulation.time_setup_DFN_simulation": 1613578384854, "time_setup_models_and_sims.TimeBuildSPM.time_setup_SPM": 1613578388268, "time_setup_models_and_sims.TimeBuildSPMSimulation.time_setup_SPM_simulation": 1613578392240, "time_setup_models_and_sims.TimeBuildSPMe.time_setup_SPMe": 1613578396257, "time_setup_models_and_sims.TimeBuildSPMeSimulation.time_setup_SPMe_simulation": 1613578398172, "time_solve_models.TimeSolveDFN.time_solve_model": 1613578424466, "time_solve_models.TimeSolveSPM.time_solve_model": 1613578434112, "time_solve_models.TimeSolveSPMe.time_solve_model": 1613578445561}, "benchmark_version": {"time_setup_models_and_sims.TimeBuildDFN.time_setup_DFN": "5f322e51e6b7e66125ee6949bdf25746005db467e8ffcfdcb3ace170e92bbc3d", "time_setup_models_and_sims.TimeBuildDFNSimulation.time_setup_DFN_simulation": "8de44bc542fa7d4ba28a80f24414a9444b5436673aaebba674918f5f0bfd0ebb", "time_setup_models_and_sims.TimeBuildSPM.time_setup_SPM": "0d0b3f5c67fc2da9a5794c66b70af5a45a09558d1ee95f738745385adb84fbca", "time_setup_models_and_sims.TimeBuildSPMSimulation.time_setup_SPM_simulation": "161220a99418ce4487cc29325cbae897f28d0e44ae07e1dfbfaac2cbc53a4ff9", "time_setup_models_and_sims.TimeBuildSPMe.time_setup_SPMe": "6083f5ff944353395eb4b21c97b02af555fe6528de3cd5283f5e139943945235", "time_setup_models_and_sims.TimeBuildSPMeSimulation.time_setup_SPMe_simulation": "530563cb559427795e3648d9648df9250ae100b7721f69eec356bdda7798c55e", "time_solve_models.TimeSolveDFN.time_solve_model": "914137228e20e5900cec36b0d3865f1faa2f5d479c7d6c2539514791f9ec4430", "time_solve_models.TimeSolveSPM.time_solve_model": "ef1bb5f8d1ddfa59650e20438c4b252d73e5a062714848ce1d6d5269382bc598", "time_solve_models.TimeSolveSPMe.time_solve_model": "20672028872f4620ce85e909bae705d9490de441e926510b2b0e53ff0881d87b"}, "version": 1}