{"results": {"time_setup_models_and_sims.TimeBuildDFN.time_setup_DFN": {"result": [0.7138513479994799], "stats": [{"ci_99": [0.7069093560003239, 0.7186206280002807], "q_25": 0.7106464779994894, "q_75": 0.7167500150007982, "min": 0.7069093560003239, "max": 0.7186206280002807, "mean": 0.7134168254000542, "std": 0.004132802293738156, "repeat": 10, "number": 1}]}, "time_setup_models_and_sims.TimeBuildDFNSimulation.time_setup_DFN_simulation": {"result": [0.08089053700041404, 0.15808485149955231], "stats": [{"ci_99": [0.07799786999930802, 0.08698182400075893], "q_25": 0.07979470575082814, "q_75": 0.08205539450045762, "min": 0.07799786999930802, "max": 0.08698182400075893, "mean": 0.08134727000033308, "std": 0.0023913414946486722, "repeat": 10, "number": 1}, {"ci_99": [0.15635534099965298, 0.16223917700153834], "q_25": 0.15750604875074714, "q_75": 0.15905248300032326, "min": 0.15635534099965298, "max": 0.16223917700153834, "mean": 0.15838850370018917, "std": 0.0015814246015135906, "repeat": 10, "number": 1}], "params": [["False", "True"]]}, "time_setup_models_and_sims.TimeBuildSPM.time_setup_SPM": {"result": [0.5193223770002078], "stats": [{"ci_99": [0.5134489909996773, 0.526714670999354], "q_25": 0.5156007792502351, "q_75": 0.5222531447507208, "min": 0.5134489909996773, "max": 0.526714670999354, "mean": 0.5191364657001032, "std": 0.0040293775689589535, "repeat": 10, "number": 1}]}, "time_setup_models_and_sims.TimeBuildSPMSimulation.time_setup_SPM_simulation": {"result": [0.20945521100020414, 0.3977687449996665], "stats": [{"ci_99": [0.2081609529996058, 0.21251258000120288], "q_25": 0.20889088275043832, "q_75": 0.2107238935004716, "min": 0.2081609529996058, "max": 0.21251258000120288, "mean": 0.20983721340016928, "std": 0.0012617735399335045, "repeat": 10, "number": 1}, {"ci_99": [0.39631058600025426, 0.402636024999083], "q_25": 0.39714386575042226, "q_75": 0.39971700725027404, "min": 0.39631058600025426, "max": 0.402636024999083, "mean": 0.39861420019969956, "std": 0.0019732517772045335, "repeat": 10, "number": 1}], "params": [["False", "True"]]}, "time_setup_models_and_sims.TimeBuildSPMe.time_setup_SPMe": {"result": [0.626427872000022], "stats": [{"ci_99": [0.6193508300002577, 0.631768003999241], "q_25": 0.6242078572495302, "q_75": 0.629071637999914, "min": 0.6193508300002577, "max": 0.631768003999241, "mean": 0.626157780199901, "std": 0.0036362219913237868, "repeat": 10, "number": 1}]}, "time_setup_models_and_sims.TimeBuildSPMeSimulation.time_setup_SPMe_simulation": {"result": [0.10283111899934738, 0.2003646064995337], "stats": [{"ci_99": [0.1007245070013596, 0.10717794499942102], "q_25": 0.10243346624974947, "q_75": 0.10377882500051783, "min": 0.1007245070013596, "max": 0.10717794499942102, "mean": 0.10322047129993735, "std": 0.001607348104721105, "repeat": 10, "number": 1}, {"ci_99": [0.19733008799994423, 0.20858835600120074], "q_25": 0.19911852400082353, "q_75": 0.20213369274961224, "min": 0.19733008799994423, "max": 0.20858835600120074, "mean": 0.20107631089995265, "std": 0.0030375407662504685, "repeat": 10, "number": 1}], "params": [["False", "True"]]}, "time_solve_models.TimeSolveDFN.time_solve_model": {"result": [1.1696596440006033, 1.3248240769989934], "stats": [{"ci_99": [1.1364160134571994, 1.2017585328767035], "q_25": 1.154952379000406, "q_75": 1.185414212750402, "min": 1.1395122630001424, "max": 1.194976394999685, "mean": 1.1690872731669515, "std": 0.019696212143461646, "repeat": 6, "number": 1}, {"ci_99": [1.2200985479994415, 1.3375515549996635], "q_25": 1.3183963399987988, "q_75": 1.3274784929999441, "min": 1.2200985479994415, "max": 1.3375515549996635, "mean": 1.3134291205553583, "std": 0.03386569594129526, "repeat": 9, "number": 1}], "params": [["True", "False"]]}, "time_solve_models.TimeSolveSPM.time_solve_model": {"result": [0.05510323199996492, 0.09210530500058667], "stats": [{"ci_99": [0.0534379219989205, 0.06569269499959773], "q_25": 0.05446857749939227, "q_75": 0.0557231852503719, "min": 0.0534379219989205, "max": 0.06569269499959773, "mean": 0.05678974170004949, "std": 0.0041389435932761, "repeat": 10, "number": 1}, {"ci_99": [0.08656852099920798, 0.10717574500085902], "q_25": 0.09076559725008337, "q_75": 0.09645873025056062, "min": 0.08656852099920798, "max": 0.10717574500085902, "mean": 0.09388333530023374, "std": 0.005393437200318056, "repeat": 10, "number": 1}], "params": [["True", "False"]]}, "time_solve_models.TimeSolveSPMe.time_solve_model": {"result": [0.08929258799889794, 0.14936799950010027], "stats": [{"ci_99": [0.08743572700041113, 0.09204835399941658], "q_25": 0.08833120725012122, "q_75": 0.0900417922498491, "min": 0.08743572700041113, "max": 0.09204835399941658, "mean": 0.08940055859984568, "std": 0.0014403502746102134, "repeat": 10, "number": 1}, {"ci_99": [0.14307226199889556, 0.15317342299931624], "q_25": 0.14654378224940956, "q_75": 0.14955992600016543, "min": 0.14307226199889556, "max": 0.15317342299931624, "mean": 0.14843596399950912, "std": 0.0027131686524791807, "repeat": 10, "number": 1}], "params": [["True", "False"]]}}, "params": {"machine": "GitHubRunner", "python": "3.8"}, "requirements": {}, "commit_hash": "3701026b0ee99a030df1e8ef009d2e895ba02daf", "date": 1591029231000, "env_name": "virtualenv-py3.8", "python": "3.8", "profiles": {}, "started_at": {"time_setup_models_and_sims.TimeBuildDFN.time_setup_DFN": 1613583579969, "time_setup_models_and_sims.TimeBuildDFNSimulation.time_setup_DFN_simulation": 1613583584539, "time_setup_models_and_sims.TimeBuildSPM.time_setup_SPM": 1613583586303, "time_setup_models_and_sims.TimeBuildSPMSimulation.time_setup_SPM_simulation": 1613583589717, "time_setup_models_and_sims.TimeBuildSPMe.time_setup_SPMe": 1613583593838, "time_setup_models_and_sims.TimeBuildSPMeSimulation.time_setup_SPMe_simulation": 1613583597905, "time_solve_models.TimeSolveDFN.time_solve_model": 1613583600020, "time_solve_models.TimeSolveSPM.time_solve_model": 1613583626468, "time_solve_models.TimeSolveSPMe.time_solve_model": 1613583636106}, "ended_at": {"time_setup_models_and_sims.TimeBuildDFN.time_setup_DFN": 1613583584538, "time_setup_models_and_sims.TimeBuildDFNSimulation.time_setup_DFN_simulation": 1613583586302, "time_setup_models_and_sims.TimeBuildSPM.time_setup_SPM": 1613583589717, "time_setup_models_and_sims.TimeBuildSPMSimulation.time_setup_SPM_simulation": 1613583593837, "time_setup_models_and_sims.TimeBuildSPMe.time_setup_SPMe": 1613583597905, "time_setup_models_and_sims.TimeBuildSPMeSimulation.time_setup_SPMe_simulation": 1613583600019, "time_solve_models.TimeSolveDFN.time_solve_model": 1613583626467, "time_solve_models.TimeSolveSPM.time_solve_model": 1613583636106, "time_solve_models.TimeSolveSPMe.time_solve_model": 1613583648003}, "benchmark_version": {"time_setup_models_and_sims.TimeBuildDFN.time_setup_DFN": "5f322e51e6b7e66125ee6949bdf25746005db467e8ffcfdcb3ace170e92bbc3d", "time_setup_models_and_sims.TimeBuildDFNSimulation.time_setup_DFN_simulation": "8de44bc542fa7d4ba28a80f24414a9444b5436673aaebba674918f5f0bfd0ebb", "time_setup_models_and_sims.TimeBuildSPM.time_setup_SPM": "0d0b3f5c67fc2da9a5794c66b70af5a45a09558d1ee95f738745385adb84fbca", "time_setup_models_and_sims.TimeBuildSPMSimulation.time_setup_SPM_simulation": "161220a99418ce4487cc29325cbae897f28d0e44ae07e1dfbfaac2cbc53a4ff9", "time_setup_models_and_sims.TimeBuildSPMe.time_setup_SPMe": "6083f5ff944353395eb4b21c97b02af555fe6528de3cd5283f5e139943945235", "time_setup_models_and_sims.TimeBuildSPMeSimulation.time_setup_SPMe_simulation": "530563cb559427795e3648d9648df9250ae100b7721f69eec356bdda7798c55e", "time_solve_models.TimeSolveDFN.time_solve_model": "914137228e20e5900cec36b0d3865f1faa2f5d479c7d6c2539514791f9ec4430", "time_solve_models.TimeSolveSPM.time_solve_model": "ef1bb5f8d1ddfa59650e20438c4b252d73e5a062714848ce1d6d5269382bc598", "time_solve_models.TimeSolveSPMe.time_solve_model": "20672028872f4620ce85e909bae705d9490de441e926510b2b0e53ff0881d87b"}, "version": 1}