{"results": {"time_setup_models_and_sims.TimeBuildDFN.time_setup_DFN": {"result": [0.9061868999997387], "stats": [{"ci_99": [0.8535224979996201, 0.9339717439997912], "q_25": 0.8742017274994396, "q_75": 0.9253611894998812, "min": 0.8535224979996201, "max": 0.9339717439997912, "mean": 0.9000211705997572, "std": 0.02818341601134679, "repeat": 10, "number": 1}]}, "time_setup_models_and_sims.TimeBuildDFNSimulation.time_setup_DFN_simulation": {"result": [0.22002549550052208, 0.427302509999663], "stats": [{"ci_99": [0.20698560799974075, 0.226850242999717], "q_25": 0.2145031067502714, "q_75": 0.22283764324947697, "min": 0.20698560799974075, "max": 0.226850242999717, "mean": 0.2184667458000149, "std": 0.006297179325133392, "repeat": 10, "number": 1}, {"ci_99": [0.3931876850001572, 0.44939595899995766], "q_25": 0.40729209999972227, "q_75": 0.4446998032499323, "min": 0.3931876850001572, "max": 0.44939595899995766, "mean": 0.4252760170998954, "std": 0.020283951107431353, "repeat": 10, "number": 1}], "params": [["False", "True"]]}, "time_setup_models_and_sims.TimeBuildSPM.time_setup_SPM": {"result": [0.6182722704998014], "stats": [{"ci_99": [0.580397367999467, 0.6392595659999643], "q_25": 0.5978016030003346, "q_75": 0.6338983559999178, "min": 0.580397367999467, "max": 0.6392595659999643, "mean": 0.6150316796999504, "std": 0.020002027670628957, "repeat": 10, "number": 1}]}, "time_setup_models_and_sims.TimeBuildSPMSimulation.time_setup_SPM_simulation": {"result": [0.29424176500015164, 0.5692115570004717], "stats": [{"ci_99": [0.27712795099978393, 0.30679335100012395], "q_25": 0.2869968890001928, "q_75": 0.30136561600056666, "min": 0.27712795099978393, "max": 0.30679335100012395, "mean": 0.2932371689002139, "std": 0.009756583183122971, "repeat": 10, "number": 1}, {"ci_99": [0.5380055989999164, 0.5900878510001348], "q_25": 0.5523903392497687, "q_75": 0.5846521172504708, "min": 0.5380055989999164, "max": 0.5900878510001348, "mean": 0.5674977967000814, "std": 0.018353933273550987, "repeat": 10, "number": 1}], "params": [["False", "True"]]}, "time_setup_models_and_sims.TimeBuildSPMe.time_setup_SPMe": {"result": [0.7727814954996575], "stats": [{"ci_99": [0.7235885700001745, 0.8123901630006003], "q_25": 0.730568088750033, "q_75": 0.7982903720001104, "min": 0.7235885700001745, "max": 0.8123901630006003, "mean": 0.7674297921000288, "std": 0.03511938806105484, "repeat": 10, "number": 1}]}, "time_setup_models_and_sims.TimeBuildSPMeSimulation.time_setup_SPMe_simulation": {"result": [0.23939431600001626, 0.47852022999995825], "stats": [{"ci_99": [0.22564982499989128, 0.24803887600046437], "q_25": 0.23099495875021603, "q_75": 0.2418603614996755, "min": 0.22564982499989128, "max": 0.24803887600046437, "mean": 0.23707328160007818, "std": 0.007358611540918343, "repeat": 10, "number": 1}, {"ci_99": [0.4499592409993056, 0.4988674690002881], "q_25": 0.46950638900011654, "q_75": 0.4811148055000558, "min": 0.4499592409993056, "max": 0.4988674690002881, "mean": 0.47478771669993874, "std": 0.012881116648747092, "repeat": 10, "number": 1}], "params": [["False", "True"]]}, "time_solve_models.TimeSolveDFN.time_solve_model": {"result": [1.1989232360001552, 1.393330307999804], "stats": [{"ci_99": [1.1023759560002873, 1.2445858635581963], "q_25": 1.147144436499957, "q_75": 1.2112340092503473, "min": 1.1023759560002873, "max": 1.2130989980005324, "mean": 1.1764239771669054, "std": 0.043197013055561194, "repeat": 6, "number": 1}, {"ci_99": [1.3751651149996178, 1.4087359779996405], "q_25": 1.3815919327498705, "q_75": 1.396085476749704, "min": 1.3751651149996178, "max": 1.4087359779996405, "mean": 1.390332675874788, "std": 0.010649972835706591, "repeat": 8, "number": 1}], "params": [["True", "False"]]}, "time_solve_models.TimeSolveSPM.time_solve_model": {"result": [0.05296888449947801, 0.08824325700015834], "stats": [{"ci_99": [0.050694821000433876, 0.05431794299965986], "q_25": 0.05158090175041252, "q_75": 0.05384953949987903, "min": 0.050694821000433876, "max": 0.05431794299965986, "mean": 0.05273896329999843, "std": 0.0012561783566214955, "repeat": 10, "number": 1}, {"ci_99": [0.08206412000072305, 0.09920272500039573], "q_25": 0.08678519950058217, "q_75": 0.08993744150052407, "min": 0.08206412000072305, "max": 0.09920272500039573, "mean": 0.08882742090027022, "std": 0.004440607383857196, "repeat": 10, "number": 1}], "params": [["True", "False"]]}, "time_solve_models.TimeSolveSPMe.time_solve_model": {"result": [0.0859961944997849, 0.1447787629999766], "stats": [{"ci_99": [0.08164881700031401, 0.08905186100037099], "q_25": 0.08463253549984984, "q_75": 0.0867499462503929, "min": 0.08164881700031401, "max": 0.08905186100037099, "mean": 0.0855991405000168, "std": 0.0022893860888282885, "repeat": 10, "number": 1}, {"ci_99": [0.13368234600056894, 0.1500361440002962], "q_25": 0.13566803325056753, "q_75": 0.14698392499985857, "min": 0.13368234600056894, "max": 0.1500361440002962, "mean": 0.14201923590007937, "std": 0.006070838132443287, "repeat": 10, "number": 1}], "params": [["True", "False"]]}}, "params": {"machine": "GitHubRunner", "python": "3.8"}, "requirements": {}, "commit_hash": "377fc45e60c168a61749374fdec0bab63c0b86cb", "date": 1598953014000, "env_name": "virtualenv-py3.8", "python": "3.8", "profiles": {}, "started_at": {"time_setup_models_and_sims.TimeBuildDFN.time_setup_DFN": 1613580839426, "time_setup_models_and_sims.TimeBuildDFNSimulation.time_setup_DFN_simulation": 1613580844948, "time_setup_models_and_sims.TimeBuildSPM.time_setup_SPM": 1613580848917, "time_setup_models_and_sims.TimeBuildSPMSimulation.time_setup_SPM_simulation": 1613580852783, "time_setup_models_and_sims.TimeBuildSPMe.time_setup_SPMe": 1613580858058, "time_setup_models_and_sims.TimeBuildSPMeSimulation.time_setup_SPMe_simulation": 1613580862725, "time_solve_models.TimeSolveDFN.time_solve_model": 1613580867195, "time_solve_models.TimeSolveSPM.time_solve_model": 1613580893743, "time_solve_models.TimeSolveSPMe.time_solve_model": 1613580904785}, "ended_at": {"time_setup_models_and_sims.TimeBuildDFN.time_setup_DFN": 1613580844947, "time_setup_models_and_sims.TimeBuildDFNSimulation.time_setup_DFN_simulation": 1613580848916, "time_setup_models_and_sims.TimeBuildSPM.time_setup_SPM": 1613580852782, "time_setup_models_and_sims.TimeBuildSPMSimulation.time_setup_SPM_simulation": 1613580858057, "time_setup_models_and_sims.TimeBuildSPMe.time_setup_SPMe": 1613580862724, "time_setup_models_and_sims.TimeBuildSPMeSimulation.time_setup_SPMe_simulation": 1613580867195, "time_solve_models.TimeSolveDFN.time_solve_model": 1613580893742, "time_solve_models.TimeSolveSPM.time_solve_model": 1613580904784, "time_solve_models.TimeSolveSPMe.time_solve_model": 1613580918688}, "benchmark_version": {"time_setup_models_and_sims.TimeBuildDFN.time_setup_DFN": "5f322e51e6b7e66125ee6949bdf25746005db467e8ffcfdcb3ace170e92bbc3d", "time_setup_models_and_sims.TimeBuildDFNSimulation.time_setup_DFN_simulation": "8de44bc542fa7d4ba28a80f24414a9444b5436673aaebba674918f5f0bfd0ebb", "time_setup_models_and_sims.TimeBuildSPM.time_setup_SPM": "0d0b3f5c67fc2da9a5794c66b70af5a45a09558d1ee95f738745385adb84fbca", "time_setup_models_and_sims.TimeBuildSPMSimulation.time_setup_SPM_simulation": "161220a99418ce4487cc29325cbae897f28d0e44ae07e1dfbfaac2cbc53a4ff9", "time_setup_models_and_sims.TimeBuildSPMe.time_setup_SPMe": "6083f5ff944353395eb4b21c97b02af555fe6528de3cd5283f5e139943945235", "time_setup_models_and_sims.TimeBuildSPMeSimulation.time_setup_SPMe_simulation": "530563cb559427795e3648d9648df9250ae100b7721f69eec356bdda7798c55e", "time_solve_models.TimeSolveDFN.time_solve_model": "914137228e20e5900cec36b0d3865f1faa2f5d479c7d6c2539514791f9ec4430", "time_solve_models.TimeSolveSPM.time_solve_model": "ef1bb5f8d1ddfa59650e20438c4b252d73e5a062714848ce1d6d5269382bc598", "time_solve_models.TimeSolveSPMe.time_solve_model": "20672028872f4620ce85e909bae705d9490de441e926510b2b0e53ff0881d87b"}, "version": 1}