{"results": {"time_setup_models_and_sims.TimeBuildDFN.time_setup_DFN": {"result": [0.71879263000028], "stats": [{"ci_99": [0.697696403000009, 0.7424900730002264], "q_25": 0.7123825167500399, "q_75": 0.7292543927514998, "min": 0.697696403000009, "max": 0.7424900730002264, "mean": 0.7206244910003079, "std": 0.012667491105345454, "repeat": 10, "number": 1}]}, "time_setup_models_and_sims.TimeBuildDFNSimulation.time_setup_DFN_simulation": {"result": [0.07884512500004348, 0.15717924650016357], "stats": [{"ci_99": [0.07786866900096356, 0.08089188699887018], "q_25": 0.07825262149845003, "q_75": 0.08007453299933331, "min": 0.07786866900096356, "max": 0.08089188699887018, "mean": 0.07914547689979372, "std": 0.0010525598568364002, "repeat": 10, "number": 1}, {"ci_99": [0.15365482600100222, 0.16625320100138197], "q_25": 0.15560021200008123, "q_75": 0.158461954500126, "min": 0.15365482600100222, "max": 0.16625320100138197, "mean": 0.15759657920043538, "std": 0.0032971673245477968, "repeat": 10, "number": 1}], "params": [["False", "True"]]}, "time_setup_models_and_sims.TimeBuildSPM.time_setup_SPM": {"result": [0.5322446559994205], "stats": [{"ci_99": [0.5209860380000464, 0.5457392869993782], "q_25": 0.5266284214990264, "q_75": 0.5338909662500555, "min": 0.5209860380000464, "max": 0.5457392869993782, "mean": 0.5317164826996305, "std": 0.006642194577052038, "repeat": 10, "number": 1}]}, "time_setup_models_and_sims.TimeBuildSPMSimulation.time_setup_SPM_simulation": {"result": [0.20878125800027192, 0.40003420949960855], "stats": [{"ci_99": [0.20661744400058524, 0.21458759300003294], "q_25": 0.20776472625084352, "q_75": 0.2103841419989294, "min": 0.20661744400058524, "max": 0.21458759300003294, "mean": 0.20932878090025042, "std": 0.002183277345151736, "repeat": 10, "number": 1}, {"ci_99": [0.3954787819984631, 0.40486434000013105], "q_25": 0.39713924249963384, "q_75": 0.40126094200059015, "min": 0.3954787819984631, "max": 0.40486434000013105, "mean": 0.39981622839986813, "std": 0.0029632926462289603, "repeat": 10, "number": 1}], "params": [["False", "True"]]}, "time_setup_models_and_sims.TimeBuildSPMe.time_setup_SPMe": {"result": [0.6228964014990197], "stats": [{"ci_99": [0.6134001949994854, 0.6340120189997833], "q_25": 0.6200774352505505, "q_75": 0.6275811307491495, "min": 0.6134001949994854, "max": 0.6340120189997833, "mean": 0.6233934251999017, "std": 0.006185000907081177, "repeat": 10, "number": 1}]}, "time_setup_models_and_sims.TimeBuildSPMeSimulation.time_setup_SPMe_simulation": {"result": [0.10257786800048052, 0.20001355450040137], "stats": [{"ci_99": [0.10049290499955532, 0.10486263199891255], "q_25": 0.1022086657503678, "q_75": 0.10290952000013931, "min": 0.10049290499955532, "max": 0.10486263199891255, "mean": 0.1025939680999727, "std": 0.0010267065257688092, "repeat": 10, "number": 1}, {"ci_99": [0.19882599700031278, 0.20869905799918342], "q_25": 0.1990794994994758, "q_75": 0.20202811674926124, "min": 0.19882599700031278, "max": 0.20869905799918342, "mean": 0.20104653109992796, "std": 0.0028642151906122506, "repeat": 10, "number": 1}], "params": [["False", "True"]]}, "time_solve_models.TimeSolveDFN.time_solve_model": {"result": [1.1409868740001912, 1.2922230845006197], "stats": [{"ci_99": [1.1283273346132663, 1.1558084927193815], "q_25": 1.136395570249988, "q_75": 1.1498044517497874, "min": 1.1305950119985937, "max": 1.1522299419993942, "mean": 1.1420679136663239, "std": 0.008069905286757592, "repeat": 6, "number": 1}, {"ci_99": [1.2649629219995404, 1.3205264560001524], "q_25": 1.2762108137512769, "q_75": 1.3075092024992045, "min": 1.2649629219995404, "max": 1.3205264560001524, "mean": 1.2919088933003877, "std": 0.018812825335528978, "repeat": 10, "number": 1}], "params": [["True", "False"]]}, "time_solve_models.TimeSolveSPM.time_solve_model": {"result": [0.05513658200015925, 0.09116154950061173], "stats": [{"ci_99": [0.05311212000015075, 0.05656474100032938], "q_25": 0.05455635375028578, "q_75": 0.05548318449928047, "min": 0.05311212000015075, "max": 0.05656474100032938, "mean": 0.054989681400002155, "std": 0.001055943569278556, "repeat": 10, "number": 1}, {"ci_99": [0.0885378339989984, 0.10168771200005722], "q_25": 0.09009519224946416, "q_75": 0.09328231224935735, "min": 0.0885378339989984, "max": 0.10168771200005722, "mean": 0.09226737579992914, "std": 0.0036201361555209255, "repeat": 10, "number": 1}], "params": [["True", "False"]]}, "time_solve_models.TimeSolveSPMe.time_solve_model": {"result": [0.08948433949990431, 0.15058210750066792], "stats": [{"ci_99": [0.0869570240010944, 0.09727318600016588], "q_25": 0.08790467949984304, "q_75": 0.09018596874966534, "min": 0.0869570240010944, "max": 0.09727318600016588, "mean": 0.08986948170004325, "std": 0.0028985265254478066, "repeat": 10, "number": 1}, {"ci_99": [0.14553987699946447, 0.17055962800077396], "q_25": 0.14658388349880624, "q_75": 0.15620591674905882, "min": 0.14553987699946447, "max": 0.17055962800077396, "mean": 0.15337823429963465, "std": 0.008280343819921, "repeat": 10, "number": 1}], "params": [["True", "False"]]}}, "params": {"machine": "GitHubRunner", "python": "3.8"}, "requirements": {}, "commit_hash": "40e20456cfb904e4338bd6e37b3cff1ab7aed4db", "date": 1591015320000, "env_name": "virtualenv-py3.8", "python": "3.8", "profiles": {}, "started_at": {"time_setup_models_and_sims.TimeBuildDFN.time_setup_DFN": 1613583720959, "time_setup_models_and_sims.TimeBuildDFNSimulation.time_setup_DFN_simulation": 1613583725479, "time_setup_models_and_sims.TimeBuildSPM.time_setup_SPM": 1613583727192, "time_setup_models_and_sims.TimeBuildSPMSimulation.time_setup_SPM_simulation": 1613583730658, "time_setup_models_and_sims.TimeBuildSPMe.time_setup_SPMe": 1613583734781, "time_setup_models_and_sims.TimeBuildSPMeSimulation.time_setup_SPMe_simulation": 1613583738797, "time_solve_models.TimeSolveDFN.time_solve_model": 1613583740866, "time_solve_models.TimeSolveSPM.time_solve_model": 1613583767209, "time_solve_models.TimeSolveSPMe.time_solve_model": 1613583776749}, "ended_at": {"time_setup_models_and_sims.TimeBuildDFN.time_setup_DFN": 1613583725479, "time_setup_models_and_sims.TimeBuildDFNSimulation.time_setup_DFN_simulation": 1613583727191, "time_setup_models_and_sims.TimeBuildSPM.time_setup_SPM": 1613583730657, "time_setup_models_and_sims.TimeBuildSPMSimulation.time_setup_SPM_simulation": 1613583734780, "time_setup_models_and_sims.TimeBuildSPMe.time_setup_SPMe": 1613583738797, "time_setup_models_and_sims.TimeBuildSPMeSimulation.time_setup_SPMe_simulation": 1613583740866, "time_solve_models.TimeSolveDFN.time_solve_model": 1613583767209, "time_solve_models.TimeSolveSPM.time_solve_model": 1613583776748, "time_solve_models.TimeSolveSPMe.time_solve_model": 1613583788850}, "benchmark_version": {"time_setup_models_and_sims.TimeBuildDFN.time_setup_DFN": "5f322e51e6b7e66125ee6949bdf25746005db467e8ffcfdcb3ace170e92bbc3d", "time_setup_models_and_sims.TimeBuildDFNSimulation.time_setup_DFN_simulation": "8de44bc542fa7d4ba28a80f24414a9444b5436673aaebba674918f5f0bfd0ebb", "time_setup_models_and_sims.TimeBuildSPM.time_setup_SPM": "0d0b3f5c67fc2da9a5794c66b70af5a45a09558d1ee95f738745385adb84fbca", "time_setup_models_and_sims.TimeBuildSPMSimulation.time_setup_SPM_simulation": "161220a99418ce4487cc29325cbae897f28d0e44ae07e1dfbfaac2cbc53a4ff9", "time_setup_models_and_sims.TimeBuildSPMe.time_setup_SPMe": "6083f5ff944353395eb4b21c97b02af555fe6528de3cd5283f5e139943945235", "time_setup_models_and_sims.TimeBuildSPMeSimulation.time_setup_SPMe_simulation": "530563cb559427795e3648d9648df9250ae100b7721f69eec356bdda7798c55e", "time_solve_models.TimeSolveDFN.time_solve_model": "914137228e20e5900cec36b0d3865f1faa2f5d479c7d6c2539514791f9ec4430", "time_solve_models.TimeSolveSPM.time_solve_model": "ef1bb5f8d1ddfa59650e20438c4b252d73e5a062714848ce1d6d5269382bc598", "time_solve_models.TimeSolveSPMe.time_solve_model": "20672028872f4620ce85e909bae705d9490de441e926510b2b0e53ff0881d87b"}, "version": 1}