{"results": {"time_setup_models_and_sims.TimeBuildDFN.time_setup_DFN": {"result": [0.8010365009995439], "stats": [{"ci_99": [0.7964048230005574, 0.812889422999433], "q_25": 0.8003985472487329, "q_75": 0.802630834250067, "min": 0.7964048230005574, "max": 0.812889422999433, "mean": 0.8017659548997471, "std": 0.004215450133116294, "repeat": 10, "number": 1}]}, "time_setup_models_and_sims.TimeBuildDFNSimulation.time_setup_DFN_simulation": {"result": [0.07590430900017964, 0.15056341150102526], "stats": [{"ci_99": [0.07525765600075829, 0.08093619000101171], "q_25": 0.0755174067498956, "q_75": 0.0763103624994983, "min": 0.07525765600075829, "max": 0.08093619000101171, "mean": 0.07639881249997416, "std": 0.001580538031644289, "repeat": 10, "number": 1}, {"ci_99": [0.14759499299907475, 0.15531924000060826], "q_25": 0.1487884249995659, "q_75": 0.1518767195007058, "min": 0.14759499299907475, "max": 0.15531924000060826, "mean": 0.1506636119001996, "std": 0.0022977268374036143, "repeat": 10, "number": 1}], "params": [["False", "True"]]}, "time_setup_models_and_sims.TimeBuildSPM.time_setup_SPM": {"result": [0.5428113360003408], "stats": [{"ci_99": [0.5217695579995052, 0.5711317590012186], "q_25": 0.5388434627493552, "q_75": 0.5537554292504865, "min": 0.5217695579995052, "max": 0.5711317590012186, "mean": 0.5455507734999628, "std": 0.013597759778211945, "repeat": 10, "number": 1}]}, "time_setup_models_and_sims.TimeBuildSPMSimulation.time_setup_SPM_simulation": {"result": [0.1940306745000271, 0.36333545000070444], "stats": [{"ci_99": [0.18849064099958923, 0.20525964300031774], "q_25": 0.1924746152503758, "q_75": 0.19588636100024814, "min": 0.18849064099958923, "max": 0.20525964300031774, "mean": 0.19471927889990184, "std": 0.004418868734495295, "repeat": 10, "number": 1}, {"ci_99": [0.35765806500057806, 0.37794278799992753], "q_25": 0.35916499899894916, "q_75": 0.370064116001231, "min": 0.35765806500057806, "max": 0.37794278799992753, "mean": 0.3651549509002507, "std": 0.006832470194597587, "repeat": 10, "number": 1}], "params": [["False", "True"]]}, "time_setup_models_and_sims.TimeBuildSPMe.time_setup_SPMe": {"result": [0.6670598380005686], "stats": [{"ci_99": [0.5701710529992852, 0.6904824810007995], "q_25": 0.6592365910000808, "q_75": 0.6757834669997465, "min": 0.5701710529992852, "max": 0.6904824810007995, "mean": 0.6565252549999059, "std": 0.034973770040285415, "repeat": 10, "number": 1}]}, "time_setup_models_and_sims.TimeBuildSPMeSimulation.time_setup_SPMe_simulation": {"result": [0.09169890550037962, 0.18816628949934966], "stats": [{"ci_99": [0.07971888300016872, 0.09654408399910608], "q_25": 0.08310645325036603, "q_75": 0.0952975524996873, "min": 0.07971888300016872, "max": 0.09654408399910608, "mean": 0.08922491040011664, "std": 0.006601206985412401, "repeat": 10, "number": 1}, {"ci_99": [0.18482751900046424, 0.19516828099949635], "q_25": 0.18695568175098742, "q_75": 0.19028877699975055, "min": 0.18482751900046424, "max": 0.19516828099949635, "mean": 0.18883908320003684, "std": 0.0028520885236356366, "repeat": 10, "number": 1}], "params": [["False", "True"]]}, "time_solve_models.TimeSolveDFN.time_solve_model": {"result": [1.1415549114999521, 1.3029733379999016], "stats": [{"ci_99": [1.1013244023739628, 1.193604824958772], "q_25": 1.1255478884995682, "q_75": 1.1725053994996415, "min": 1.1137874420001026, "max": 1.1848559739992197, "mean": 1.1474646136663675, "std": 0.027119506834656956, "repeat": 6, "number": 1}, {"ci_99": [1.264884856000208, 1.3399239110003691], "q_25": 1.2906611889989108, "q_75": 1.3066407370001798, "min": 1.264884856000208, "max": 1.3399239110003691, "mean": 1.300774437374912, "std": 0.019836967982066567, "repeat": 8, "number": 1}], "params": [["True", "False"]]}, "time_solve_models.TimeSolveSPM.time_solve_model": {"result": [0.05377127599967935, 0.0899444440001389], "stats": [{"ci_99": [0.053019921000668546, 0.05443192900020222], "q_25": 0.05356589975053794, "q_75": 0.05425987874968996, "min": 0.053019921000668546, "max": 0.05443192900020222, "mean": 0.053821636000066064, "std": 0.0004522350155099322, "repeat": 10, "number": 1}, {"ci_99": [0.08596522099833237, 0.09238485999958357], "q_25": 0.08835203475018716, "q_75": 0.09107490124915785, "min": 0.08596522099833237, "max": 0.09238485999958357, "mean": 0.08958213239966425, "std": 0.0020623001161344688, "repeat": 10, "number": 1}], "params": [["True", "False"]]}, "time_solve_models.TimeSolveSPMe.time_solve_model": {"result": [0.08990919450025103, 0.14708423999945808], "stats": [{"ci_99": [0.08736292899993714, 0.09396196899979259], "q_25": 0.08830388425030833, "q_75": 0.09053224800027238, "min": 0.08736292899993714, "max": 0.09396196899979259, "mean": 0.08992143449995638, "std": 0.001907433108764059, "repeat": 10, "number": 1}, {"ci_99": [0.14284156500070821, 0.1568930499997805], "q_25": 0.1456867324995983, "q_75": 0.15003078349946009, "min": 0.14284156500070821, "max": 0.1568930499997805, "mean": 0.14871254039990162, "std": 0.004497749478298213, "repeat": 10, "number": 1}], "params": [["True", "False"]]}}, "params": {"machine": "GitHubRunner", "python": "3.8"}, "requirements": {}, "commit_hash": "43565a641a8e9e5cd2730cfe3477c7430ef407a1", "date": 1589987238000, "env_name": "virtualenv-py3.8", "python": "3.8", "profiles": {}, "started_at": {"time_setup_models_and_sims.TimeBuildDFN.time_setup_DFN": 1613584425004, "time_setup_models_and_sims.TimeBuildDFNSimulation.time_setup_DFN_simulation": 1613584430025, "time_setup_models_and_sims.TimeBuildSPM.time_setup_SPM": 1613584431688, "time_setup_models_and_sims.TimeBuildSPMSimulation.time_setup_SPM_simulation": 1613584435155, "time_setup_models_and_sims.TimeBuildSPMe.time_setup_SPMe": 1613584438724, "time_setup_models_and_sims.TimeBuildSPMeSimulation.time_setup_SPMe_simulation": 1613584442990, "time_solve_models.TimeSolveDFN.time_solve_model": 1613584444853, "time_solve_models.TimeSolveSPM.time_solve_model": 1613584469441, "time_solve_models.TimeSolveSPMe.time_solve_model": 1613584479132}, "ended_at": {"time_setup_models_and_sims.TimeBuildDFN.time_setup_DFN": 1613584430025, "time_setup_models_and_sims.TimeBuildDFNSimulation.time_setup_DFN_simulation": 1613584431687, "time_setup_models_and_sims.TimeBuildSPM.time_setup_SPM": 1613584435154, "time_setup_models_and_sims.TimeBuildSPMSimulation.time_setup_SPM_simulation": 1613584438723, "time_setup_models_and_sims.TimeBuildSPMe.time_setup_SPMe": 1613584442990, "time_setup_models_and_sims.TimeBuildSPMeSimulation.time_setup_SPMe_simulation": 1613584444853, "time_solve_models.TimeSolveDFN.time_solve_model": 1613584469440, "time_solve_models.TimeSolveSPM.time_solve_model": 1613584479131, "time_solve_models.TimeSolveSPMe.time_solve_model": 1613584491685}, "benchmark_version": {"time_setup_models_and_sims.TimeBuildDFN.time_setup_DFN": "5f322e51e6b7e66125ee6949bdf25746005db467e8ffcfdcb3ace170e92bbc3d", "time_setup_models_and_sims.TimeBuildDFNSimulation.time_setup_DFN_simulation": "8de44bc542fa7d4ba28a80f24414a9444b5436673aaebba674918f5f0bfd0ebb", "time_setup_models_and_sims.TimeBuildSPM.time_setup_SPM": "0d0b3f5c67fc2da9a5794c66b70af5a45a09558d1ee95f738745385adb84fbca", "time_setup_models_and_sims.TimeBuildSPMSimulation.time_setup_SPM_simulation": "161220a99418ce4487cc29325cbae897f28d0e44ae07e1dfbfaac2cbc53a4ff9", "time_setup_models_and_sims.TimeBuildSPMe.time_setup_SPMe": "6083f5ff944353395eb4b21c97b02af555fe6528de3cd5283f5e139943945235", "time_setup_models_and_sims.TimeBuildSPMeSimulation.time_setup_SPMe_simulation": "530563cb559427795e3648d9648df9250ae100b7721f69eec356bdda7798c55e", "time_solve_models.TimeSolveDFN.time_solve_model": "914137228e20e5900cec36b0d3865f1faa2f5d479c7d6c2539514791f9ec4430", "time_solve_models.TimeSolveSPM.time_solve_model": "ef1bb5f8d1ddfa59650e20438c4b252d73e5a062714848ce1d6d5269382bc598", "time_solve_models.TimeSolveSPMe.time_solve_model": "20672028872f4620ce85e909bae705d9490de441e926510b2b0e53ff0881d87b"}, "version": 1}