{"results": {"time_setup_models_and_sims.TimeBuildDFN.time_setup_DFN": {"result": [0.693194376000065], "stats": [{"ci_99": [0.6391183180003281, 0.7018936539989227], "q_25": 0.6763403707498128, "q_75": 0.7003700955001477, "min": 0.6391183180003281, "max": 0.7018936539989227, "mean": 0.68498304499999, "std": 0.019526313862283696, "repeat": 10, "number": 1}]}, "time_setup_models_and_sims.TimeBuildDFNSimulation.time_setup_DFN_simulation": {"result": [0.07780645749971882, 0.15749032649955552], "stats": [{"ci_99": [0.06939842500014493, 0.08012135100034357], "q_25": 0.07309582250013591, "q_75": 0.07895271974985008, "min": 0.06939842500014493, "max": 0.08012135100034357, "mean": 0.0761324070000228, "std": 0.0037848530413894994, "repeat": 10, "number": 1}, {"ci_99": [0.1516898299996683, 0.161896612999044], "q_25": 0.1550264752502244, "q_75": 0.15870979450028244, "min": 0.1516898299996683, "max": 0.161896612999044, "mean": 0.15685866219992023, "std": 0.003000064595475357, "repeat": 10, "number": 1}], "params": [["False", "True"]]}, "time_setup_models_and_sims.TimeBuildSPM.time_setup_SPM": {"result": [0.518374948499968], "stats": [{"ci_99": [0.5013518730002033, 0.533811909999713], "q_25": 0.5106081042497408, "q_75": 0.5254782877495927, "min": 0.5013518730002033, "max": 0.533811909999713, "mean": 0.5184207577997768, "std": 0.010414755128640592, "repeat": 10, "number": 1}]}, "time_setup_models_and_sims.TimeBuildSPMSimulation.time_setup_SPM_simulation": {"result": [0.2067557659997874, 0.4000578019999921], "stats": [{"ci_99": [0.19913752100001147, 0.2280967860006058], "q_25": 0.20066555474977577, "q_75": 0.21126059125026586, "min": 0.19913752100001147, "max": 0.2280967860006058, "mean": 0.20793658190004863, "std": 0.008495289758362053, "repeat": 10, "number": 1}, {"ci_99": [0.39578622599947266, 0.4052255859987781], "q_25": 0.3996559789998173, "q_75": 0.4021598905001156, "min": 0.39578622599947266, "max": 0.4052255859987781, "mean": 0.4004925767999339, "std": 0.00259718546053986, "repeat": 10, "number": 1}], "params": [["False", "True"]]}, "time_setup_models_and_sims.TimeBuildSPMe.time_setup_SPMe": {"result": [0.619625346999328], "stats": [{"ci_99": [0.6144723670004169, 0.6345194820005418], "q_25": 0.6173147084998618, "q_75": 0.623288192500695, "min": 0.6144723670004169, "max": 0.6345194820005418, "mean": 0.6213556064999466, "std": 0.00583910578354391, "repeat": 10, "number": 1}]}, "time_setup_models_and_sims.TimeBuildSPMeSimulation.time_setup_SPMe_simulation": {"result": [0.10041839149971565, 0.1995350745005453], "stats": [{"ci_99": [0.09833250300016516, 0.10464349099856918], "q_25": 0.09933745900025315, "q_75": 0.10233825300065291, "min": 0.09833250300016516, "max": 0.10464349099856918, "mean": 0.10090463379992798, "std": 0.0018782117925216454, "repeat": 10, "number": 1}, {"ci_99": [0.19565429900012532, 0.2045469549993868], "q_25": 0.1972608340001898, "q_75": 0.2008062337499723, "min": 0.19565429900012532, "max": 0.2045469549993868, "mean": 0.1996240947001752, "std": 0.0027862461254296914, "repeat": 10, "number": 1}], "params": [["False", "True"]]}, "time_solve_models.TimeSolveDFN.time_solve_model": {"result": [1.206021304999922, 1.4300333599999249], "stats": [{"ci_99": [1.0196106639996287, 1.2688521910949158], "q_25": 1.180460249499447, "q_75": 1.2215925359998892, "min": 1.0196106639996287, "max": 1.2269424189998972, "mean": 1.1762197561664227, "std": 0.07223183560866196, "repeat": 6, "number": 1}, {"ci_99": [1.2886685969997416, 1.4483470579998539], "q_25": 1.417579001500144, "q_75": 1.4356258000002526, "min": 1.2886685969997416, "max": 1.4483470579998539, "mean": 1.4128721263750776, "std": 0.04797107506425611, "repeat": 8, "number": 1}], "params": [["True", "False"]]}, "time_solve_models.TimeSolveSPM.time_solve_model": {"result": [0.05497931150057411, 0.09107296349975513], "stats": [{"ci_99": [0.05446620600014285, 0.05647741699976905], "q_25": 0.05473920800000087, "q_75": 0.05546316475056301, "min": 0.05446620600014285, "max": 0.05647741699976905, "mean": 0.055173291400114975, "std": 0.0006054049778031997, "repeat": 10, "number": 1}, {"ci_99": [0.08831460100009281, 0.10240647499995248], "q_25": 0.08940778100077296, "q_75": 0.09143569274965557, "min": 0.08831460100009281, "max": 0.10240647499995248, "mean": 0.09190384880002966, "std": 0.003980260321294959, "repeat": 10, "number": 1}], "params": [["True", "False"]]}, "time_solve_models.TimeSolveSPMe.time_solve_model": {"result": [0.09538928900019528, 0.1473353795008734], "stats": [{"ci_99": [0.08682968799985247, 0.10671320500114234], "q_25": 0.08973603025060584, "q_75": 0.10078207149945229, "min": 0.08682968799985247, "max": 0.10671320500114234, "mean": 0.0957540011000674, "std": 0.006619715675345746, "repeat": 10, "number": 1}, {"ci_99": [0.14355541499935498, 0.150652447999164], "q_25": 0.146301298499111, "q_75": 0.1487941942505131, "min": 0.14355541499935498, "max": 0.150652447999164, "mean": 0.14740328330008196, "std": 0.0019883826095028387, "repeat": 10, "number": 1}], "params": [["True", "False"]]}}, "params": {"machine": "GitHubRunner", "python": "3.8"}, "requirements": {}, "commit_hash": "4d10b27a65e129a1146212fe458f51c35d93d4eb", "date": 1594645337000, "env_name": "virtualenv-py3.8", "python": "3.8", "profiles": {}, "started_at": {"time_setup_models_and_sims.TimeBuildDFN.time_setup_DFN": 1613581769209, "time_setup_models_and_sims.TimeBuildDFNSimulation.time_setup_DFN_simulation": 1613581773628, "time_setup_models_and_sims.TimeBuildSPM.time_setup_SPM": 1613581775342, "time_setup_models_and_sims.TimeBuildSPMSimulation.time_setup_SPM_simulation": 1613581778760, "time_setup_models_and_sims.TimeBuildSPMe.time_setup_SPMe": 1613581782729, "time_setup_models_and_sims.TimeBuildSPMeSimulation.time_setup_SPMe_simulation": 1613581786745, "time_solve_models.TimeSolveDFN.time_solve_model": 1613581788765, "time_solve_models.TimeSolveSPM.time_solve_model": 1613581813304, "time_solve_models.TimeSolveSPMe.time_solve_model": 1613581823094}, "ended_at": {"time_setup_models_and_sims.TimeBuildDFN.time_setup_DFN": 1613581773628, "time_setup_models_and_sims.TimeBuildDFNSimulation.time_setup_DFN_simulation": 1613581775342, "time_setup_models_and_sims.TimeBuildSPM.time_setup_SPM": 1613581778760, "time_setup_models_and_sims.TimeBuildSPMSimulation.time_setup_SPM_simulation": 1613581782729, "time_setup_models_and_sims.TimeBuildSPMe.time_setup_SPMe": 1613581786745, "time_setup_models_and_sims.TimeBuildSPMeSimulation.time_setup_SPMe_simulation": 1613581788765, "time_solve_models.TimeSolveDFN.time_solve_model": 1613581813304, "time_solve_models.TimeSolveSPM.time_solve_model": 1613581823093, "time_solve_models.TimeSolveSPMe.time_solve_model": 1613581835039}, "benchmark_version": {"time_setup_models_and_sims.TimeBuildDFN.time_setup_DFN": "5f322e51e6b7e66125ee6949bdf25746005db467e8ffcfdcb3ace170e92bbc3d", "time_setup_models_and_sims.TimeBuildDFNSimulation.time_setup_DFN_simulation": "8de44bc542fa7d4ba28a80f24414a9444b5436673aaebba674918f5f0bfd0ebb", "time_setup_models_and_sims.TimeBuildSPM.time_setup_SPM": "0d0b3f5c67fc2da9a5794c66b70af5a45a09558d1ee95f738745385adb84fbca", "time_setup_models_and_sims.TimeBuildSPMSimulation.time_setup_SPM_simulation": "161220a99418ce4487cc29325cbae897f28d0e44ae07e1dfbfaac2cbc53a4ff9", "time_setup_models_and_sims.TimeBuildSPMe.time_setup_SPMe": "6083f5ff944353395eb4b21c97b02af555fe6528de3cd5283f5e139943945235", "time_setup_models_and_sims.TimeBuildSPMeSimulation.time_setup_SPMe_simulation": "530563cb559427795e3648d9648df9250ae100b7721f69eec356bdda7798c55e", "time_solve_models.TimeSolveDFN.time_solve_model": "914137228e20e5900cec36b0d3865f1faa2f5d479c7d6c2539514791f9ec4430", "time_solve_models.TimeSolveSPM.time_solve_model": "ef1bb5f8d1ddfa59650e20438c4b252d73e5a062714848ce1d6d5269382bc598", "time_solve_models.TimeSolveSPMe.time_solve_model": "20672028872f4620ce85e909bae705d9490de441e926510b2b0e53ff0881d87b"}, "version": 1}