{"results": {"time_setup_models_and_sims.TimeBuildDFN.time_setup_DFN": {"result": [0.9503544140000031], "stats": [{"ci_99": [0.923467186000039, 0.9655878890000622], "q_25": 0.9343499614999757, "q_75": 0.9600485402500283, "min": 0.923467186000039, "max": 0.9655878890000622, "mean": 0.947186759900012, "std": 0.014359692000730834, "repeat": 10, "number": 1}]}, "time_setup_models_and_sims.TimeBuildDFNSimulation.time_setup_DFN_simulation": {"result": [0.11516034950000176, 0.19870682449999322], "stats": [{"ci_99": [0.10990393900010531, 0.11967365600003177], "q_25": 0.11233744750001051, "q_75": 0.11787044975002914, "min": 0.10990393900010531, "max": 0.11967365600003177, "mean": 0.11492567810001901, "std": 0.003349657374269497, "repeat": 10, "number": 1}, {"ci_99": [0.19272776799994062, 0.2114993059999506], "q_25": 0.19353789624994988, "q_75": 0.20564318400002435, "min": 0.19272776799994062, "max": 0.2114993059999506, "mean": 0.20040126069997086, "std": 0.007274086534073281, "repeat": 10, "number": 1}], "params": [["False", "True"]]}, "time_setup_models_and_sims.TimeBuildSPM.time_setup_SPM": {"result": [0.5321946199999843], "stats": [{"ci_99": [0.5203760720000901, 0.5484305879999738], "q_25": 0.5285896025000625, "q_75": 0.5399994299999946, "min": 0.5203760720000901, "max": 0.5484305879999738, "mean": 0.5342217279000124, "std": 0.008531813918832072, "repeat": 10, "number": 1}]}, "time_setup_models_and_sims.TimeBuildSPMSimulation.time_setup_SPM_simulation": {"result": [0.11237829649996911, 0.17308610799994995], "stats": [{"ci_99": [0.11099354099997072, 0.11752664699997695], "q_25": 0.11109151600004452, "q_75": 0.11323600599999395, "min": 0.11099354099997072, "max": 0.11752664699997695, "mean": 0.11272511810000196, "std": 0.001960721611251062, "repeat": 10, "number": 1}, {"ci_99": [0.17169308100005765, 0.18396329899997], "q_25": 0.17248663450004642, "q_75": 0.18009338924997564, "min": 0.17169308100005765, "max": 0.18396329899997, "mean": 0.1758926931000019, "std": 0.004931902395877706, "repeat": 10, "number": 1}], "params": [["False", "True"]]}, "time_setup_models_and_sims.TimeBuildSPMe.time_setup_SPMe": {"result": [0.7837211719999573], "stats": [{"ci_99": [0.768971147000002, 0.7905842010000015], "q_25": 0.7796831362500143, "q_75": 0.787732807249995, "min": 0.768971147000002, "max": 0.7905842010000015, "mean": 0.7827420029999985, "std": 0.006377294616526584, "repeat": 10, "number": 1}]}, "time_setup_models_and_sims.TimeBuildSPMeSimulation.time_setup_SPMe_simulation": {"result": [0.12365412899998773, 0.21151546749996442], "stats": [{"ci_99": [0.12181038100004571, 0.1287297879999869], "q_25": 0.12260955425006159, "q_75": 0.12457361699995317, "min": 0.12181038100004571, "max": 0.1287297879999869, "mean": 0.1239815797999995, "std": 0.0019135854077188426, "repeat": 10, "number": 1}, {"ci_99": [0.20723538499998995, 0.22015803400006462], "q_25": 0.2101875287499979, "q_75": 0.2138868352500083, "min": 0.20723538499998995, "max": 0.22015803400006462, "mean": 0.21239227109999775, "std": 0.0039078111923132475, "repeat": 10, "number": 1}], "params": [["False", "True"]]}, "time_solve_models.TimeSolveDFN.time_solve_model": {"result": [0.7645147315000145, 0.9019889004999868], "stats": [{"ci_99": [0.741899109999963, 0.8023298230000364], "q_25": 0.7567836102499825, "q_75": 0.7698355862499682, "min": 0.741899109999963, "max": 0.8023298230000364, "mean": 0.7658432307499936, "std": 0.016300706650740335, "repeat": 8, "number": 1}, {"ci_99": [0.8867679410000164, 0.9152226290000272], "q_25": 0.8984203707499603, "q_75": 0.9064392742499763, "min": 0.8867679410000164, "max": 0.9152226290000272, "mean": 0.9025091164999935, "std": 0.007958291421024851, "repeat": 10, "number": 1}], "params": [["True", "False"]]}, "time_solve_models.TimeSolveSPM.time_solve_model": {"result": [0.038787635500000306, 0.06477350199992316], "stats": [{"ci_99": [0.03789884599996185, 0.039977153999984694], "q_25": 0.038466711249981245, "q_75": 0.03934567374994913, "min": 0.03789884599996185, "max": 0.039977153999984694, "mean": 0.0388842058999785, "std": 0.0005950130613869984, "repeat": 10, "number": 1}, {"ci_99": [0.060379517000001215, 0.07221317899995938], "q_25": 0.0634882672499657, "q_75": 0.06573265575008236, "min": 0.060379517000001215, "max": 0.07221317899995938, "mean": 0.06488065869999673, "std": 0.0029376464793500587, "repeat": 10, "number": 1}], "params": [["True", "False"]]}, "time_solve_models.TimeSolveSPMe.time_solve_model": {"result": [0.053028603500024474, 0.10185821850001275], "stats": [{"ci_99": [0.04861710900001981, 0.05850852499997927], "q_25": 0.051580261249995374, "q_75": 0.053902545249968625, "min": 0.04861710900001981, "max": 0.05850852499997927, "mean": 0.05295217179999554, "std": 0.002539975517345406, "repeat": 10, "number": 1}, {"ci_99": [0.09426378700004534, 0.11368903599998248], "q_25": 0.09957795675003922, "q_75": 0.1029653694999979, "min": 0.09426378700004534, "max": 0.11368903599998248, "mean": 0.10186079310000196, "std": 0.004801752398092539, "repeat": 10, "number": 1}], "params": [["True", "False"]]}}, "params": {"machine": "GitHubRunner", "python": "3.8"}, "requirements": {}, "commit_hash": "51742efdf2467e55f0506950a175bfff93175610", "date": 1612560973000, "env_name": "virtualenv-py3.8", "python": "3.8", "profiles": {}, "started_at": {"time_setup_models_and_sims.TimeBuildDFN.time_setup_DFN": 1613574491757, "time_setup_models_and_sims.TimeBuildDFNSimulation.time_setup_DFN_simulation": 1613574497886, "time_setup_models_and_sims.TimeBuildSPM.time_setup_SPM": 1613574500052, "time_setup_models_and_sims.TimeBuildSPMSimulation.time_setup_SPM_simulation": 1613574503618, "time_setup_models_and_sims.TimeBuildSPMe.time_setup_SPMe": 1613574505634, "time_setup_models_and_sims.TimeBuildSPMeSimulation.time_setup_SPMe_simulation": 1613574510766, "time_solve_models.TimeSolveDFN.time_solve_model": 1613574513033, "time_solve_models.TimeSolveSPM.time_solve_model": 1613574540032, "time_solve_models.TimeSolveSPMe.time_solve_model": 1613574549438}, "ended_at": {"time_setup_models_and_sims.TimeBuildDFN.time_setup_DFN": 1613574497885, "time_setup_models_and_sims.TimeBuildDFNSimulation.time_setup_DFN_simulation": 1613574500052, "time_setup_models_and_sims.TimeBuildSPM.time_setup_SPM": 1613574503618, "time_setup_models_and_sims.TimeBuildSPMSimulation.time_setup_SPM_simulation": 1613574505634, "time_setup_models_and_sims.TimeBuildSPMe.time_setup_SPMe": 1613574510766, "time_setup_models_and_sims.TimeBuildSPMeSimulation.time_setup_SPMe_simulation": 1613574513032, "time_solve_models.TimeSolveDFN.time_solve_model": 1613574540031, "time_solve_models.TimeSolveSPM.time_solve_model": 1613574549437, "time_solve_models.TimeSolveSPMe.time_solve_model": 1613574562785}, "benchmark_version": {"time_setup_models_and_sims.TimeBuildDFN.time_setup_DFN": "5f322e51e6b7e66125ee6949bdf25746005db467e8ffcfdcb3ace170e92bbc3d", "time_setup_models_and_sims.TimeBuildDFNSimulation.time_setup_DFN_simulation": "8de44bc542fa7d4ba28a80f24414a9444b5436673aaebba674918f5f0bfd0ebb", "time_setup_models_and_sims.TimeBuildSPM.time_setup_SPM": "0d0b3f5c67fc2da9a5794c66b70af5a45a09558d1ee95f738745385adb84fbca", "time_setup_models_and_sims.TimeBuildSPMSimulation.time_setup_SPM_simulation": "161220a99418ce4487cc29325cbae897f28d0e44ae07e1dfbfaac2cbc53a4ff9", "time_setup_models_and_sims.TimeBuildSPMe.time_setup_SPMe": "6083f5ff944353395eb4b21c97b02af555fe6528de3cd5283f5e139943945235", "time_setup_models_and_sims.TimeBuildSPMeSimulation.time_setup_SPMe_simulation": "530563cb559427795e3648d9648df9250ae100b7721f69eec356bdda7798c55e", "time_solve_models.TimeSolveDFN.time_solve_model": "914137228e20e5900cec36b0d3865f1faa2f5d479c7d6c2539514791f9ec4430", "time_solve_models.TimeSolveSPM.time_solve_model": "ef1bb5f8d1ddfa59650e20438c4b252d73e5a062714848ce1d6d5269382bc598", "time_solve_models.TimeSolveSPMe.time_solve_model": "20672028872f4620ce85e909bae705d9490de441e926510b2b0e53ff0881d87b"}, "version": 1}