{"results": {"time_setup_models_and_sims.TimeBuildDFN.time_setup_DFN": {"result": [0.7481029159998798], "stats": [{"ci_99": [0.7375083169999925, 0.7541040859998702], "q_25": 0.7432827112501172, "q_75": 0.7492333249999774, "min": 0.7375083169999925, "max": 0.7541040859998702, "mean": 0.7469218663999755, "std": 0.004891640824229562, "repeat": 10, "number": 1}]}, "time_setup_models_and_sims.TimeBuildDFNSimulation.time_setup_DFN_simulation": {"result": [0.09480183400012265, 0.1588939279999977], "stats": [{"ci_99": [0.09334615599982499, 0.09717341000009583], "q_25": 0.09413614525004732, "q_75": 0.09516977675002636, "min": 0.09334615599982499, "max": 0.09717341000009583, "mean": 0.09480670290001854, "std": 0.0009809062761987225, "repeat": 10, "number": 1}, {"ci_99": [0.15732167299984212, 0.16622974500023702], "q_25": 0.15856868400032909, "q_75": 0.1604408030001423, "min": 0.15732167299984212, "max": 0.16622974500023702, "mean": 0.16026209630008453, "std": 0.0030770076084083047, "repeat": 10, "number": 1}], "params": [["False", "True"]]}, "time_setup_models_and_sims.TimeBuildSPM.time_setup_SPM": {"result": [0.53822944500007], "stats": [{"ci_99": [0.5329757030003748, 0.5475578120001501], "q_25": 0.5344438730001002, "q_75": 0.5441088230000446, "min": 0.5329757030003748, "max": 0.5475578120001501, "mean": 0.5392522894000876, "std": 0.0053654021329050785, "repeat": 10, "number": 1}]}, "time_setup_models_and_sims.TimeBuildSPMSimulation.time_setup_SPM_simulation": {"result": [0.22548530249991927, 0.2751346640001202], "stats": [{"ci_99": [0.2225467389998812, 0.22884646600005], "q_25": 0.2242278067500365, "q_75": 0.2266840617499497, "min": 0.2225467389998812, "max": 0.22884646600005, "mean": 0.22552200489997176, "std": 0.0018463893992119239, "repeat": 10, "number": 1}, {"ci_99": [0.2716079870001522, 0.2807157580000421], "q_25": 0.2739139804998558, "q_75": 0.2772649890000025, "min": 0.2716079870001522, "max": 0.2807157580000421, "mean": 0.2757486725999797, "std": 0.002693412858246081, "repeat": 10, "number": 1}], "params": [["False", "True"]]}, "time_setup_models_and_sims.TimeBuildSPMe.time_setup_SPMe": {"result": [0.6301298599997835], "stats": [{"ci_99": [0.6217020899998715, 0.6488899100002072], "q_25": 0.6240947354998525, "q_75": 0.6418021594999459, "min": 0.6217020899998715, "max": 0.6488899100002072, "mean": 0.6326441807999345, "std": 0.009929270492144735, "repeat": 10, "number": 1}]}, "time_setup_models_and_sims.TimeBuildSPMeSimulation.time_setup_SPMe_simulation": {"result": [0.116202309000073, 0.18573918149991187], "stats": [{"ci_99": [0.11338710799964247, 0.1266670749998866], "q_25": 0.11524893700004668, "q_75": 0.11722620650016324, "min": 0.11338710799964247, "max": 0.1266670749998866, "mean": 0.11715697679999267, "std": 0.0035485020524940627, "repeat": 10, "number": 1}, {"ci_99": [0.1824827609998465, 0.19198553699970944], "q_25": 0.18490282125009116, "q_75": 0.18832072225001184, "min": 0.1824827609998465, "max": 0.19198553699970944, "mean": 0.1865131774999554, "std": 0.0026288392438094687, "repeat": 10, "number": 1}], "params": [["False", "True"]]}, "time_solve_models.TimeSolveDFN.time_solve_model": {"result": [0.8361502100001417, 1.0448423745000355], "stats": [{"ci_99": [0.8223907420001524, 0.8519862459997967], "q_25": 0.8303749457499521, "q_75": 0.8414951084998847, "min": 0.8223907420001524, "max": 0.8519862459997967, "mean": 0.8361406353750169, "std": 0.009049807903360359, "repeat": 8, "number": 1}, {"ci_99": [0.8892254209999919, 1.1195301849998032], "q_25": 1.031257258499977, "q_75": 1.0717539615001783, "min": 0.8892254209999919, "max": 1.1195301849998032, "mean": 1.0398859866999828, "std": 0.05937798281847174, "repeat": 10, "number": 1}], "params": [["True", "False"]]}, "time_solve_models.TimeSolveSPM.time_solve_model": {"result": [0.04459714950007765, 0.08260937950012703], "stats": [{"ci_99": [0.04220634800003609, 0.04787927400002445], "q_25": 0.04251025124995067, "q_75": 0.04584175775005406, "min": 0.04220634800003609, "max": 0.04787927400002445, "mean": 0.04446145720005461, "std": 0.0019214955699387352, "repeat": 10, "number": 1}, {"ci_99": [0.06501350600001388, 0.09115274999976464], "q_25": 0.07540997125022386, "q_75": 0.08466906975024813, "min": 0.06501350600001388, "max": 0.09115274999976464, "mean": 0.07987549070007845, "std": 0.008024992096179982, "repeat": 10, "number": 1}], "params": [["True", "False"]]}, "time_solve_models.TimeSolveSPMe.time_solve_model": {"result": [0.05984527750001689, 0.1228636235000522], "stats": [{"ci_99": [0.05900678399984827, 0.06243508500028838], "q_25": 0.05913565850005398, "q_75": 0.06138990124998145, "min": 0.05900678399984827, "max": 0.06243508500028838, "mean": 0.0603526408000107, "std": 0.0012914040980853342, "repeat": 10, "number": 1}, {"ci_99": [0.11882346799984589, 0.1270290819998081], "q_25": 0.12203789549971589, "q_75": 0.12316675200008831, "min": 0.11882346799984589, "max": 0.1270290819998081, "mean": 0.12279862409995985, "std": 0.002108810594310064, "repeat": 10, "number": 1}], "params": [["True", "False"]]}}, "params": {"machine": "GitHubRunner", "python": "3.8"}, "requirements": {}, "commit_hash": "5a437470eaef4f66fdda4c02fe72a246106f744e", "date": 1611687011000, "env_name": "virtualenv-py3.8", "python": "3.8", "profiles": {}, "started_at": {"time_setup_models_and_sims.TimeBuildDFN.time_setup_DFN": 1613575620469, "time_setup_models_and_sims.TimeBuildDFNSimulation.time_setup_DFN_simulation": 1613575625188, "time_setup_models_and_sims.TimeBuildSPM.time_setup_SPM": 1613575626902, "time_setup_models_and_sims.TimeBuildSPMSimulation.time_setup_SPM_simulation": 1613575630415, "time_setup_models_and_sims.TimeBuildSPMe.time_setup_SPMe": 1613575633682, "time_setup_models_and_sims.TimeBuildSPMeSimulation.time_setup_SPMe_simulation": 1613575637698, "time_solve_models.TimeSolveDFN.time_solve_model": 1613575639762, "time_solve_models.TimeSolveSPM.time_solve_model": 1613575664998, "time_solve_models.TimeSolveSPMe.time_solve_model": 1613575674790}, "ended_at": {"time_setup_models_and_sims.TimeBuildDFN.time_setup_DFN": 1613575625188, "time_setup_models_and_sims.TimeBuildDFNSimulation.time_setup_DFN_simulation": 1613575626901, "time_setup_models_and_sims.TimeBuildSPM.time_setup_SPM": 1613575630415, "time_setup_models_and_sims.TimeBuildSPMSimulation.time_setup_SPM_simulation": 1613575633682, "time_setup_models_and_sims.TimeBuildSPMe.time_setup_SPMe": 1613575637697, "time_setup_models_and_sims.TimeBuildSPMeSimulation.time_setup_SPMe_simulation": 1613575639761, "time_solve_models.TimeSolveDFN.time_solve_model": 1613575664998, "time_solve_models.TimeSolveSPM.time_solve_model": 1613575674789, "time_solve_models.TimeSolveSPMe.time_solve_model": 1613575686686}, "benchmark_version": {"time_setup_models_and_sims.TimeBuildDFN.time_setup_DFN": "5f322e51e6b7e66125ee6949bdf25746005db467e8ffcfdcb3ace170e92bbc3d", "time_setup_models_and_sims.TimeBuildDFNSimulation.time_setup_DFN_simulation": "8de44bc542fa7d4ba28a80f24414a9444b5436673aaebba674918f5f0bfd0ebb", "time_setup_models_and_sims.TimeBuildSPM.time_setup_SPM": "0d0b3f5c67fc2da9a5794c66b70af5a45a09558d1ee95f738745385adb84fbca", "time_setup_models_and_sims.TimeBuildSPMSimulation.time_setup_SPM_simulation": "161220a99418ce4487cc29325cbae897f28d0e44ae07e1dfbfaac2cbc53a4ff9", "time_setup_models_and_sims.TimeBuildSPMe.time_setup_SPMe": "6083f5ff944353395eb4b21c97b02af555fe6528de3cd5283f5e139943945235", "time_setup_models_and_sims.TimeBuildSPMeSimulation.time_setup_SPMe_simulation": "530563cb559427795e3648d9648df9250ae100b7721f69eec356bdda7798c55e", "time_solve_models.TimeSolveDFN.time_solve_model": "914137228e20e5900cec36b0d3865f1faa2f5d479c7d6c2539514791f9ec4430", "time_solve_models.TimeSolveSPM.time_solve_model": "ef1bb5f8d1ddfa59650e20438c4b252d73e5a062714848ce1d6d5269382bc598", "time_solve_models.TimeSolveSPMe.time_solve_model": "20672028872f4620ce85e909bae705d9490de441e926510b2b0e53ff0881d87b"}, "version": 1}