{"results": {"time_setup_models_and_sims.TimeBuildDFN.time_setup_DFN": {"result": [0.7017164545004562], "stats": [{"ci_99": [0.5638162060004106, 0.712481979999211], "q_25": 0.6427901375000147, "q_75": 0.7084397824996813, "min": 0.5638162060004106, "max": 0.712481979999211, "mean": 0.6725920286999099, "std": 0.051237754508065544, "repeat": 10, "number": 1}]}, "time_setup_models_and_sims.TimeBuildDFNSimulation.time_setup_DFN_simulation": {"result": [0.07927605250097258, 0.15646489599930646], "stats": [{"ci_99": [0.07714614200085634, 0.08140526300121564], "q_25": 0.07764587025030778, "q_75": 0.08013260574989545, "min": 0.07714614200085634, "max": 0.08140526300121564, "mean": 0.07913070180038631, "std": 0.0015228518460789285, "repeat": 10, "number": 1}, {"ci_99": [0.1550567879985465, 0.17277468199972645], "q_25": 0.1557214119998207, "q_75": 0.15765022125060568, "min": 0.1550567879985465, "max": 0.17277468199972645, "mean": 0.15808911209987855, "std": 0.004979431272785905, "repeat": 10, "number": 1}], "params": [["False", "True"]]}, "time_setup_models_and_sims.TimeBuildSPM.time_setup_SPM": {"result": [0.5147539284998857], "stats": [{"ci_99": [0.5088412160002918, 0.5282398039998952], "q_25": 0.5117493270004161, "q_75": 0.5188698232500428, "min": 0.5088412160002918, "max": 0.5282398039998952, "mean": 0.5164099583998905, "std": 0.005854011822566364, "repeat": 10, "number": 1}]}, "time_setup_models_and_sims.TimeBuildSPMSimulation.time_setup_SPM_simulation": {"result": [0.20427446649955527, 0.39402560100006667], "stats": [{"ci_99": [0.20289106299969717, 0.2057598789997428], "q_25": 0.20391451299974506, "q_75": 0.2047257167509997, "min": 0.20289106299969717, "max": 0.2057598789997428, "mean": 0.2043979372998365, "std": 0.0008269754397621978, "repeat": 10, "number": 1}, {"ci_99": [0.3881015250008204, 0.3984087680000812], "q_25": 0.3911418385005163, "q_75": 0.39559995149920724, "min": 0.3881015250008204, "max": 0.3984087680000812, "mean": 0.3934179575002418, "std": 0.0030470052609217393, "repeat": 10, "number": 1}], "params": [["False", "True"]]}, "time_setup_models_and_sims.TimeBuildSPMe.time_setup_SPMe": {"result": [0.6124484994998056], "stats": [{"ci_99": [0.5925563990003866, 0.6339139090014214], "q_25": 0.601136222500827, "q_75": 0.6206911845001741, "min": 0.5925563990003866, "max": 0.6339139090014214, "mean": 0.6119457666003655, "std": 0.013445179659932556, "repeat": 10, "number": 1}]}, "time_setup_models_and_sims.TimeBuildSPMeSimulation.time_setup_SPMe_simulation": {"result": [0.09989322099954734, 0.1977665304993934], "stats": [{"ci_99": [0.09457764200124075, 0.1029653870009497], "q_25": 0.0977386600002319, "q_75": 0.1017657045008491, "min": 0.09457764200124075, "max": 0.1029653870009497, "mean": 0.09969662970015633, "std": 0.0026183708327292606, "repeat": 10, "number": 1}, {"ci_99": [0.1926227050007583, 0.20670697700006713], "q_25": 0.19449331625082777, "q_75": 0.19943143625005177, "min": 0.1926227050007583, "max": 0.20670697700006713, "mean": 0.1980723623002632, "std": 0.004332469104053952, "repeat": 10, "number": 1}], "params": [["False", "True"]]}, "time_solve_models.TimeSolveDFN.time_solve_model": {"result": [1.187945250499979, 1.355611493001561], "stats": [{"ci_99": [1.1222949634439991, 1.2615010775567035], "q_25": 1.1646434122508253, "q_75": 1.22271644725015, "min": 1.1319184000003588, "max": 1.2523962430004758, "mean": 1.191898020500351, "std": 0.04135733774324179, "repeat": 6, "number": 1}, {"ci_99": [1.3241912110006524, 1.407875540000532], "q_25": 1.3306146529994294, "q_75": 1.3767923600007634, "min": 1.3241912110006524, "max": 1.407875540000532, "mean": 1.3572691345557866, "std": 0.026182593686759244, "repeat": 9, "number": 1}], "params": [["True", "False"]]}, "time_solve_models.TimeSolveSPM.time_solve_model": {"result": [0.05373300700011896, 0.0897390145009922], "stats": [{"ci_99": [0.051651097999638296, 0.055872220000310335], "q_25": 0.05349768300038704, "q_75": 0.05430918549973285, "min": 0.051651097999638296, "max": 0.055872220000310335, "mean": 0.05386654899994028, "std": 0.0011533033352426523, "repeat": 10, "number": 1}, {"ci_99": [0.08795170300072641, 0.1011759789998905], "q_25": 0.08910361325024496, "q_75": 0.09191855025028417, "min": 0.08795170300072641, "max": 0.1011759789998905, "mean": 0.09137817420032661, "std": 0.0039777469737431615, "repeat": 10, "number": 1}], "params": [["True", "False"]]}, "time_solve_models.TimeSolveSPMe.time_solve_model": {"result": [0.08923536200018134, 0.1468116430005466], "stats": [{"ci_99": [0.08739360000072338, 0.09190262899937807], "q_25": 0.08873005899977215, "q_75": 0.0901065664993439, "min": 0.08739360000072338, "max": 0.09190262899937807, "mean": 0.08943054339997616, "std": 0.0012067035277429235, "repeat": 10, "number": 1}, {"ci_99": [0.13762599300025613, 0.15270967499964172], "q_25": 0.14510723474950282, "q_75": 0.14798657399978765, "min": 0.13762599300025613, "max": 0.15270967499964172, "mean": 0.14629393030008941, "std": 0.0036120019879450345, "repeat": 10, "number": 1}], "params": [["True", "False"]]}}, "params": {"machine": "GitHubRunner", "python": "3.8"}, "requirements": {}, "commit_hash": "5ff13ed4e4fa0f80d9200bcd6669d0cf336b9a77", "date": 1594115565000, "env_name": "virtualenv-py3.8", "python": "3.8", "profiles": {}, "started_at": {"time_setup_models_and_sims.TimeBuildDFN.time_setup_DFN": 1613581906381, "time_setup_models_and_sims.TimeBuildDFNSimulation.time_setup_DFN_simulation": 1613581910850, "time_setup_models_and_sims.TimeBuildSPM.time_setup_SPM": 1613581912517, "time_setup_models_and_sims.TimeBuildSPMSimulation.time_setup_SPM_simulation": 1613581915834, "time_setup_models_and_sims.TimeBuildSPMe.time_setup_SPMe": 1613581919705, "time_setup_models_and_sims.TimeBuildSPMeSimulation.time_setup_SPMe_simulation": 1613581923622, "time_solve_models.TimeSolveDFN.time_solve_model": 1613581925540, "time_solve_models.TimeSolveSPM.time_solve_model": 1613581951630, "time_solve_models.TimeSolveSPMe.time_solve_model": 1613581961019}, "ended_at": {"time_setup_models_and_sims.TimeBuildDFN.time_setup_DFN": 1613581910849, "time_setup_models_and_sims.TimeBuildDFNSimulation.time_setup_DFN_simulation": 1613581912516, "time_setup_models_and_sims.TimeBuildSPM.time_setup_SPM": 1613581915833, "time_setup_models_and_sims.TimeBuildSPMSimulation.time_setup_SPM_simulation": 1613581919705, "time_setup_models_and_sims.TimeBuildSPMe.time_setup_SPMe": 1613581923622, "time_setup_models_and_sims.TimeBuildSPMeSimulation.time_setup_SPMe_simulation": 1613581925539, "time_solve_models.TimeSolveDFN.time_solve_model": 1613581951629, "time_solve_models.TimeSolveSPM.time_solve_model": 1613581961019, "time_solve_models.TimeSolveSPMe.time_solve_model": 1613581972716}, "benchmark_version": {"time_setup_models_and_sims.TimeBuildDFN.time_setup_DFN": "5f322e51e6b7e66125ee6949bdf25746005db467e8ffcfdcb3ace170e92bbc3d", "time_setup_models_and_sims.TimeBuildDFNSimulation.time_setup_DFN_simulation": "8de44bc542fa7d4ba28a80f24414a9444b5436673aaebba674918f5f0bfd0ebb", "time_setup_models_and_sims.TimeBuildSPM.time_setup_SPM": "0d0b3f5c67fc2da9a5794c66b70af5a45a09558d1ee95f738745385adb84fbca", "time_setup_models_and_sims.TimeBuildSPMSimulation.time_setup_SPM_simulation": "161220a99418ce4487cc29325cbae897f28d0e44ae07e1dfbfaac2cbc53a4ff9", "time_setup_models_and_sims.TimeBuildSPMe.time_setup_SPMe": "6083f5ff944353395eb4b21c97b02af555fe6528de3cd5283f5e139943945235", "time_setup_models_and_sims.TimeBuildSPMeSimulation.time_setup_SPMe_simulation": "530563cb559427795e3648d9648df9250ae100b7721f69eec356bdda7798c55e", "time_solve_models.TimeSolveDFN.time_solve_model": "914137228e20e5900cec36b0d3865f1faa2f5d479c7d6c2539514791f9ec4430", "time_solve_models.TimeSolveSPM.time_solve_model": "ef1bb5f8d1ddfa59650e20438c4b252d73e5a062714848ce1d6d5269382bc598", "time_solve_models.TimeSolveSPMe.time_solve_model": "20672028872f4620ce85e909bae705d9490de441e926510b2b0e53ff0881d87b"}, "version": 1}