{"results": {"time_setup_models_and_sims.TimeBuildDFN.time_setup_DFN": {"result": [0.7106130105003103], "stats": [{"ci_99": [0.6951005310002074, 0.7387978599999769], "q_25": 0.7015392689995679, "q_75": 0.7274010955006815, "min": 0.6951005310002074, "max": 0.7387978599999769, "mean": 0.714355461300147, "std": 0.014486487432960746, "repeat": 10, "number": 1}]}, "time_setup_models_and_sims.TimeBuildDFNSimulation.time_setup_DFN_simulation": {"result": [0.07836500450048334, 0.1577286624997214], "stats": [{"ci_99": [0.07472373299970059, 0.08403308500055573], "q_25": 0.07781135075083512, "q_75": 0.0792935819995364, "min": 0.07472373299970059, "max": 0.08403308500055573, "mean": 0.07885153590013942, "std": 0.0024136464661536883, "repeat": 10, "number": 1}, {"ci_99": [0.1556195029988885, 0.1631385410000803], "q_25": 0.15654980850058564, "q_75": 0.1590162424990922, "min": 0.1556195029988885, "max": 0.1631385410000803, "mean": 0.15813524499972118, "std": 0.002075266567852098, "repeat": 10, "number": 1}], "params": [["False", "True"]]}, "time_setup_models_and_sims.TimeBuildSPM.time_setup_SPM": {"result": [0.5261283945001196], "stats": [{"ci_99": [0.5144340850001754, 0.5392626119992201], "q_25": 0.5214897970004131, "q_75": 0.5295017680005003, "min": 0.5144340850001754, "max": 0.5392626119992201, "mean": 0.5261325645002216, "std": 0.007061282034350061, "repeat": 10, "number": 1}]}, "time_setup_models_and_sims.TimeBuildSPMSimulation.time_setup_SPM_simulation": {"result": [0.20880420850062364, 0.39945191249989875], "stats": [{"ci_99": [0.20756479800002126, 0.21354693200009933], "q_25": 0.2082886520001921, "q_75": 0.212287882749024, "min": 0.20756479800002126, "max": 0.21354693200009933, "mean": 0.21000462539977888, "std": 0.0022223927894018357, "repeat": 10, "number": 1}, {"ci_99": [0.39597119899917743, 0.40641784599938546], "q_25": 0.39906955424930857, "q_75": 0.3999394215011307, "min": 0.39597119899917743, "max": 0.40641784599938546, "mean": 0.3999485152999114, "std": 0.003047543165216426, "repeat": 10, "number": 1}], "params": [["False", "True"]]}, "time_setup_models_and_sims.TimeBuildSPMe.time_setup_SPMe": {"result": [0.6307904519999283], "stats": [{"ci_99": [0.6189615930015862, 0.6410713019995455], "q_25": 0.6302279345004536, "q_75": 0.6324977777499043, "min": 0.6189615930015862, "max": 0.6410713019995455, "mean": 0.6304761406001489, "std": 0.0055650070161215445, "repeat": 10, "number": 1}]}, "time_setup_models_and_sims.TimeBuildSPMeSimulation.time_setup_SPMe_simulation": {"result": [0.10134828650006966, 0.20073050950031757], "stats": [{"ci_99": [0.0999932800004899, 0.10190258900001936], "q_25": 0.10110180949914138, "q_75": 0.10143123574971469, "min": 0.0999932800004899, "max": 0.10190258900001936, "mean": 0.10123596609992092, "std": 0.0004827669717610379, "repeat": 10, "number": 1}, {"ci_99": [0.1995816590006143, 0.2045548879996204], "q_25": 0.20034353700020802, "q_75": 0.20131588925005417, "min": 0.1995816590006143, "max": 0.2045548879996204, "mean": 0.20132865620016674, "std": 0.0016775396271676043, "repeat": 10, "number": 1}], "params": [["False", "True"]]}, "time_solve_models.TimeSolveDFN.time_solve_model": {"result": [1.2140234879989293, 1.3757903810010248], "stats": [{"ci_99": [1.185651556612462, 1.2521258400537443], "q_25": 1.2010631787493367, "q_75": 1.236551524749757, "min": 1.1983019660001446, "max": 1.24617930200111, "mean": 1.218888698333103, "std": 0.019392460051991092, "repeat": 6, "number": 1}, {"ci_99": [1.3527835670010973, 1.3955801740012248], "q_25": 1.3675541509987852, "q_75": 1.382280180500402, "min": 1.3527835670010973, "max": 1.3955801740012248, "mean": 1.3747760383753302, "std": 0.012610474849919567, "repeat": 8, "number": 1}], "params": [["True", "False"]]}, "time_solve_models.TimeSolveSPM.time_solve_model": {"result": [0.0545294664989342, 0.08982442300020921], "stats": [{"ci_99": [0.051800901999740745, 0.05640922700149531], "q_25": 0.05341631074907127, "q_75": 0.05597659900013241, "min": 0.051800901999740745, "max": 0.05640922700149531, "mean": 0.05453758659987216, "std": 0.0014783824939336655, "repeat": 10, "number": 1}, {"ci_99": [0.08744930899956671, 0.09158213000046089], "q_25": 0.08926991950056617, "q_75": 0.09087142649968882, "min": 0.08744930899956671, "max": 0.09158213000046089, "mean": 0.08987941190007405, "std": 0.0012330363001467309, "repeat": 10, "number": 1}], "params": [["True", "False"]]}, "time_solve_models.TimeSolveSPMe.time_solve_model": {"result": [0.0900883744998282, 0.14862266599993745], "stats": [{"ci_99": [0.08769820999987132, 0.09099812800013751], "q_25": 0.08975709525020648, "q_75": 0.09065867774916114, "min": 0.08769820999987132, "max": 0.09099812800013751, "mean": 0.08999991289983882, "std": 0.0009114711274563506, "repeat": 10, "number": 1}, {"ci_99": [0.14318553100019926, 0.1602646339997591], "q_25": 0.14653977424950426, "q_75": 0.15019297149910926, "min": 0.14318553100019926, "max": 0.1602646339997591, "mean": 0.1490752863997841, "std": 0.004325009565314642, "repeat": 10, "number": 1}], "params": [["True", "False"]]}}, "params": {"machine": "GitHubRunner", "python": "3.8"}, "requirements": {}, "commit_hash": "60d0d5acca94ef68e3ab453be714d5c715a0bfdc", "date": 1593606852000, "env_name": "virtualenv-py3.8", "python": "3.8", "profiles": {}, "started_at": {"time_setup_models_and_sims.TimeBuildDFN.time_setup_DFN": 1613582044517, "time_setup_models_and_sims.TimeBuildDFNSimulation.time_setup_DFN_simulation": 1613582048985, "time_setup_models_and_sims.TimeBuildSPM.time_setup_SPM": 1613582050698, "time_setup_models_and_sims.TimeBuildSPMSimulation.time_setup_SPM_simulation": 1613582054113, "time_setup_models_and_sims.TimeBuildSPMe.time_setup_SPMe": 1613582058233, "time_setup_models_and_sims.TimeBuildSPMeSimulation.time_setup_SPMe_simulation": 1613582062300, "time_solve_models.TimeSolveDFN.time_solve_model": 1613582064364, "time_solve_models.TimeSolveSPM.time_solve_model": 1613582089051, "time_solve_models.TimeSolveSPMe.time_solve_model": 1613582098386}, "ended_at": {"time_setup_models_and_sims.TimeBuildDFN.time_setup_DFN": 1613582048985, "time_setup_models_and_sims.TimeBuildDFNSimulation.time_setup_DFN_simulation": 1613582050697, "time_setup_models_and_sims.TimeBuildSPM.time_setup_SPM": 1613582054113, "time_setup_models_and_sims.TimeBuildSPMSimulation.time_setup_SPM_simulation": 1613582058232, "time_setup_models_and_sims.TimeBuildSPMe.time_setup_SPMe": 1613582062299, "time_setup_models_and_sims.TimeBuildSPMeSimulation.time_setup_SPMe_simulation": 1613582064363, "time_solve_models.TimeSolveDFN.time_solve_model": 1613582089050, "time_solve_models.TimeSolveSPM.time_solve_model": 1613582098385, "time_solve_models.TimeSolveSPMe.time_solve_model": 1613582110230}, "benchmark_version": {"time_setup_models_and_sims.TimeBuildDFN.time_setup_DFN": "5f322e51e6b7e66125ee6949bdf25746005db467e8ffcfdcb3ace170e92bbc3d", "time_setup_models_and_sims.TimeBuildDFNSimulation.time_setup_DFN_simulation": "8de44bc542fa7d4ba28a80f24414a9444b5436673aaebba674918f5f0bfd0ebb", "time_setup_models_and_sims.TimeBuildSPM.time_setup_SPM": "0d0b3f5c67fc2da9a5794c66b70af5a45a09558d1ee95f738745385adb84fbca", "time_setup_models_and_sims.TimeBuildSPMSimulation.time_setup_SPM_simulation": "161220a99418ce4487cc29325cbae897f28d0e44ae07e1dfbfaac2cbc53a4ff9", "time_setup_models_and_sims.TimeBuildSPMe.time_setup_SPMe": "6083f5ff944353395eb4b21c97b02af555fe6528de3cd5283f5e139943945235", "time_setup_models_and_sims.TimeBuildSPMeSimulation.time_setup_SPMe_simulation": "530563cb559427795e3648d9648df9250ae100b7721f69eec356bdda7798c55e", "time_solve_models.TimeSolveDFN.time_solve_model": "914137228e20e5900cec36b0d3865f1faa2f5d479c7d6c2539514791f9ec4430", "time_solve_models.TimeSolveSPM.time_solve_model": "ef1bb5f8d1ddfa59650e20438c4b252d73e5a062714848ce1d6d5269382bc598", "time_solve_models.TimeSolveSPMe.time_solve_model": "20672028872f4620ce85e909bae705d9490de441e926510b2b0e53ff0881d87b"}, "version": 1}