{"results": {"time_setup_models_and_sims.TimeBuildDFN.time_setup_DFN": {"result": [0.7161817845003497], "stats": [{"ci_99": [0.7044638959996519, 0.7318304850005006], "q_25": 0.715135750000627, "q_75": 0.7205834959997901, "min": 0.7044638959996519, "max": 0.7318304850005006, "mean": 0.718010917400079, "std": 0.007360649738723951, "repeat": 10, "number": 1}]}, "time_setup_models_and_sims.TimeBuildDFNSimulation.time_setup_DFN_simulation": {"result": [0.06654864900019675, 0.13092788349968032], "stats": [{"ci_99": [0.0633061299995461, 0.0675340600000709], "q_25": 0.06453138174970263, "q_75": 0.06687030374973801, "min": 0.0633061299995461, "max": 0.0675340600000709, "mean": 0.06583404419989165, "std": 0.0013974339221390587, "repeat": 10, "number": 1}, {"ci_99": [0.1276853690005737, 0.13461451599960128], "q_25": 0.1303690007498517, "q_75": 0.1324592975001906, "min": 0.1276853690005737, "max": 0.13461451599960128, "mean": 0.13122450509990813, "std": 0.001871833115718428, "repeat": 10, "number": 1}], "params": [["False", "True"]]}, "time_setup_models_and_sims.TimeBuildSPM.time_setup_SPM": {"result": [0.5048335335000047], "stats": [{"ci_99": [0.4955387690006319, 0.5118727199997011], "q_25": 0.5004578137500175, "q_75": 0.5063029487500899, "min": 0.4955387690006319, "max": 0.5118727199997011, "mean": 0.5040150777000235, "std": 0.004656063433615632, "repeat": 10, "number": 1}]}, "time_setup_models_and_sims.TimeBuildSPMSimulation.time_setup_SPM_simulation": {"result": [0.19468322300008367, 0.36656274000006306], "stats": [{"ci_99": [0.18656204600029014, 0.19786984500024118], "q_25": 0.19274273750011162, "q_75": 0.19582997524980783, "min": 0.18656204600029014, "max": 0.19786984500024118, "mean": 0.19366380490018856, "std": 0.0032511751766884415, "repeat": 10, "number": 1}, {"ci_99": [0.36066690700045, 0.37544990700007475], "q_25": 0.36479284224992625, "q_75": 0.3677749404998849, "min": 0.36066690700045, "max": 0.37544990700007475, "mean": 0.36673880959997407, "std": 0.0036051033696042306, "repeat": 10, "number": 1}], "params": [["False", "True"]]}, "time_setup_models_and_sims.TimeBuildSPMe.time_setup_SPMe": {"result": [0.5930711399996653], "stats": [{"ci_99": [0.5875791890002802, 0.6004133050000746], "q_25": 0.5912722860002759, "q_75": 0.5949789164994854, "min": 0.5875791890002802, "max": 0.6004133050000746, "mean": 0.5933840618998147, "std": 0.003376991860124647, "repeat": 10, "number": 1}]}, "time_setup_models_and_sims.TimeBuildSPMeSimulation.time_setup_SPMe_simulation": {"result": [0.08255840950005222, 0.16400450250012], "stats": [{"ci_99": [0.08035703499990632, 0.08799458600060461], "q_25": 0.0818109547496988, "q_75": 0.08399021224977332, "min": 0.08035703499990632, "max": 0.08799458600060461, "mean": 0.08309336849997635, "std": 0.0020653292653978303, "repeat": 10, "number": 1}, {"ci_99": [0.15771635100009007, 0.16585710500021378], "q_25": 0.1631513514996641, "q_75": 0.1643512505002036, "min": 0.15771635100009007, "max": 0.16585710500021378, "mean": 0.1633046177000324, "std": 0.002141432796059119, "repeat": 10, "number": 1}], "params": [["False", "True"]]}, "time_solve_models.TimeSolveDFN.time_solve_model": {"result": [0.8960569089999808, 1.0346150209998086], "stats": [{"ci_99": [0.7807162850003806, 0.9059912229995462], "q_25": 0.7992759685000692, "q_75": 0.901588672500111, "min": 0.7807162850003806, "max": 0.9059912229995462, "mean": 0.8602134325000179, "std": 0.052777112816375184, "repeat": 8, "number": 1}, {"ci_99": [0.909529528999883, 1.0679563849998885], "q_25": 0.945560015750516, "q_75": 1.0625974882500486, "min": 0.909529528999883, "max": 1.0679563849998885, "mean": 1.0078166099000554, "std": 0.06021024214123068, "repeat": 10, "number": 1}], "params": [["True", "False"]]}, "time_solve_models.TimeSolveSPM.time_solve_model": {"result": [0.04665876399985791, 0.08265245099937601], "stats": [{"ci_99": [0.044328492999738955, 0.0479906230002598], "q_25": 0.04629918475029626, "q_75": 0.047641615250086033, "min": 0.044328492999738955, "max": 0.0479906230002598, "mean": 0.04667739130018163, "std": 0.0010605476786166499, "repeat": 10, "number": 1}, {"ci_99": [0.07646820599984494, 0.08678088299984665], "q_25": 0.07792589075029355, "q_75": 0.08538769875053731, "min": 0.07646820599984494, "max": 0.08678088299984665, "mean": 0.08194384640000862, "std": 0.003911152970792314, "repeat": 10, "number": 1}], "params": [["True", "False"]]}, "time_solve_models.TimeSolveSPMe.time_solve_model": {"result": [0.0628135680003652, 0.12396477499942193], "stats": [{"ci_99": [0.058308186000431306, 0.06699804900017625], "q_25": 0.061410856249949575, "q_75": 0.06603931800032115, "min": 0.058308186000431306, "max": 0.06699804900017625, "mean": 0.06327837160015407, "std": 0.0027666898748244556, "repeat": 10, "number": 1}, {"ci_99": [0.12266360900048312, 0.13140537999970547], "q_25": 0.12346964350012968, "q_75": 0.12448744900029851, "min": 0.12266360900048312, "max": 0.13140537999970547, "mean": 0.12463812879996113, "std": 0.0023684622779922646, "repeat": 10, "number": 1}], "params": [["True", "False"]]}}, "params": {"machine": "GitHubRunner", "python": "3.8"}, "requirements": {}, "commit_hash": "61ae45241b353949359d0b5704b0961bf1518eb3", "date": 1604323820000, "env_name": "virtualenv-py3.8", "python": "3.8", "profiles": {}, "started_at": {"time_setup_models_and_sims.TimeBuildDFN.time_setup_DFN": 1613578650408, "time_setup_models_and_sims.TimeBuildDFNSimulation.time_setup_DFN_simulation": 1613578654977, "time_setup_models_and_sims.TimeBuildSPM.time_setup_SPM": 1613578656439, "time_setup_models_and_sims.TimeBuildSPMSimulation.time_setup_SPM_simulation": 1613578659803, "time_setup_models_and_sims.TimeBuildSPMe.time_setup_SPMe": 1613578663623, "time_setup_models_and_sims.TimeBuildSPMeSimulation.time_setup_SPMe_simulation": 1613578667488, "time_solve_models.TimeSolveDFN.time_solve_model": 1613578669354, "time_solve_models.TimeSolveSPM.time_solve_model": 1613578693290, "time_solve_models.TimeSolveSPMe.time_solve_model": 1613578702326}, "ended_at": {"time_setup_models_and_sims.TimeBuildDFN.time_setup_DFN": 1613578654977, "time_setup_models_and_sims.TimeBuildDFNSimulation.time_setup_DFN_simulation": 1613578656438, "time_setup_models_and_sims.TimeBuildSPM.time_setup_SPM": 1613578659802, "time_setup_models_and_sims.TimeBuildSPMSimulation.time_setup_SPM_simulation": 1613578663622, "time_setup_models_and_sims.TimeBuildSPMe.time_setup_SPMe": 1613578667488, "time_setup_models_and_sims.TimeBuildSPMeSimulation.time_setup_SPMe_simulation": 1613578669353, "time_solve_models.TimeSolveDFN.time_solve_model": 1613578693289, "time_solve_models.TimeSolveSPM.time_solve_model": 1613578702325, "time_solve_models.TimeSolveSPMe.time_solve_model": 1613578712567}, "benchmark_version": {"time_setup_models_and_sims.TimeBuildDFN.time_setup_DFN": "5f322e51e6b7e66125ee6949bdf25746005db467e8ffcfdcb3ace170e92bbc3d", "time_setup_models_and_sims.TimeBuildDFNSimulation.time_setup_DFN_simulation": "8de44bc542fa7d4ba28a80f24414a9444b5436673aaebba674918f5f0bfd0ebb", "time_setup_models_and_sims.TimeBuildSPM.time_setup_SPM": "0d0b3f5c67fc2da9a5794c66b70af5a45a09558d1ee95f738745385adb84fbca", "time_setup_models_and_sims.TimeBuildSPMSimulation.time_setup_SPM_simulation": "161220a99418ce4487cc29325cbae897f28d0e44ae07e1dfbfaac2cbc53a4ff9", "time_setup_models_and_sims.TimeBuildSPMe.time_setup_SPMe": "6083f5ff944353395eb4b21c97b02af555fe6528de3cd5283f5e139943945235", "time_setup_models_and_sims.TimeBuildSPMeSimulation.time_setup_SPMe_simulation": "530563cb559427795e3648d9648df9250ae100b7721f69eec356bdda7798c55e", "time_solve_models.TimeSolveDFN.time_solve_model": "914137228e20e5900cec36b0d3865f1faa2f5d479c7d6c2539514791f9ec4430", "time_solve_models.TimeSolveSPM.time_solve_model": "ef1bb5f8d1ddfa59650e20438c4b252d73e5a062714848ce1d6d5269382bc598", "time_solve_models.TimeSolveSPMe.time_solve_model": "20672028872f4620ce85e909bae705d9490de441e926510b2b0e53ff0881d87b"}, "version": 1}