{"results": {"time_setup_models_and_sims.TimeBuildDFN.time_setup_DFN": {"result": [0.8069058500004758], "stats": [{"ci_99": [0.7940535219986486, 0.8299108440005512], "q_25": 0.7978684955010067, "q_75": 0.8195970802498778, "min": 0.7940535219986486, "max": 0.8299108440005512, "mean": 0.8094336871003179, "std": 0.012204981358532261, "repeat": 10, "number": 1}]}, "time_setup_models_and_sims.TimeBuildDFNSimulation.time_setup_DFN_simulation": {"result": [0.07779457250035193, 0.1519511224996677], "stats": [{"ci_99": [0.07580256100118277, 0.08516121699904033], "q_25": 0.07725584424952103, "q_75": 0.07848815150009614, "min": 0.07580256100118277, "max": 0.08516121699904033, "mean": 0.07840368619999935, "std": 0.0024342052299469057, "repeat": 10, "number": 1}, {"ci_99": [0.14869260200066492, 0.15618124899992836], "q_25": 0.15024223799991887, "q_75": 0.15298950400028843, "min": 0.14869260200066492, "max": 0.15618124899992836, "mean": 0.15185922230011784, "std": 0.0020169778194755986, "repeat": 10, "number": 1}], "params": [["False", "True"]]}, "time_setup_models_and_sims.TimeBuildSPM.time_setup_SPM": {"result": [0.5589398940001047], "stats": [{"ci_99": [0.5448539080007322, 0.5731437820013525], "q_25": 0.5486689827494047, "q_75": 0.5660583384997153, "min": 0.5448539080007322, "max": 0.5731437820013525, "mean": 0.558126760200139, "std": 0.009868991883449118, "repeat": 10, "number": 1}]}, "time_setup_models_and_sims.TimeBuildSPMSimulation.time_setup_SPM_simulation": {"result": [0.1952327354993031, 0.3688055415004783], "stats": [{"ci_99": [0.19377517700013414, 0.2133784960005869], "q_25": 0.19450743100014733, "q_75": 0.2029909077505181, "min": 0.19377517700013414, "max": 0.2133784960005869, "mean": 0.1990853393001089, "std": 0.00618412708042196, "repeat": 10, "number": 1}, {"ci_99": [0.36222129899942956, 0.37640418599949044], "q_25": 0.3655912705003175, "q_75": 0.37088817824906073, "min": 0.36222129899942956, "max": 0.37640418599949044, "mean": 0.36852547849994155, "std": 0.003907397813549338, "repeat": 10, "number": 1}], "params": [["False", "True"]]}, "time_setup_models_and_sims.TimeBuildSPMe.time_setup_SPMe": {"result": [0.6782935700011876], "stats": [{"ci_99": [0.6688668610004243, 0.6961405299989565], "q_25": 0.6764072572505029, "q_75": 0.6821048427505048, "min": 0.6688668610004243, "max": 0.6961405299989565, "mean": 0.6794872871003463, "std": 0.007525270861653866, "repeat": 10, "number": 1}]}, "time_setup_models_and_sims.TimeBuildSPMeSimulation.time_setup_SPMe_simulation": {"result": [0.09828324699992663, 0.17926883899963286], "stats": [{"ci_99": [0.08461531499960984, 0.10454403500079934], "q_25": 0.09749354224913986, "q_75": 0.09879225000031511, "min": 0.08461531499960984, "max": 0.10454403500079934, "mean": 0.09757937279973702, "std": 0.004824372803349834, "repeat": 10, "number": 1}, {"ci_99": [0.15620784899874707, 0.195711387999836], "q_25": 0.16119962950006084, "q_75": 0.18961250124948492, "min": 0.15620784899874707, "max": 0.195711387999836, "mean": 0.1758467979996567, "std": 0.01514122523341412, "repeat": 10, "number": 1}], "params": [["False", "True"]]}, "time_solve_models.TimeSolveDFN.time_solve_model": {"result": [1.1602173459996266, 1.3159760939997796], "stats": [{"ci_99": [1.147657067000182, 1.1711467335064876], "q_25": 1.1557462450005005, "q_75": 1.1646382720000474, "min": 1.147657067000182, "max": 1.1686461999997846, "mean": 1.1595176251666999, "std": 0.00705356137697549, "repeat": 6, "number": 1}, {"ci_99": [1.296343968999281, 1.3355126070000551], "q_25": 1.3022559300002285, "q_75": 1.330504156999723, "min": 1.296343968999281, "max": 1.3355126070000551, "mean": 1.316116166999791, "std": 0.014472993935737073, "repeat": 8, "number": 1}], "params": [["True", "False"]]}, "time_solve_models.TimeSolveSPM.time_solve_model": {"result": [0.05368312600057834, 0.08877703899997869], "stats": [{"ci_99": [0.052959820999603835, 0.05547083700002986], "q_25": 0.05325777325060699, "q_75": 0.054604656750143477, "min": 0.052959820999603835, "max": 0.05547083700002986, "mean": 0.05392567750004673, "std": 0.0008091234348981181, "repeat": 10, "number": 1}, {"ci_99": [0.0860204229993542, 0.09200235899879772], "q_25": 0.0876019564998387, "q_75": 0.09075532624956395, "min": 0.0860204229993542, "max": 0.09200235899879772, "mean": 0.08907093089983391, "std": 0.001964920797064223, "repeat": 10, "number": 1}], "params": [["True", "False"]]}, "time_solve_models.TimeSolveSPMe.time_solve_model": {"result": [0.08680792699942685, 0.14468502849922515], "stats": [{"ci_99": [0.0823467990012432, 0.09029824899880623], "q_25": 0.08449738750005054, "q_75": 0.08765283200045815, "min": 0.0823467990012432, "max": 0.09029824899880623, "mean": 0.08629572379977617, "std": 0.002414544110292635, "repeat": 10, "number": 1}, {"ci_99": [0.13618252600099368, 0.14729159400121716], "q_25": 0.1418556109997553, "q_75": 0.1464243394998448, "min": 0.13618252600099368, "max": 0.14729159400121716, "mean": 0.14333057010007905, "std": 0.003913669568167508, "repeat": 10, "number": 1}], "params": [["True", "False"]]}}, "params": {"machine": "GitHubRunner", "python": "3.8"}, "requirements": {}, "commit_hash": "665f6c02c9a85e18c834f4df6b6ce688131aa9c3", "date": 1590584626000, "env_name": "virtualenv-py3.8", "python": "3.8", "profiles": {}, "started_at": {"time_setup_models_and_sims.TimeBuildDFN.time_setup_DFN": 1613584006686, "time_setup_models_and_sims.TimeBuildDFNSimulation.time_setup_DFN_simulation": 1613584011806, "time_setup_models_and_sims.TimeBuildSPM.time_setup_SPM": 1613584013469, "time_setup_models_and_sims.TimeBuildSPMSimulation.time_setup_SPM_simulation": 1613584017086, "time_setup_models_and_sims.TimeBuildSPMe.time_setup_SPMe": 1613584020959, "time_setup_models_and_sims.TimeBuildSPMeSimulation.time_setup_SPMe_simulation": 1613584025330, "time_solve_models.TimeSolveDFN.time_solve_model": 1613584027295, "time_solve_models.TimeSolveSPM.time_solve_model": 1613584052436, "time_solve_models.TimeSolveSPMe.time_solve_model": 1613584061929}, "ended_at": {"time_setup_models_and_sims.TimeBuildDFN.time_setup_DFN": 1613584011806, "time_setup_models_and_sims.TimeBuildDFNSimulation.time_setup_DFN_simulation": 1613584013469, "time_setup_models_and_sims.TimeBuildSPM.time_setup_SPM": 1613584017086, "time_setup_models_and_sims.TimeBuildSPMSimulation.time_setup_SPM_simulation": 1613584020958, "time_setup_models_and_sims.TimeBuildSPMe.time_setup_SPMe": 1613584025330, "time_setup_models_and_sims.TimeBuildSPMeSimulation.time_setup_SPMe_simulation": 1613584027294, "time_solve_models.TimeSolveDFN.time_solve_model": 1613584052435, "time_solve_models.TimeSolveSPM.time_solve_model": 1613584061928, "time_solve_models.TimeSolveSPMe.time_solve_model": 1613584073621}, "benchmark_version": {"time_setup_models_and_sims.TimeBuildDFN.time_setup_DFN": "5f322e51e6b7e66125ee6949bdf25746005db467e8ffcfdcb3ace170e92bbc3d", "time_setup_models_and_sims.TimeBuildDFNSimulation.time_setup_DFN_simulation": "8de44bc542fa7d4ba28a80f24414a9444b5436673aaebba674918f5f0bfd0ebb", "time_setup_models_and_sims.TimeBuildSPM.time_setup_SPM": "0d0b3f5c67fc2da9a5794c66b70af5a45a09558d1ee95f738745385adb84fbca", "time_setup_models_and_sims.TimeBuildSPMSimulation.time_setup_SPM_simulation": "161220a99418ce4487cc29325cbae897f28d0e44ae07e1dfbfaac2cbc53a4ff9", "time_setup_models_and_sims.TimeBuildSPMe.time_setup_SPMe": "6083f5ff944353395eb4b21c97b02af555fe6528de3cd5283f5e139943945235", "time_setup_models_and_sims.TimeBuildSPMeSimulation.time_setup_SPMe_simulation": "530563cb559427795e3648d9648df9250ae100b7721f69eec356bdda7798c55e", "time_solve_models.TimeSolveDFN.time_solve_model": "914137228e20e5900cec36b0d3865f1faa2f5d479c7d6c2539514791f9ec4430", "time_solve_models.TimeSolveSPM.time_solve_model": "ef1bb5f8d1ddfa59650e20438c4b252d73e5a062714848ce1d6d5269382bc598", "time_solve_models.TimeSolveSPMe.time_solve_model": "20672028872f4620ce85e909bae705d9490de441e926510b2b0e53ff0881d87b"}, "version": 1}