{"results": {"time_setup_models_and_sims.TimeBuildDFN.time_setup_DFN": {"result": [0.7559312509999927], "stats": [{"ci_99": [0.7463517999999567, 0.7682920580000427], "q_25": 0.7510130592498854, "q_75": 0.7589571589998059, "min": 0.7463517999999567, "max": 0.7682920580000427, "mean": 0.7558313818999067, "std": 0.006394203530374326, "repeat": 10, "number": 1}]}, "time_setup_models_and_sims.TimeBuildDFNSimulation.time_setup_DFN_simulation": {"result": [0.0938924870001756, 0.15594080849996317], "stats": [{"ci_99": [0.09297868599969661, 0.097598009000194], "q_25": 0.09341255625008671, "q_75": 0.09457306375009011, "min": 0.09297868599969661, "max": 0.097598009000194, "mean": 0.09439318950007873, "std": 0.001394590290999497, "repeat": 10, "number": 1}, {"ci_99": [0.15427290500019808, 0.15846162799971353], "q_25": 0.15519073250004567, "q_75": 0.15670155675024944, "min": 0.15427290500019808, "max": 0.15846162799971353, "mean": 0.15600392890000875, "std": 0.0011554299175855598, "repeat": 10, "number": 1}], "params": [["False", "True"]]}, "time_setup_models_and_sims.TimeBuildSPM.time_setup_SPM": {"result": [0.5420581890000449], "stats": [{"ci_99": [0.4637891209999907, 0.5555411600003026], "q_25": 0.5189743485001372, "q_75": 0.5506730942502145, "min": 0.4637891209999907, "max": 0.5555411600003026, "mean": 0.5277249644001586, "std": 0.03243533340081883, "repeat": 10, "number": 1}]}, "time_setup_models_and_sims.TimeBuildSPMSimulation.time_setup_SPM_simulation": {"result": [0.22853979149977022, 0.278752493499951], "stats": [{"ci_99": [0.22575236200009385, 0.2364459169998554], "q_25": 0.22735364400000435, "q_75": 0.23029943900007765, "min": 0.22575236200009385, "max": 0.2364459169998554, "mean": 0.22922666739996203, "std": 0.002898858340517383, "repeat": 10, "number": 1}, {"ci_99": [0.27491653299966856, 0.2834108570000353], "q_25": 0.27706024474980495, "q_75": 0.27978186374991765, "min": 0.27491653299966856, "max": 0.2834108570000353, "mean": 0.27864819279989206, "std": 0.0023309314523824658, "repeat": 10, "number": 1}], "params": [["False", "True"]]}, "time_setup_models_and_sims.TimeBuildSPMe.time_setup_SPMe": {"result": [0.6365092715000173], "stats": [{"ci_99": [0.6268118200000572, 0.6455227179999383], "q_25": 0.6325181202500971, "q_75": 0.6384858677498642, "min": 0.6268118200000572, "max": 0.6455227179999383, "mean": 0.6362675829000182, "std": 0.005754479202283121, "repeat": 10, "number": 1}]}, "time_setup_models_and_sims.TimeBuildSPMeSimulation.time_setup_SPMe_simulation": {"result": [0.11564104400008546, 0.18603305550004734], "stats": [{"ci_99": [0.11503719099982845, 0.12043742700006987], "q_25": 0.11514274400008162, "q_75": 0.1167235579997623, "min": 0.11503719099982845, "max": 0.12043742700006987, "mean": 0.11641358219999347, "std": 0.0017569394244776064, "repeat": 10, "number": 1}, {"ci_99": [0.1808341420000943, 0.19183549999979732], "q_25": 0.1834645174999423, "q_75": 0.18659874650006714, "min": 0.1808341420000943, "max": 0.19183549999979732, "mean": 0.1857957510000233, "std": 0.003346500656456706, "repeat": 10, "number": 1}], "params": [["False", "True"]]}, "time_solve_models.TimeSolveDFN.time_solve_model": {"result": [0.8846699635000732, 1.0693235389996971], "stats": [{"ci_99": [0.8510998239999026, 0.9046369410002626], "q_25": 0.8722083572502015, "q_75": 0.8989510555003335, "min": 0.8510998239999026, "max": 0.9046369410002626, "mean": 0.8833892338751639, "std": 0.017520047957826655, "repeat": 8, "number": 1}, {"ci_99": [1.0566206769999553, 1.0957638009999755], "q_25": 1.061544647999881, "q_75": 1.087570685249716, "min": 1.0566206769999553, "max": 1.0957638009999755, "mean": 1.073493816799828, "std": 0.014109142614823341, "repeat": 10, "number": 1}], "params": [["True", "False"]]}, "time_solve_models.TimeSolveSPM.time_solve_model": {"result": [0.04840754899987587, 0.09057716849997632], "stats": [{"ci_99": [0.047486545000083424, 0.05035796099991785], "q_25": 0.047950322250244426, "q_75": 0.04901310075035781, "min": 0.047486545000083424, "max": 0.05035796099991785, "mean": 0.04852151940008298, "std": 0.000844463287335846, "repeat": 10, "number": 1}, {"ci_99": [0.08812335000038729, 0.09459698900036528], "q_25": 0.08954230699976051, "q_75": 0.09151769400000376, "min": 0.08812335000038729, "max": 0.09459698900036528, "mean": 0.09068661599999359, "std": 0.0018445059014021588, "repeat": 10, "number": 1}], "params": [["True", "False"]]}, "time_solve_models.TimeSolveSPMe.time_solve_model": {"result": [0.06825409999987642, 0.1306201734998922], "stats": [{"ci_99": [0.06522683200000756, 0.07038466299991342], "q_25": 0.06620581200013476, "q_75": 0.06960623449970171, "min": 0.06522683200000756, "max": 0.07038466299991342, "mean": 0.06795403849996547, "std": 0.0018342969881498228, "repeat": 10, "number": 1}, {"ci_99": [0.1233967279999888, 0.13560770000003686], "q_25": 0.12759994999987612, "q_75": 0.13172637274999488, "min": 0.1233967279999888, "max": 0.13560770000003686, "mean": 0.12969766460000756, "std": 0.0036606166919589313, "repeat": 10, "number": 1}], "params": [["True", "False"]]}}, "params": {"machine": "GitHubRunner", "python": "3.8"}, "requirements": {}, "commit_hash": "66b958910c2c4b516a9c31b81c31c3d9513689df", "date": 1609421681000, "env_name": "virtualenv-py3.8", "python": "3.8", "profiles": {}, "started_at": {"time_setup_models_and_sims.TimeBuildDFN.time_setup_DFN": 1613576589151, "time_setup_models_and_sims.TimeBuildDFNSimulation.time_setup_DFN_simulation": 1613576593972, "time_setup_models_and_sims.TimeBuildSPM.time_setup_SPM": 1613576595685, "time_setup_models_and_sims.TimeBuildSPMSimulation.time_setup_SPM_simulation": 1613576599250, "time_setup_models_and_sims.TimeBuildSPMe.time_setup_SPMe": 1613576602567, "time_setup_models_and_sims.TimeBuildSPMeSimulation.time_setup_SPMe_simulation": 1613576606685, "time_solve_models.TimeSolveDFN.time_solve_model": 1613576608751, "time_solve_models.TimeSolveSPM.time_solve_model": 1613576635089, "time_solve_models.TimeSolveSPMe.time_solve_model": 1613576645080}, "ended_at": {"time_setup_models_and_sims.TimeBuildDFN.time_setup_DFN": 1613576593972, "time_setup_models_and_sims.TimeBuildDFNSimulation.time_setup_DFN_simulation": 1613576595684, "time_setup_models_and_sims.TimeBuildSPM.time_setup_SPM": 1613576599250, "time_setup_models_and_sims.TimeBuildSPMSimulation.time_setup_SPM_simulation": 1613576602567, "time_setup_models_and_sims.TimeBuildSPMe.time_setup_SPMe": 1613576606685, "time_setup_models_and_sims.TimeBuildSPMeSimulation.time_setup_SPMe_simulation": 1613576608750, "time_solve_models.TimeSolveDFN.time_solve_model": 1613576635089, "time_solve_models.TimeSolveSPM.time_solve_model": 1613576645079, "time_solve_models.TimeSolveSPMe.time_solve_model": 1613576656724}, "benchmark_version": {"time_setup_models_and_sims.TimeBuildDFN.time_setup_DFN": "5f322e51e6b7e66125ee6949bdf25746005db467e8ffcfdcb3ace170e92bbc3d", "time_setup_models_and_sims.TimeBuildDFNSimulation.time_setup_DFN_simulation": "8de44bc542fa7d4ba28a80f24414a9444b5436673aaebba674918f5f0bfd0ebb", "time_setup_models_and_sims.TimeBuildSPM.time_setup_SPM": "0d0b3f5c67fc2da9a5794c66b70af5a45a09558d1ee95f738745385adb84fbca", "time_setup_models_and_sims.TimeBuildSPMSimulation.time_setup_SPM_simulation": "161220a99418ce4487cc29325cbae897f28d0e44ae07e1dfbfaac2cbc53a4ff9", "time_setup_models_and_sims.TimeBuildSPMe.time_setup_SPMe": "6083f5ff944353395eb4b21c97b02af555fe6528de3cd5283f5e139943945235", "time_setup_models_and_sims.TimeBuildSPMeSimulation.time_setup_SPMe_simulation": "530563cb559427795e3648d9648df9250ae100b7721f69eec356bdda7798c55e", "time_solve_models.TimeSolveDFN.time_solve_model": "914137228e20e5900cec36b0d3865f1faa2f5d479c7d6c2539514791f9ec4430", "time_solve_models.TimeSolveSPM.time_solve_model": "ef1bb5f8d1ddfa59650e20438c4b252d73e5a062714848ce1d6d5269382bc598", "time_solve_models.TimeSolveSPMe.time_solve_model": "20672028872f4620ce85e909bae705d9490de441e926510b2b0e53ff0881d87b"}, "version": 1}