{"results": {"time_setup_models_and_sims.TimeBuildDFN.time_setup_DFN": {"result": [0.921473768499709], "stats": [{"ci_99": [0.9129314490000979, 0.933722212000248], "q_25": 0.9174725987500096, "q_75": 0.9250206102503853, "min": 0.9129314490000979, "max": 0.933722212000248, "mean": 0.9220597928000643, "std": 0.00624634115154803, "repeat": 10, "number": 1}]}, "time_setup_models_and_sims.TimeBuildDFNSimulation.time_setup_DFN_simulation": {"result": [0.2290110574999744, 0.4566531059999761], "stats": [{"ci_99": [0.22204115300064586, 0.23178473499956453], "q_25": 0.2279564914997536, "q_75": 0.2299007972499112, "min": 0.22204115300064586, "max": 0.23178473499956453, "mean": 0.22843068379988835, "std": 0.0025581057713315665, "repeat": 10, "number": 1}, {"ci_99": [0.45221885800037853, 0.46109975299987127], "q_25": 0.4543238967501111, "q_75": 0.4579320317498059, "min": 0.45221885800037853, "max": 0.46109975299987127, "mean": 0.45627661290000104, "std": 0.0026347461245658046, "repeat": 10, "number": 1}], "params": [["False", "True"]]}, "time_setup_models_and_sims.TimeBuildSPM.time_setup_SPM": {"result": [0.636469887000203], "stats": [{"ci_99": [0.6310618750003414, 0.6448305149997395], "q_25": 0.6339875955002299, "q_75": 0.639659706999737, "min": 0.6310618750003414, "max": 0.6448305149997395, "mean": 0.6370324899000479, "std": 0.004456354297461483, "repeat": 10, "number": 1}]}, "time_setup_models_and_sims.TimeBuildSPMSimulation.time_setup_SPM_simulation": {"result": [0.30724188249996587, 0.5899433765002868], "stats": [{"ci_99": [0.3033728059999703, 0.31304534599985345], "q_25": 0.3052928387501197, "q_75": 0.3107548367497657, "min": 0.3033728059999703, "max": 0.31304534599985345, "mean": 0.30792413439985467, "std": 0.003292424566419634, "repeat": 10, "number": 1}, {"ci_99": [0.5805242930000531, 0.5982588079996276], "q_25": 0.5878151019996949, "q_75": 0.5909434822499406, "min": 0.5805242930000531, "max": 0.5982588079996276, "mean": 0.589135591700051, "std": 0.004713753767459374, "repeat": 10, "number": 1}], "params": [["False", "True"]]}, "time_setup_models_and_sims.TimeBuildSPMe.time_setup_SPMe": {"result": [0.7860551824996946], "stats": [{"ci_99": [0.7746105559999705, 0.8029633040005137], "q_25": 0.7824226795000868, "q_75": 0.8000367447500594, "min": 0.7746105559999705, "max": 0.8029633040005137, "mean": 0.7895457253999666, "std": 0.009640751798520758, "repeat": 10, "number": 1}]}, "time_setup_models_and_sims.TimeBuildSPMeSimulation.time_setup_SPMe_simulation": {"result": [0.24649832800014337, 0.4888835579999977], "stats": [{"ci_99": [0.24206347900053515, 0.2492761450002945], "q_25": 0.24474937650006723, "q_75": 0.24752397950010163, "min": 0.24206347900053515, "max": 0.2492761450002945, "mean": 0.2460626251001486, "std": 0.0021531486305074355, "repeat": 10, "number": 1}, {"ci_99": [0.484188959999301, 0.49598057299954235], "q_25": 0.4874164645000292, "q_75": 0.49076783024975157, "min": 0.484188959999301, "max": 0.49598057299954235, "mean": 0.48924604059984633, "std": 0.003084497960243659, "repeat": 10, "number": 1}], "params": [["False", "True"]]}, "time_solve_models.TimeSolveDFN.time_solve_model": {"result": [1.1819636955001442, 1.391383900999699], "stats": [{"ci_99": [1.1418395016949712, 1.2243524669993349], "q_25": 1.1615053367499968, "q_75": 1.1842306767500759, "min": 1.1481378819999009, "max": 1.2243524669993349, "mean": 1.179348326833254, "std": 0.02456290190196458, "repeat": 6, "number": 1}, {"ci_99": [1.3453006540003116, 1.4456333019998056], "q_25": 1.361138952999454, "q_75": 1.4133372684998449, "min": 1.3453006540003116, "max": 1.4456333019998056, "mean": 1.391800928999828, "std": 0.03367352068141197, "repeat": 8, "number": 1}], "params": [["True", "False"]]}, "time_solve_models.TimeSolveSPM.time_solve_model": {"result": [0.050368378999792185, 0.09034013950031294], "stats": [{"ci_99": [0.044216590000360156, 0.05492955699992308], "q_25": 0.04804869074973794, "q_75": 0.05154371000003266, "min": 0.044216590000360156, "max": 0.05492955699992308, "mean": 0.049711424599991005, "std": 0.002995672087239001, "repeat": 10, "number": 1}, {"ci_99": [0.08777177000047232, 0.09959165399959602], "q_25": 0.08856909949963665, "q_75": 0.09294663474975096, "min": 0.08777177000047232, "max": 0.09959165399959602, "mean": 0.09122370539998884, "std": 0.00341606828085892, "repeat": 10, "number": 1}], "params": [["True", "False"]]}, "time_solve_models.TimeSolveSPMe.time_solve_model": {"result": [0.08695571700036453, 0.1451088459998573], "stats": [{"ci_99": [0.0849925570000778, 0.08852457400007552], "q_25": 0.08559158449997994, "q_75": 0.08731051674999435, "min": 0.0849925570000778, "max": 0.08852457400007552, "mean": 0.0866902653001489, "std": 0.0011330738933778624, "repeat": 10, "number": 1}, {"ci_99": [0.14309153700014576, 0.15466020199983177], "q_25": 0.14410409400011304, "q_75": 0.14631862350006486, "min": 0.14309153700014576, "max": 0.15466020199983177, "mean": 0.14616988240004503, "std": 0.003383977246316699, "repeat": 10, "number": 1}], "params": [["True", "False"]]}}, "params": {"machine": "GitHubRunner", "python": "3.8"}, "requirements": {}, "commit_hash": "6726d608ec54084b300739e13e668a62135c08db", "date": 1600003713000, "env_name": "virtualenv-py3.8", "python": "3.8", "profiles": {}, "started_at": {"time_setup_models_and_sims.TimeBuildDFN.time_setup_DFN": 1613580501898, "time_setup_models_and_sims.TimeBuildDFNSimulation.time_setup_DFN_simulation": 1613580507720, "time_setup_models_and_sims.TimeBuildSPM.time_setup_SPM": 1613580512092, "time_setup_models_and_sims.TimeBuildSPMSimulation.time_setup_SPM_simulation": 1613580516211, "time_setup_models_and_sims.TimeBuildSPMe.time_setup_SPMe": 1613580521941, "time_setup_models_and_sims.TimeBuildSPMeSimulation.time_setup_SPMe_simulation": 1613580526960, "time_solve_models.TimeSolveDFN.time_solve_model": 1613580531686, "time_solve_models.TimeSolveSPM.time_solve_model": 1613580558526, "time_solve_models.TimeSolveSPMe.time_solve_model": 1613580569518}, "ended_at": {"time_setup_models_and_sims.TimeBuildDFN.time_setup_DFN": 1613580507720, "time_setup_models_and_sims.TimeBuildDFNSimulation.time_setup_DFN_simulation": 1613580512091, "time_setup_models_and_sims.TimeBuildSPM.time_setup_SPM": 1613580516211, "time_setup_models_and_sims.TimeBuildSPMSimulation.time_setup_SPM_simulation": 1613580521940, "time_setup_models_and_sims.TimeBuildSPMe.time_setup_SPMe": 1613580526960, "time_setup_models_and_sims.TimeBuildSPMeSimulation.time_setup_SPMe_simulation": 1613580531685, "time_solve_models.TimeSolveDFN.time_solve_model": 1613580558525, "time_solve_models.TimeSolveSPM.time_solve_model": 1613580569517, "time_solve_models.TimeSolveSPMe.time_solve_model": 1613580583475}, "benchmark_version": {"time_setup_models_and_sims.TimeBuildDFN.time_setup_DFN": "5f322e51e6b7e66125ee6949bdf25746005db467e8ffcfdcb3ace170e92bbc3d", "time_setup_models_and_sims.TimeBuildDFNSimulation.time_setup_DFN_simulation": "8de44bc542fa7d4ba28a80f24414a9444b5436673aaebba674918f5f0bfd0ebb", "time_setup_models_and_sims.TimeBuildSPM.time_setup_SPM": "0d0b3f5c67fc2da9a5794c66b70af5a45a09558d1ee95f738745385adb84fbca", "time_setup_models_and_sims.TimeBuildSPMSimulation.time_setup_SPM_simulation": "161220a99418ce4487cc29325cbae897f28d0e44ae07e1dfbfaac2cbc53a4ff9", "time_setup_models_and_sims.TimeBuildSPMe.time_setup_SPMe": "6083f5ff944353395eb4b21c97b02af555fe6528de3cd5283f5e139943945235", "time_setup_models_and_sims.TimeBuildSPMeSimulation.time_setup_SPMe_simulation": "530563cb559427795e3648d9648df9250ae100b7721f69eec356bdda7798c55e", "time_solve_models.TimeSolveDFN.time_solve_model": "914137228e20e5900cec36b0d3865f1faa2f5d479c7d6c2539514791f9ec4430", "time_solve_models.TimeSolveSPM.time_solve_model": "ef1bb5f8d1ddfa59650e20438c4b252d73e5a062714848ce1d6d5269382bc598", "time_solve_models.TimeSolveSPMe.time_solve_model": "20672028872f4620ce85e909bae705d9490de441e926510b2b0e53ff0881d87b"}, "version": 1}