{"results": {"time_setup_models_and_sims.TimeBuildDFN.time_setup_DFN": {"result": [0.755740065500504], "stats": [{"ci_99": [0.7498388300009537, 0.7669344339992676], "q_25": 0.7513005884993618, "q_75": 0.7640918660008538, "min": 0.7498388300009537, "max": 0.7669344339992676, "mean": 0.7573558154001148, "std": 0.006458512631347898, "repeat": 10, "number": 1}]}, "time_setup_models_and_sims.TimeBuildDFNSimulation.time_setup_DFN_simulation": {"result": [0.06359708400032105, 0.12343334599881928], "stats": [{"ci_99": [0.06316908100052387, 0.06921911800054659], "q_25": 0.06335673300009148, "q_75": 0.06595852349937559, "min": 0.06316908100052387, "max": 0.06921911800054659, "mean": 0.06487868180029181, "std": 0.0022699089548013063, "repeat": 10, "number": 1}, {"ci_99": [0.12277574200015806, 0.12824807400102145], "q_25": 0.12295761775067149, "q_75": 0.12424732600038624, "min": 0.12277574200015806, "max": 0.12824807400102145, "mean": 0.12394696880000992, "std": 0.0015401384514613847, "repeat": 10, "number": 1}], "params": [["False", "True"]]}, "time_setup_models_and_sims.TimeBuildSPM.time_setup_SPM": {"result": [0.5332525719995829], "stats": [{"ci_99": [0.5215322509993712, 0.5489536170007341], "q_25": 0.531435860750662, "q_75": 0.5404416650007988, "min": 0.5215322509993712, "max": 0.5489536170007341, "mean": 0.5351386331001777, "std": 0.00825031509554891, "repeat": 10, "number": 1}]}, "time_setup_models_and_sims.TimeBuildSPMSimulation.time_setup_SPM_simulation": {"result": [0.1792317829995227, 0.3406417580008565], "stats": [{"ci_99": [0.17570256200087897, 0.18392651099929935], "q_25": 0.1785155287507223, "q_75": 0.179807986749438, "min": 0.17570256200087897, "max": 0.18392651099929935, "mean": 0.17929983350004478, "std": 0.0022063258175373146, "repeat": 10, "number": 1}, {"ci_99": [0.3368309350007621, 0.35042531699946267], "q_25": 0.33847996999884344, "q_75": 0.34428885475017523, "min": 0.3368309350007621, "max": 0.35042531699946267, "mean": 0.34176706470007046, "std": 0.004011330377667761, "repeat": 10, "number": 1}], "params": [["False", "True"]]}, "time_setup_models_and_sims.TimeBuildSPMe.time_setup_SPMe": {"result": [0.62529262750013], "stats": [{"ci_99": [0.608439575000375, 0.6507353320012044], "q_25": 0.6181180847493124, "q_75": 0.6292470257503737, "min": 0.608439575000375, "max": 0.6507353320012044, "mean": 0.6264297643001555, "std": 0.012244034750216614, "repeat": 10, "number": 1}]}, "time_setup_models_and_sims.TimeBuildSPMeSimulation.time_setup_SPMe_simulation": {"result": [0.08660757300003752, 0.16556070000024192], "stats": [{"ci_99": [0.0844707100004598, 0.08980524299840908], "q_25": 0.08512343899928965, "q_75": 0.08733997750005074, "min": 0.0844707100004598, "max": 0.08980524299840908, "mean": 0.08670714369982306, "std": 0.001759100501868701, "repeat": 10, "number": 1}, {"ci_99": [0.16332258700094826, 0.17443315400123538], "q_25": 0.1640394407504573, "q_75": 0.16944547299999613, "min": 0.16332258700094826, "max": 0.17443315400123538, "mean": 0.1669007282003804, "std": 0.0035204970957424617, "repeat": 10, "number": 1}], "params": [["False", "True"]]}, "time_solve_models.TimeSolveDFN.time_solve_model": {"result": [1.070130315500137, 1.208574701499856], "stats": [{"ci_99": [1.046141720000378, 1.092481100000441], "q_25": 1.0657387135001954, "q_75": 1.0747322182501193, "min": 1.046141720000378, "max": 1.092481100000441, "mean": 1.0699040805002369, "std": 0.013814556427588859, "repeat": 6, "number": 1}, {"ci_99": [1.0175520480006526, 1.2392058860004909], "q_25": 1.1973919337497136, "q_75": 1.2218762317502296, "min": 1.0175520480006526, "max": 1.2392058860004909, "mean": 1.1928342663000877, "std": 0.060419380994264874, "repeat": 10, "number": 1}], "params": [["True", "False"]]}, "time_solve_models.TimeSolveSPM.time_solve_model": {"result": [0.05551503549941117, 0.08663757350041124], "stats": [{"ci_99": [0.05209921399909945, 0.056546342000729055], "q_25": 0.05469130600067729, "q_75": 0.05601123875021585, "min": 0.05209921399909945, "max": 0.056546342000729055, "mean": 0.055064842800129556, "std": 0.0013533306773864343, "repeat": 10, "number": 1}, {"ci_99": [0.07875317599973641, 0.10314782300156367], "q_25": 0.08291195050060196, "q_75": 0.09236895800086131, "min": 0.07875317599973641, "max": 0.10314782300156367, "mean": 0.08856396500050323, "std": 0.007312513631107535, "repeat": 10, "number": 1}], "params": [["True", "False"]]}, "time_solve_models.TimeSolveSPMe.time_solve_model": {"result": [0.0909531995002908, 0.14485097550004866], "stats": [{"ci_99": [0.08901063799930853, 0.09313496299910184], "q_25": 0.09059237200108328, "q_75": 0.09229335700047159, "min": 0.08901063799930853, "max": 0.09313496299910184, "mean": 0.09124473110005056, "std": 0.001212582013347472, "repeat": 10, "number": 1}, {"ci_99": [0.14181465699948603, 0.16205817899935937], "q_25": 0.1441071957492568, "q_75": 0.14670846149874706, "min": 0.14181465699948603, "max": 0.16205817899935937, "mean": 0.14747958109965112, "std": 0.006041923929275084, "repeat": 10, "number": 1}], "params": [["True", "False"]]}}, "params": {"machine": "GitHubRunner", "python": "3.8"}, "requirements": {}, "commit_hash": "6852e0e518157e6802ce83a2549562e7d0ed4b9f", "date": 1588138164000, "env_name": "virtualenv-py3.8", "python": "3.8", "profiles": {}, "started_at": {"time_setup_models_and_sims.TimeBuildDFN.time_setup_DFN": 1613585517918, "time_setup_models_and_sims.TimeBuildDFNSimulation.time_setup_DFN_simulation": 1613585522686, "time_setup_models_and_sims.TimeBuildSPM.time_setup_SPM": 1613585524100, "time_setup_models_and_sims.TimeBuildSPMSimulation.time_setup_SPM_simulation": 1613585527566, "time_setup_models_and_sims.TimeBuildSPMe.time_setup_SPMe": 1613585530942, "time_setup_models_and_sims.TimeBuildSPMeSimulation.time_setup_SPMe_simulation": 1613585535010, "time_solve_models.TimeSolveDFN.time_solve_model": 1613585536826, "time_solve_models.TimeSolveSPM.time_solve_model": 1613585562529, "time_solve_models.TimeSolveSPMe.time_solve_model": 1613585572070}, "ended_at": {"time_setup_models_and_sims.TimeBuildDFN.time_setup_DFN": 1613585522686, "time_setup_models_and_sims.TimeBuildDFNSimulation.time_setup_DFN_simulation": 1613585524099, "time_setup_models_and_sims.TimeBuildSPM.time_setup_SPM": 1613585527565, "time_setup_models_and_sims.TimeBuildSPMSimulation.time_setup_SPM_simulation": 1613585530941, "time_setup_models_and_sims.TimeBuildSPMe.time_setup_SPMe": 1613585535010, "time_setup_models_and_sims.TimeBuildSPMeSimulation.time_setup_SPMe_simulation": 1613585536826, "time_solve_models.TimeSolveDFN.time_solve_model": 1613585562528, "time_solve_models.TimeSolveSPM.time_solve_model": 1613585572069, "time_solve_models.TimeSolveSPMe.time_solve_model": 1613585583868}, "benchmark_version": {"time_setup_models_and_sims.TimeBuildDFN.time_setup_DFN": "5f322e51e6b7e66125ee6949bdf25746005db467e8ffcfdcb3ace170e92bbc3d", "time_setup_models_and_sims.TimeBuildDFNSimulation.time_setup_DFN_simulation": "8de44bc542fa7d4ba28a80f24414a9444b5436673aaebba674918f5f0bfd0ebb", "time_setup_models_and_sims.TimeBuildSPM.time_setup_SPM": "0d0b3f5c67fc2da9a5794c66b70af5a45a09558d1ee95f738745385adb84fbca", "time_setup_models_and_sims.TimeBuildSPMSimulation.time_setup_SPM_simulation": "161220a99418ce4487cc29325cbae897f28d0e44ae07e1dfbfaac2cbc53a4ff9", "time_setup_models_and_sims.TimeBuildSPMe.time_setup_SPMe": "6083f5ff944353395eb4b21c97b02af555fe6528de3cd5283f5e139943945235", "time_setup_models_and_sims.TimeBuildSPMeSimulation.time_setup_SPMe_simulation": "530563cb559427795e3648d9648df9250ae100b7721f69eec356bdda7798c55e", "time_solve_models.TimeSolveDFN.time_solve_model": "914137228e20e5900cec36b0d3865f1faa2f5d479c7d6c2539514791f9ec4430", "time_solve_models.TimeSolveSPM.time_solve_model": "ef1bb5f8d1ddfa59650e20438c4b252d73e5a062714848ce1d6d5269382bc598", "time_solve_models.TimeSolveSPMe.time_solve_model": "20672028872f4620ce85e909bae705d9490de441e926510b2b0e53ff0881d87b"}, "version": 1}