{"results": {"time_setup_models_and_sims.TimeBuildDFN.time_setup_DFN": {"result": [0.7447680499999478], "stats": [{"ci_99": [0.7332450310004788, 0.7480525199989643], "q_25": 0.7428620640002919, "q_75": 0.7476668170006633, "min": 0.7332450310004788, "max": 0.7480525199989643, "mean": 0.7440585758000452, "std": 0.004307845601539859, "repeat": 10, "number": 1}]}, "time_setup_models_and_sims.TimeBuildDFNSimulation.time_setup_DFN_simulation": {"result": [0.056787542999700236, 0.11209987750044093], "stats": [{"ci_99": [0.054005125999537995, 0.05857215399919369], "q_25": 0.05490938225102582, "q_75": 0.05825827699891306, "min": 0.054005125999537995, "max": 0.05857215399919369, "mean": 0.056527271599952654, "std": 0.001807553059476266, "repeat": 10, "number": 1}, {"ci_99": [0.10544363700137183, 0.12020132700126851], "q_25": 0.10654934350031908, "q_75": 0.11299518275018272, "min": 0.10544363700137183, "max": 0.12020132700126851, "mean": 0.1108361397004046, "std": 0.004400473750403983, "repeat": 10, "number": 1}], "params": [["False", "True"]]}, "time_setup_models_and_sims.TimeBuildSPM.time_setup_SPM": {"result": [0.46096363500055304], "stats": [{"ci_99": [0.40977227500115987, 0.48755424600130937], "q_25": 0.42231967700035966, "q_75": 0.4814159840002503, "min": 0.40977227500115987, "max": 0.48755424600130937, "mean": 0.45257170440054323, "std": 0.030309348636088414, "repeat": 10, "number": 1}]}, "time_setup_models_and_sims.TimeBuildSPMSimulation.time_setup_SPM_simulation": {"result": [0.14267951199963136, 0.2763542700004109], "stats": [{"ci_99": [0.11142537399973662, 0.15334972600066976], "q_25": 0.13884496375021627, "q_75": 0.14709026399896175, "min": 0.11142537399973662, "max": 0.15334972600066976, "mean": 0.1385296370997821, "std": 0.013631249413351672, "repeat": 10, "number": 1}, {"ci_99": [0.2665972110007715, 0.28971225100031006], "q_25": 0.2696920544990462, "q_75": 0.2840546665001966, "min": 0.2665972110007715, "max": 0.28971225100031006, "mean": 0.2773955661999935, "std": 0.008359007156357172, "repeat": 10, "number": 1}], "params": [["False", "True"]]}, "time_setup_models_and_sims.TimeBuildSPMe.time_setup_SPMe": {"result": [0.5913006724995284], "stats": [{"ci_99": [0.5674669290001475, 0.6105397880000965], "q_25": 0.5762161062498308, "q_75": 0.6019498619998558, "min": 0.5674669290001475, "max": 0.6105397880000965, "mean": 0.5896414625000034, "std": 0.014894041463109695, "repeat": 10, "number": 1}]}, "time_setup_models_and_sims.TimeBuildSPMeSimulation.time_setup_SPMe_simulation": {"result": [0.0768248644999403, 0.14578698049990635], "stats": [{"ci_99": [0.07563825699980953, 0.07754036799997266], "q_25": 0.07654726249984378, "q_75": 0.07732111774976147, "min": 0.07563825699980953, "max": 0.07754036799997266, "mean": 0.07686088450009265, "std": 0.0005501702899750355, "repeat": 10, "number": 1}, {"ci_99": [0.14364166800078237, 0.15078971099865157], "q_25": 0.1440908202503124, "q_75": 0.14843339675053357, "min": 0.14364166800078237, "max": 0.15078971099865157, "mean": 0.14631850380010292, "std": 0.002401785761137377, "repeat": 10, "number": 1}], "params": [["False", "True"]]}, "time_solve_models.TimeSolveDFN.time_solve_model": {"result": [1.0593504010012111, 1.2171422540004642], "stats": [{"ci_99": [1.0006669170687943, 1.101803214360538], "q_25": 1.018780355499075, "q_75": 1.0787649175008482, "min": 1.0078052890003164, "max": 1.0963992240012885, "mean": 1.051235065714666, "std": 0.03352484166824579, "repeat": 7, "number": 1}, {"ci_99": [1.1798144280000997, 1.2925538099989353], "q_25": 1.189376986249954, "q_75": 1.246810283250852, "min": 1.1798144280000997, "max": 1.2925538099989353, "mean": 1.2216377509999803, "std": 0.03615913696992161, "repeat": 10, "number": 1}], "params": [["True", "False"]]}, "time_solve_models.TimeSolveSPM.time_solve_model": {"result": [0.05410772700088273, 0.09046964650042355], "stats": [{"ci_99": [0.044911472001331276, 0.05850755300161836], "q_25": 0.05227966550000929, "q_75": 0.05607463850037675, "min": 0.044911472001331276, "max": 0.05850755300161836, "mean": 0.05305528060034703, "std": 0.004360294985646787, "repeat": 10, "number": 1}, {"ci_99": [0.08741272800034494, 0.10372202699909394], "q_25": 0.08821930824888113, "q_75": 0.09448614549864942, "min": 0.08741272800034494, "max": 0.10372202699909394, "mean": 0.09239013819951651, "std": 0.005108177400926032, "repeat": 10, "number": 1}], "params": [["True", "False"]]}, "time_solve_models.TimeSolveSPMe.time_solve_model": {"result": [0.08958699100003287, 0.14274651249979797], "stats": [{"ci_99": [0.08522431500023231, 0.09228365699891583], "q_25": 0.08751095349953175, "q_75": 0.09124820150009327, "min": 0.08522431500023231, "max": 0.09228365699891583, "mean": 0.0892420090000087, "std": 0.002360117145240105, "repeat": 10, "number": 1}, {"ci_99": [0.1402417469998909, 0.16179327800091414], "q_25": 0.14167630625024685, "q_75": 0.14325071524990562, "min": 0.1402417469998909, "max": 0.16179327800091414, "mean": 0.1442454115000146, "std": 0.0059356572909109225, "repeat": 10, "number": 1}], "params": [["True", "False"]]}}, "params": {"machine": "GitHubRunner", "python": "3.8"}, "requirements": {}, "commit_hash": "6b62171765b578ae622e4fa3507d08139e956344", "date": 1588174265000, "env_name": "virtualenv-py3.8", "python": "3.8", "profiles": {}, "started_at": {"time_setup_models_and_sims.TimeBuildDFN.time_setup_DFN": 1613585384842, "time_setup_models_and_sims.TimeBuildDFNSimulation.time_setup_DFN_simulation": 1613585389510, "time_setup_models_and_sims.TimeBuildSPM.time_setup_SPM": 1613585390672, "time_setup_models_and_sims.TimeBuildSPMSimulation.time_setup_SPM_simulation": 1613585393435, "time_setup_models_and_sims.TimeBuildSPMe.time_setup_SPMe": 1613585396204, "time_setup_models_and_sims.TimeBuildSPMeSimulation.time_setup_SPMe_simulation": 1613585400071, "time_solve_models.TimeSolveDFN.time_solve_model": 1613585401683, "time_solve_models.TimeSolveSPM.time_solve_model": 1613585427584, "time_solve_models.TimeSolveSPMe.time_solve_model": 1613585436475}, "ended_at": {"time_setup_models_and_sims.TimeBuildDFN.time_setup_DFN": 1613585389510, "time_setup_models_and_sims.TimeBuildDFNSimulation.time_setup_DFN_simulation": 1613585390672, "time_setup_models_and_sims.TimeBuildSPM.time_setup_SPM": 1613585393435, "time_setup_models_and_sims.TimeBuildSPMSimulation.time_setup_SPM_simulation": 1613585396203, "time_setup_models_and_sims.TimeBuildSPMe.time_setup_SPMe": 1613585400070, "time_setup_models_and_sims.TimeBuildSPMeSimulation.time_setup_SPMe_simulation": 1613585401682, "time_solve_models.TimeSolveDFN.time_solve_model": 1613585427583, "time_solve_models.TimeSolveSPM.time_solve_model": 1613585436474, "time_solve_models.TimeSolveSPMe.time_solve_model": 1613585447924}, "benchmark_version": {"time_setup_models_and_sims.TimeBuildDFN.time_setup_DFN": "5f322e51e6b7e66125ee6949bdf25746005db467e8ffcfdcb3ace170e92bbc3d", "time_setup_models_and_sims.TimeBuildDFNSimulation.time_setup_DFN_simulation": "8de44bc542fa7d4ba28a80f24414a9444b5436673aaebba674918f5f0bfd0ebb", "time_setup_models_and_sims.TimeBuildSPM.time_setup_SPM": "0d0b3f5c67fc2da9a5794c66b70af5a45a09558d1ee95f738745385adb84fbca", "time_setup_models_and_sims.TimeBuildSPMSimulation.time_setup_SPM_simulation": "161220a99418ce4487cc29325cbae897f28d0e44ae07e1dfbfaac2cbc53a4ff9", "time_setup_models_and_sims.TimeBuildSPMe.time_setup_SPMe": "6083f5ff944353395eb4b21c97b02af555fe6528de3cd5283f5e139943945235", "time_setup_models_and_sims.TimeBuildSPMeSimulation.time_setup_SPMe_simulation": "530563cb559427795e3648d9648df9250ae100b7721f69eec356bdda7798c55e", "time_solve_models.TimeSolveDFN.time_solve_model": "914137228e20e5900cec36b0d3865f1faa2f5d479c7d6c2539514791f9ec4430", "time_solve_models.TimeSolveSPM.time_solve_model": "ef1bb5f8d1ddfa59650e20438c4b252d73e5a062714848ce1d6d5269382bc598", "time_solve_models.TimeSolveSPMe.time_solve_model": "20672028872f4620ce85e909bae705d9490de441e926510b2b0e53ff0881d87b"}, "version": 1}