{"results": {"time_setup_models_and_sims.TimeBuildDFN.time_setup_DFN": {"result": [0.7216598565000822], "stats": [{"ci_99": [0.7033502220001537, 0.7287862880002649], "q_25": 0.712548979749954, "q_75": 0.7233744717500485, "min": 0.7033502220001537, "max": 0.7287862880002649, "mean": 0.7179063931001111, "std": 0.008164896577196568, "repeat": 10, "number": 1}]}, "time_setup_models_and_sims.TimeBuildDFNSimulation.time_setup_DFN_simulation": {"result": [0.0681072685001709, 0.13428781699985848], "stats": [{"ci_99": [0.06512766599917086, 0.07057468899984087], "q_25": 0.06731046749973757, "q_75": 0.06921847124999658, "min": 0.06512766599917086, "max": 0.07057468899984087, "mean": 0.06803994959991541, "std": 0.0016239691424316223, "repeat": 10, "number": 1}, {"ci_99": [0.1300486299996919, 0.1412535769995884], "q_25": 0.13216621149967978, "q_75": 0.1355504307502997, "min": 0.1300486299996919, "max": 0.1412535769995884, "mean": 0.1346067756998309, "std": 0.00321926449004687, "repeat": 10, "number": 1}], "params": [["False", "True"]]}, "time_setup_models_and_sims.TimeBuildSPM.time_setup_SPM": {"result": [0.5156827374999011], "stats": [{"ci_99": [0.5067512180003177, 0.5200471289999768], "q_25": 0.5135058082498745, "q_75": 0.5179780932498943, "min": 0.5067512180003177, "max": 0.5200471289999768, "mean": 0.5147302861998468, "std": 0.004392263765331133, "repeat": 10, "number": 1}]}, "time_setup_models_and_sims.TimeBuildSPMSimulation.time_setup_SPM_simulation": {"result": [0.1963872330002232, 0.37436359100001937], "stats": [{"ci_99": [0.19003934700049285, 0.2044683009999062], "q_25": 0.1953542657502112, "q_75": 0.1990747502497925, "min": 0.19003934700049285, "max": 0.2044683009999062, "mean": 0.1968668413001069, "std": 0.0037235796016603265, "repeat": 10, "number": 1}, {"ci_99": [0.36537273399972037, 0.3823223740000685], "q_25": 0.3731046324996896, "q_75": 0.3756746712497261, "min": 0.36537273399972037, "max": 0.3823223740000685, "mean": 0.3743758949000039, "std": 0.004320293007069615, "repeat": 10, "number": 1}], "params": [["False", "True"]]}, "time_setup_models_and_sims.TimeBuildSPMe.time_setup_SPMe": {"result": [0.6123591830000805], "stats": [{"ci_99": [0.6045106080000551, 0.6236254799996459], "q_25": 0.6071534342495397, "q_75": 0.6196279224998307, "min": 0.6045106080000551, "max": 0.6236254799996459, "mean": 0.6132387098998151, "std": 0.006826288583069601, "repeat": 10, "number": 1}]}, "time_setup_models_and_sims.TimeBuildSPMeSimulation.time_setup_SPMe_simulation": {"result": [0.08362307149945991, 0.16504439399977855], "stats": [{"ci_99": [0.08040136599993275, 0.08578940999996121], "q_25": 0.08272880999993504, "q_75": 0.08482879850021163, "min": 0.08040136599993275, "max": 0.08578940999996121, "mean": 0.08349470570001358, "std": 0.0015846514477120823, "repeat": 10, "number": 1}, {"ci_99": [0.1610830879999412, 0.17082881400074257], "q_25": 0.16330079025033228, "q_75": 0.16678819774983822, "min": 0.1610830879999412, "max": 0.17082881400074257, "mean": 0.1652242655000009, "std": 0.002610304177343571, "repeat": 10, "number": 1}], "params": [["False", "True"]]}, "time_solve_models.TimeSolveDFN.time_solve_model": {"result": [0.8983827974998349, 1.0796546444998967], "stats": [{"ci_99": [0.8791902160000973, 0.9334184710005502], "q_25": 0.8945366022501275, "q_75": 0.9143542755000453, "min": 0.8791902160000973, "max": 0.9334184710005502, "mean": 0.9031163461249889, "std": 0.015805028254584602, "repeat": 8, "number": 1}, {"ci_99": [1.0428805410001587, 1.099923335999847], "q_25": 1.070214124499671, "q_75": 1.0866241312498914, "min": 1.0428805410001587, "max": 1.099923335999847, "mean": 1.0777156440999534, "std": 0.015531393237567635, "repeat": 10, "number": 1}], "params": [["True", "False"]]}, "time_solve_models.TimeSolveSPM.time_solve_model": {"result": [0.04759829499971602, 0.08463620050042664], "stats": [{"ci_99": [0.046763895000367484, 0.05377733699970122], "q_25": 0.04709736949985199, "q_75": 0.04816707099985251, "min": 0.046763895000367484, "max": 0.05377733699970122, "mean": 0.04820063979977931, "std": 0.0019674192293735217, "repeat": 10, "number": 1}, {"ci_99": [0.08326360099999874, 0.08694663300047978], "q_25": 0.08415233249957055, "q_75": 0.08566609525018976, "min": 0.08326360099999874, "max": 0.08694663300047978, "mean": 0.0848926623000807, "std": 0.0010805318441802964, "repeat": 10, "number": 1}], "params": [["True", "False"]]}, "time_solve_models.TimeSolveSPMe.time_solve_model": {"result": [0.06598785400001361, 0.12700367450042904], "stats": [{"ci_99": [0.0552865469999233, 0.06834865400014678], "q_25": 0.06222975824948662, "q_75": 0.06689233725023769, "min": 0.0552865469999233, "max": 0.06834865400014678, "mean": 0.06408718889997544, "std": 0.004401861223039073, "repeat": 10, "number": 1}, {"ci_99": [0.11433942300027411, 0.12962964500002272], "q_25": 0.12574875475024783, "q_75": 0.12756668824999906, "min": 0.11433942300027411, "max": 0.12962964500002272, "mean": 0.12567283330017745, "std": 0.0041069115909558255, "repeat": 10, "number": 1}], "params": [["True", "False"]]}}, "params": {"machine": "GitHubRunner", "python": "3.8"}, "requirements": {}, "commit_hash": "70f328d920eb775921bf90a091426274da2b015f", "date": 1605039111000, "env_name": "virtualenv-py3.8", "python": "3.8", "profiles": {}, "started_at": {"time_setup_models_and_sims.TimeBuildDFN.time_setup_DFN": 1613578109511, "time_setup_models_and_sims.TimeBuildDFNSimulation.time_setup_DFN_simulation": 1613578114181, "time_setup_models_and_sims.TimeBuildSPM.time_setup_SPM": 1613578115745, "time_setup_models_and_sims.TimeBuildSPMSimulation.time_setup_SPM_simulation": 1613578119164, "time_setup_models_and_sims.TimeBuildSPMe.time_setup_SPMe": 1613578123084, "time_setup_models_and_sims.TimeBuildSPMeSimulation.time_setup_SPMe_simulation": 1613578127049, "time_solve_models.TimeSolveDFN.time_solve_model": 1613578128913, "time_solve_models.TimeSolveSPM.time_solve_model": 1613578154721, "time_solve_models.TimeSolveSPMe.time_solve_model": 1613578164159}, "ended_at": {"time_setup_models_and_sims.TimeBuildDFN.time_setup_DFN": 1613578114181, "time_setup_models_and_sims.TimeBuildDFNSimulation.time_setup_DFN_simulation": 1613578115745, "time_setup_models_and_sims.TimeBuildSPM.time_setup_SPM": 1613578119163, "time_setup_models_and_sims.TimeBuildSPMSimulation.time_setup_SPM_simulation": 1613578123083, "time_setup_models_and_sims.TimeBuildSPMe.time_setup_SPMe": 1613578127049, "time_setup_models_and_sims.TimeBuildSPMeSimulation.time_setup_SPMe_simulation": 1613578128912, "time_solve_models.TimeSolveDFN.time_solve_model": 1613578154720, "time_solve_models.TimeSolveSPM.time_solve_model": 1613578164158, "time_solve_models.TimeSolveSPMe.time_solve_model": 1613578175000}, "benchmark_version": {"time_setup_models_and_sims.TimeBuildDFN.time_setup_DFN": "5f322e51e6b7e66125ee6949bdf25746005db467e8ffcfdcb3ace170e92bbc3d", "time_setup_models_and_sims.TimeBuildDFNSimulation.time_setup_DFN_simulation": "8de44bc542fa7d4ba28a80f24414a9444b5436673aaebba674918f5f0bfd0ebb", "time_setup_models_and_sims.TimeBuildSPM.time_setup_SPM": "0d0b3f5c67fc2da9a5794c66b70af5a45a09558d1ee95f738745385adb84fbca", "time_setup_models_and_sims.TimeBuildSPMSimulation.time_setup_SPM_simulation": "161220a99418ce4487cc29325cbae897f28d0e44ae07e1dfbfaac2cbc53a4ff9", "time_setup_models_and_sims.TimeBuildSPMe.time_setup_SPMe": "6083f5ff944353395eb4b21c97b02af555fe6528de3cd5283f5e139943945235", "time_setup_models_and_sims.TimeBuildSPMeSimulation.time_setup_SPMe_simulation": "530563cb559427795e3648d9648df9250ae100b7721f69eec356bdda7798c55e", "time_solve_models.TimeSolveDFN.time_solve_model": "914137228e20e5900cec36b0d3865f1faa2f5d479c7d6c2539514791f9ec4430", "time_solve_models.TimeSolveSPM.time_solve_model": "ef1bb5f8d1ddfa59650e20438c4b252d73e5a062714848ce1d6d5269382bc598", "time_solve_models.TimeSolveSPMe.time_solve_model": "20672028872f4620ce85e909bae705d9490de441e926510b2b0e53ff0881d87b"}, "version": 1}