{"results": {"time_setup_models_and_sims.TimeBuildDFN.time_setup_DFN": {"result": [0.9150660414998129], "stats": [{"ci_99": [0.8950522579998506, 0.9350369250005315], "q_25": 0.9064186532498297, "q_75": 0.920122282499733, "min": 0.8950522579998506, "max": 0.9350369250005315, "mean": 0.9139116643999842, "std": 0.010683547906664934, "repeat": 10, "number": 1}]}, "time_setup_models_and_sims.TimeBuildDFNSimulation.time_setup_DFN_simulation": {"result": [0.22720531049981219, 0.4446543154995197], "stats": [{"ci_99": [0.2221354839994092, 0.23005192899927351], "q_25": 0.22365204349989654, "q_75": 0.22780761749982048, "min": 0.2221354839994092, "max": 0.23005192899927351, "mean": 0.22607383599988679, "std": 0.002481005480776736, "repeat": 10, "number": 1}, {"ci_99": [0.43843912099964655, 0.45295452199934516], "q_25": 0.4434280279997438, "q_75": 0.44686805575020117, "min": 0.43843912099964655, "max": 0.45295452199934516, "mean": 0.4454307398998026, "std": 0.004008151380871861, "repeat": 10, "number": 1}], "params": [["False", "True"]]}, "time_setup_models_and_sims.TimeBuildSPM.time_setup_SPM": {"result": [0.6305793204996917], "stats": [{"ci_99": [0.621869372999754, 0.6389990790003139], "q_25": 0.6247431127496839, "q_75": 0.6319612477502687, "min": 0.621869372999754, "max": 0.6389990790003139, "mean": 0.6295213239000077, "std": 0.005268917041449116, "repeat": 10, "number": 1}]}, "time_setup_models_and_sims.TimeBuildSPMSimulation.time_setup_SPM_simulation": {"result": [0.30139417400005186, 0.5841627875001905], "stats": [{"ci_99": [0.2980097500003467, 0.308088819000659], "q_25": 0.3008367967502181, "q_75": 0.3044183437496031, "min": 0.2980097500003467, "max": 0.308088819000659, "mean": 0.3023520797999481, "std": 0.002780473340318051, "repeat": 10, "number": 1}, {"ci_99": [0.5753833830003714, 0.5878477480000583], "q_25": 0.5785137742504958, "q_75": 0.5848000540001976, "min": 0.5753833830003714, "max": 0.5878477480000583, "mean": 0.5822519994001596, "std": 0.00397476821450623, "repeat": 10, "number": 1}], "params": [["False", "True"]]}, "time_setup_models_and_sims.TimeBuildSPMe.time_setup_SPMe": {"result": [0.76978159149985], "stats": [{"ci_99": [0.7565087089997178, 0.782161353000447], "q_25": 0.7674308480004584, "q_75": 0.7721320907503468, "min": 0.7565087089997178, "max": 0.782161353000447, "mean": 0.7697767438000482, "std": 0.0063698869462874095, "repeat": 10, "number": 1}]}, "time_setup_models_and_sims.TimeBuildSPMeSimulation.time_setup_SPMe_simulation": {"result": [0.23813588000029995, 0.4705497734994424], "stats": [{"ci_99": [0.23392375499952323, 0.24088619999929506], "q_25": 0.2355872132498007, "q_75": 0.23906733675039504, "min": 0.23392375499952323, "max": 0.24088619999929506, "mean": 0.23747651579988088, "std": 0.0021600905198483635, "repeat": 10, "number": 1}, {"ci_99": [0.46608090000063385, 0.474872556000264], "q_25": 0.46912661775036213, "q_75": 0.4714327247502297, "min": 0.46608090000063385, "max": 0.474872556000264, "mean": 0.4705326737001087, "std": 0.0022987500836290004, "repeat": 10, "number": 1}], "params": [["False", "True"]]}, "time_solve_models.TimeSolveDFN.time_solve_model": {"result": [1.1756233520000023, 1.380127417499807], "stats": [{"ci_99": [1.1601343929996801, 1.1914294107045846], "q_25": 1.1713260617502783, "q_75": 1.1842200434996357, "min": 1.1601343929996801, "max": 1.187753387000157, "mean": 1.1760189538332877, "std": 0.009553729419090395, "repeat": 6, "number": 1}, {"ci_99": [1.3472430510000777, 1.3993494999995164], "q_25": 1.3523064314999829, "q_75": 1.3873020990001805, "min": 1.3472430510000777, "max": 1.3993494999995164, "mean": 1.3734702387499738, "std": 0.018720990846854253, "repeat": 8, "number": 1}], "params": [["True", "False"]]}, "time_solve_models.TimeSolveSPM.time_solve_model": {"result": [0.05184252200024275, 0.08873955099988962], "stats": [{"ci_99": [0.049826708999717084, 0.058363563000057184], "q_25": 0.051332593249526326, "q_75": 0.05248067600018658, "min": 0.049826708999717084, "max": 0.058363563000057184, "mean": 0.052382064999892466, "std": 0.0021757281223656016, "repeat": 10, "number": 1}, {"ci_99": [0.0866418360001262, 0.09404058400014037], "q_25": 0.08793107074984619, "q_75": 0.08923047949951979, "min": 0.0866418360001262, "max": 0.09404058400014037, "mean": 0.08896799200001623, "std": 0.0018959787173391672, "repeat": 10, "number": 1}], "params": [["True", "False"]]}, "time_solve_models.TimeSolveSPMe.time_solve_model": {"result": [0.08578108250048899, 0.14617370599989954], "stats": [{"ci_99": [0.08395162199940387, 0.09045276199958607], "q_25": 0.08553938074987855, "q_75": 0.08735061650008902, "min": 0.08395162199940387, "max": 0.09045276199958607, "mean": 0.086403276099918, "std": 0.001747898865642951, "repeat": 10, "number": 1}, {"ci_99": [0.14223418300025514, 0.14987542800008669], "q_25": 0.14486882375058485, "q_75": 0.14702265999949304, "min": 0.14223418300025514, "max": 0.14987542800008669, "mean": 0.14604099539992604, "std": 0.002086504675442358, "repeat": 10, "number": 1}], "params": [["True", "False"]]}}, "params": {"machine": "GitHubRunner", "python": "3.8"}, "requirements": {}, "commit_hash": "71630c593d2092d102f1e400c7605f21161646da", "date": 1597786338000, "env_name": "virtualenv-py3.8", "python": "3.8", "profiles": {}, "started_at": {"time_setup_models_and_sims.TimeBuildDFN.time_setup_DFN": 1613581176234, "time_setup_models_and_sims.TimeBuildDFNSimulation.time_setup_DFN_simulation": 1613581181906, "time_setup_models_and_sims.TimeBuildSPM.time_setup_SPM": 1613581186229, "time_setup_models_and_sims.TimeBuildSPMSimulation.time_setup_SPM_simulation": 1613581190300, "time_setup_models_and_sims.TimeBuildSPMe.time_setup_SPMe": 1613581195980, "time_setup_models_and_sims.TimeBuildSPMeSimulation.time_setup_SPMe_simulation": 1613581200900, "time_solve_models.TimeSolveDFN.time_solve_model": 1613581205473, "time_solve_models.TimeSolveSPM.time_solve_model": 1613581232169, "time_solve_models.TimeSolveSPMe.time_solve_model": 1613581242812}, "ended_at": {"time_setup_models_and_sims.TimeBuildDFN.time_setup_DFN": 1613581181905, "time_setup_models_and_sims.TimeBuildDFNSimulation.time_setup_DFN_simulation": 1613581186228, "time_setup_models_and_sims.TimeBuildSPM.time_setup_SPM": 1613581190300, "time_setup_models_and_sims.TimeBuildSPMSimulation.time_setup_SPM_simulation": 1613581195979, "time_setup_models_and_sims.TimeBuildSPMe.time_setup_SPMe": 1613581200900, "time_setup_models_and_sims.TimeBuildSPMeSimulation.time_setup_SPMe_simulation": 1613581205472, "time_solve_models.TimeSolveDFN.time_solve_model": 1613581232168, "time_solve_models.TimeSolveSPM.time_solve_model": 1613581242811, "time_solve_models.TimeSolveSPMe.time_solve_model": 1613581256513}, "benchmark_version": {"time_setup_models_and_sims.TimeBuildDFN.time_setup_DFN": "5f322e51e6b7e66125ee6949bdf25746005db467e8ffcfdcb3ace170e92bbc3d", "time_setup_models_and_sims.TimeBuildDFNSimulation.time_setup_DFN_simulation": "8de44bc542fa7d4ba28a80f24414a9444b5436673aaebba674918f5f0bfd0ebb", "time_setup_models_and_sims.TimeBuildSPM.time_setup_SPM": "0d0b3f5c67fc2da9a5794c66b70af5a45a09558d1ee95f738745385adb84fbca", "time_setup_models_and_sims.TimeBuildSPMSimulation.time_setup_SPM_simulation": "161220a99418ce4487cc29325cbae897f28d0e44ae07e1dfbfaac2cbc53a4ff9", "time_setup_models_and_sims.TimeBuildSPMe.time_setup_SPMe": "6083f5ff944353395eb4b21c97b02af555fe6528de3cd5283f5e139943945235", "time_setup_models_and_sims.TimeBuildSPMeSimulation.time_setup_SPMe_simulation": "530563cb559427795e3648d9648df9250ae100b7721f69eec356bdda7798c55e", "time_solve_models.TimeSolveDFN.time_solve_model": "914137228e20e5900cec36b0d3865f1faa2f5d479c7d6c2539514791f9ec4430", "time_solve_models.TimeSolveSPM.time_solve_model": "ef1bb5f8d1ddfa59650e20438c4b252d73e5a062714848ce1d6d5269382bc598", "time_solve_models.TimeSolveSPMe.time_solve_model": "20672028872f4620ce85e909bae705d9490de441e926510b2b0e53ff0881d87b"}, "version": 1}