{"results": {"time_setup_models_and_sims.TimeBuildDFN.time_setup_DFN": {"result": [0.8103593499999988], "stats": [{"ci_99": [0.7967885180005396, 0.8393223749990284], "q_25": 0.8063968762508011, "q_75": 0.8218849439999758, "min": 0.7967885180005396, "max": 0.8393223749990284, "mean": 0.8132883075000791, "std": 0.01244210938650246, "repeat": 10, "number": 1}]}, "time_setup_models_and_sims.TimeBuildDFNSimulation.time_setup_DFN_simulation": {"result": [0.07499750349961687, 0.14523232799911057], "stats": [{"ci_99": [0.07357324399890786, 0.07804187199872104], "q_25": 0.07382697149978412, "q_75": 0.07634023599985085, "min": 0.07357324399890786, "max": 0.07804187199872104, "mean": 0.07533193539966306, "std": 0.0016045597334885483, "repeat": 10, "number": 1}, {"ci_99": [0.144018970999241, 0.15096511299998383], "q_25": 0.1445895992496844, "q_75": 0.14609568300011233, "min": 0.144018970999241, "max": 0.15096511299998383, "mean": 0.1461828138993951, "std": 0.0024325621335047126, "repeat": 10, "number": 1}], "params": [["False", "True"]]}, "time_setup_models_and_sims.TimeBuildSPM.time_setup_SPM": {"result": [0.5258738795009776], "stats": [{"ci_99": [0.5165808229994582, 0.5371642480004084], "q_25": 0.5223672834999888, "q_75": 0.5347766829995635, "min": 0.5165808229994582, "max": 0.5371642480004084, "mean": 0.5277960411001914, "std": 0.006990259490646896, "repeat": 10, "number": 1}]}, "time_setup_models_and_sims.TimeBuildSPMSimulation.time_setup_SPM_simulation": {"result": [0.18473086650010373, 0.3504812689998289], "stats": [{"ci_99": [0.18261260500003118, 0.19136615699972026], "q_25": 0.18347125949958354, "q_75": 0.18570519774993954, "min": 0.18261260500003118, "max": 0.19136615699972026, "mean": 0.185242130000006, "std": 0.002436392440262743, "repeat": 10, "number": 1}, {"ci_99": [0.3478599040008703, 0.3581792660006613], "q_25": 0.34864320850056174, "q_75": 0.35406089050002265, "min": 0.3478599040008703, "max": 0.3581792660006613, "mean": 0.3514849354001853, "std": 0.0032726129826004613, "repeat": 10, "number": 1}], "params": [["False", "True"]]}, "time_setup_models_and_sims.TimeBuildSPMe.time_setup_SPMe": {"result": [0.6518311910003831], "stats": [{"ci_99": [0.6400383700001839, 0.6608567959992797], "q_25": 0.6429078120013401, "q_75": 0.6566370957502841, "min": 0.6400383700001839, "max": 0.6608567959992797, "mean": 0.6503307421004138, "std": 0.007180986158404731, "repeat": 10, "number": 1}]}, "time_setup_models_and_sims.TimeBuildSPMeSimulation.time_setup_SPMe_simulation": {"result": [0.09497537449988158, 0.18211085100028868], "stats": [{"ci_99": [0.09298296199995093, 0.10440923099849897], "q_25": 0.09350171600044632, "q_75": 0.09699501125032839, "min": 0.09298296199995093, "max": 0.10440923099849897, "mean": 0.09593683000002784, "std": 0.0033216909660369405, "repeat": 10, "number": 1}, {"ci_99": [0.17854327900022327, 0.1906952529989212], "q_25": 0.17982033725047586, "q_75": 0.18319213249969835, "min": 0.17854327900022327, "max": 0.1906952529989212, "mean": 0.1822328017999098, "std": 0.00326857501446181, "repeat": 10, "number": 1}], "params": [["False", "True"]]}, "time_solve_models.TimeSolveDFN.time_solve_model": {"result": [1.1655358469997736, 1.2848465669994766], "stats": [{"ci_99": [1.1255250826892933, 1.1977633309769873], "q_25": 1.1422267052498682, "q_75": 1.1779323469995688, "min": 1.1319750439997733, "max": 1.1902969980001217, "mean": 1.1616442068331405, "std": 0.021516482790268972, "repeat": 6, "number": 1}, {"ci_99": [1.136727974000678, 1.4205137890003243], "q_25": 1.275695911999719, "q_75": 1.376462622998588, "min": 1.136727974000678, "max": 1.4205137890003243, "mean": 1.302385707555206, "std": 0.0791057348248986, "repeat": 9, "number": 1}], "params": [["True", "False"]]}, "time_solve_models.TimeSolveSPM.time_solve_model": {"result": [0.056066138999085524, 0.08438881000074616], "stats": [{"ci_99": [0.05239551700105949, 0.05775194899979397], "q_25": 0.05494323199900464, "q_75": 0.05673134249946088, "min": 0.05239551700105949, "max": 0.05775194899979397, "mean": 0.05560239619971981, "std": 0.0016133465084043049, "repeat": 10, "number": 1}, {"ci_99": [0.07819377300074848, 0.11139047399956326], "q_25": 0.08238382324998383, "q_75": 0.0888501877507224, "min": 0.07819377300074848, "max": 0.11139047399956326, "mean": 0.0881953534004424, "std": 0.0097366562140708, "repeat": 10, "number": 1}], "params": [["True", "False"]]}, "time_solve_models.TimeSolveSPMe.time_solve_model": {"result": [0.08840278499974374, 0.14654908600005], "stats": [{"ci_99": [0.07725806700000248, 0.09252515899970604], "q_25": 0.08327495374987848, "q_75": 0.09161747949974597, "min": 0.07725806700000248, "max": 0.09252515899970604, "mean": 0.0867550744997061, "std": 0.005544460554432697, "repeat": 10, "number": 1}, {"ci_99": [0.12346174599952064, 0.15822205699987535], "q_25": 0.1374978560006639, "q_75": 0.15349395349994666, "min": 0.12346174599952064, "max": 0.15822205699987535, "mean": 0.14378656940007203, "std": 0.011949274085980488, "repeat": 10, "number": 1}], "params": [["True", "False"]]}}, "params": {"machine": "GitHubRunner", "python": "3.8"}, "requirements": {}, "commit_hash": "729e5f803ea49c3cfa8567c35ab13e18953edf23", "date": 1589447941000, "env_name": "virtualenv-py3.8", "python": "3.8", "profiles": {}, "started_at": {"time_setup_models_and_sims.TimeBuildDFN.time_setup_DFN": 1613584839427, "time_setup_models_and_sims.TimeBuildDFNSimulation.time_setup_DFN_simulation": 1613584844653, "time_setup_models_and_sims.TimeBuildSPM.time_setup_SPM": 1613584846319, "time_setup_models_and_sims.TimeBuildSPMSimulation.time_setup_SPM_simulation": 1613584849736, "time_setup_models_and_sims.TimeBuildSPMe.time_setup_SPMe": 1613584853204, "time_setup_models_and_sims.TimeBuildSPMeSimulation.time_setup_SPMe_simulation": 1613584857373, "time_solve_models.TimeSolveDFN.time_solve_model": 1613584859238, "time_solve_models.TimeSolveSPM.time_solve_model": 1613584886135, "time_solve_models.TimeSolveSPMe.time_solve_model": 1613584895224}, "ended_at": {"time_setup_models_and_sims.TimeBuildDFN.time_setup_DFN": 1613584844652, "time_setup_models_and_sims.TimeBuildDFNSimulation.time_setup_DFN_simulation": 1613584846318, "time_setup_models_and_sims.TimeBuildSPM.time_setup_SPM": 1613584849736, "time_setup_models_and_sims.TimeBuildSPMSimulation.time_setup_SPM_simulation": 1613584853204, "time_setup_models_and_sims.TimeBuildSPMe.time_setup_SPMe": 1613584857372, "time_setup_models_and_sims.TimeBuildSPMeSimulation.time_setup_SPMe_simulation": 1613584859237, "time_solve_models.TimeSolveDFN.time_solve_model": 1613584886134, "time_solve_models.TimeSolveSPM.time_solve_model": 1613584895224, "time_solve_models.TimeSolveSPMe.time_solve_model": 1613584907122}, "benchmark_version": {"time_setup_models_and_sims.TimeBuildDFN.time_setup_DFN": "5f322e51e6b7e66125ee6949bdf25746005db467e8ffcfdcb3ace170e92bbc3d", "time_setup_models_and_sims.TimeBuildDFNSimulation.time_setup_DFN_simulation": "8de44bc542fa7d4ba28a80f24414a9444b5436673aaebba674918f5f0bfd0ebb", "time_setup_models_and_sims.TimeBuildSPM.time_setup_SPM": "0d0b3f5c67fc2da9a5794c66b70af5a45a09558d1ee95f738745385adb84fbca", "time_setup_models_and_sims.TimeBuildSPMSimulation.time_setup_SPM_simulation": "161220a99418ce4487cc29325cbae897f28d0e44ae07e1dfbfaac2cbc53a4ff9", "time_setup_models_and_sims.TimeBuildSPMe.time_setup_SPMe": "6083f5ff944353395eb4b21c97b02af555fe6528de3cd5283f5e139943945235", "time_setup_models_and_sims.TimeBuildSPMeSimulation.time_setup_SPMe_simulation": "530563cb559427795e3648d9648df9250ae100b7721f69eec356bdda7798c55e", "time_solve_models.TimeSolveDFN.time_solve_model": "914137228e20e5900cec36b0d3865f1faa2f5d479c7d6c2539514791f9ec4430", "time_solve_models.TimeSolveSPM.time_solve_model": "ef1bb5f8d1ddfa59650e20438c4b252d73e5a062714848ce1d6d5269382bc598", "time_solve_models.TimeSolveSPMe.time_solve_model": "20672028872f4620ce85e909bae705d9490de441e926510b2b0e53ff0881d87b"}, "version": 1}