{"results": {"time_setup_models_and_sims.TimeBuildDFN.time_setup_DFN": {"result": [0.7429649579999023], "stats": [{"ci_99": [0.7313615279999794, 0.7529895249999754], "q_25": 0.7412424869999086, "q_75": 0.7468038979997118, "min": 0.7313615279999794, "max": 0.7529895249999754, "mean": 0.7430315120998785, "std": 0.005696349796897387, "repeat": 10, "number": 1}]}, "time_setup_models_and_sims.TimeBuildDFNSimulation.time_setup_DFN_simulation": {"result": [0.09368533949987068, 0.1558271139997487], "stats": [{"ci_99": [0.09213606999992408, 0.09674191900012374], "q_25": 0.09330470724989937, "q_75": 0.09412644650001312, "min": 0.09213606999992408, "max": 0.09674191900012374, "mean": 0.09389068079990466, "std": 0.0011829317246236065, "repeat": 10, "number": 1}, {"ci_99": [0.15179117099978612, 0.1639603490002628], "q_25": 0.15543179400015106, "q_75": 0.15729578074990513, "min": 0.15179117099978612, "max": 0.1639603490002628, "mean": 0.15660752509993472, "std": 0.002956854260242603, "repeat": 10, "number": 1}], "params": [["False", "True"]]}, "time_setup_models_and_sims.TimeBuildSPM.time_setup_SPM": {"result": [0.5304305320000822], "stats": [{"ci_99": [0.5239255360002062, 0.5379600390001542], "q_25": 0.5270588097502014, "q_75": 0.5326922507499603, "min": 0.5239255360002062, "max": 0.5379600390001542, "mean": 0.5303165621000516, "std": 0.004179902736348911, "repeat": 10, "number": 1}]}, "time_setup_models_and_sims.TimeBuildSPMSimulation.time_setup_SPM_simulation": {"result": [0.22631399599981705, 0.2743020489999708], "stats": [{"ci_99": [0.22313012400036314, 0.23435434500015617], "q_25": 0.22565465325021705, "q_75": 0.22757914075009467, "min": 0.22313012400036314, "max": 0.23435434500015617, "mean": 0.22731198630008292, "std": 0.003096130232374289, "repeat": 10, "number": 1}, {"ci_99": [0.267750506000084, 0.2787514189999456], "q_25": 0.2718105832498168, "q_75": 0.27667900475012175, "min": 0.267750506000084, "max": 0.2787514189999456, "mean": 0.2740386679999574, "std": 0.003349241906158347, "repeat": 10, "number": 1}], "params": [["False", "True"]]}, "time_setup_models_and_sims.TimeBuildSPMe.time_setup_SPMe": {"result": [0.6189957254998717], "stats": [{"ci_99": [0.6004048180002428, 0.6388617299999169], "q_25": 0.6078094684999087, "q_75": 0.6323230182498492, "min": 0.6004048180002428, "max": 0.6388617299999169, "mean": 0.6200317597999856, "std": 0.013479768533710352, "repeat": 10, "number": 1}]}, "time_setup_models_and_sims.TimeBuildSPMeSimulation.time_setup_SPMe_simulation": {"result": [0.11342755899977419, 0.18464213449988165], "stats": [{"ci_99": [0.1114094079998722, 0.11565011099992262], "q_25": 0.11272006100023191, "q_75": 0.11432800924967523, "min": 0.1114094079998722, "max": 0.11565011099992262, "mean": 0.11352438979993167, "std": 0.001218185578014797, "repeat": 10, "number": 1}, {"ci_99": [0.17754932800016832, 0.19650170700015224], "q_25": 0.18178820524985895, "q_75": 0.18694693400027518, "min": 0.17754932800016832, "max": 0.19650170700015224, "mean": 0.18475895429996853, "std": 0.00516914508219069, "repeat": 10, "number": 1}], "params": [["False", "True"]]}, "time_solve_models.TimeSolveDFN.time_solve_model": {"result": [1.1886139060000005, 1.3233167610001146], "stats": [{"ci_99": [1.1615434539999114, 1.2110521580137141], "q_25": 1.183378760000096, "q_75": 1.1992980037499592, "min": 1.1615434539999114, "max": 1.2060255750002398, "mean": 1.1882149870000376, "std": 0.01453666128893173, "repeat": 6, "number": 1}, {"ci_99": [1.278492056000232, 1.3641191560000152], "q_25": 1.298833296000339, "q_75": 1.3482606669999768, "min": 1.278492056000232, "max": 1.3641191560000152, "mean": 1.323486135222235, "std": 0.028501589482359577, "repeat": 9, "number": 1}], "params": [["True", "False"]]}, "time_solve_models.TimeSolveSPM.time_solve_model": {"result": [0.05162151800004722, 0.09375112599991553], "stats": [{"ci_99": [0.04918829799999003, 0.054554642000312015], "q_25": 0.04995867825016376, "q_75": 0.05339280675002556, "min": 0.04918829799999003, "max": 0.054554642000312015, "mean": 0.051714808700080536, "std": 0.0018854965132637134, "repeat": 10, "number": 1}, {"ci_99": [0.08873883600017507, 0.09607910000022457], "q_25": 0.09220108249985515, "q_75": 0.0946316162498988, "min": 0.08873883600017507, "max": 0.09607910000022457, "mean": 0.09332749350000995, "std": 0.002005128914174253, "repeat": 10, "number": 1}], "params": [["True", "False"]]}, "time_solve_models.TimeSolveSPMe.time_solve_model": {"result": [0.08395092250020753, 0.1464076445001865], "stats": [{"ci_99": [0.07974688099966443, 0.08576441800005341], "q_25": 0.08324866400005249, "q_75": 0.08526665149997825, "min": 0.07974688099966443, "max": 0.08576441800005341, "mean": 0.08372117309995701, "std": 0.0018145842428190576, "repeat": 10, "number": 1}, {"ci_99": [0.14029674399989744, 0.15055723500017848], "q_25": 0.14541064649972668, "q_75": 0.14747609025016573, "min": 0.14029674399989744, "max": 0.15055723500017848, "mean": 0.14638261460004287, "std": 0.002630007839486823, "repeat": 10, "number": 1}], "params": [["True", "False"]]}}, "params": {"machine": "GitHubRunner", "python": "3.8"}, "requirements": {}, "commit_hash": "77e076733c18ad765e210e18bffb1b60471b5995", "date": 1610556363000, "env_name": "virtualenv-py3.8", "python": "3.8", "profiles": {}, "started_at": {"time_setup_models_and_sims.TimeBuildDFN.time_setup_DFN": 1613576030034, "time_setup_models_and_sims.TimeBuildDFNSimulation.time_setup_DFN_simulation": 1613576034753, "time_setup_models_and_sims.TimeBuildSPM.time_setup_SPM": 1613576036468, "time_setup_models_and_sims.TimeBuildSPMSimulation.time_setup_SPM_simulation": 1613576039932, "time_setup_models_and_sims.TimeBuildSPMe.time_setup_SPMe": 1613576043252, "time_setup_models_and_sims.TimeBuildSPMeSimulation.time_setup_SPMe_simulation": 1613576047319, "time_solve_models.TimeSolveDFN.time_solve_model": 1613576049384, "time_solve_models.TimeSolveSPM.time_solve_model": 1613576076531, "time_solve_models.TimeSolveSPMe.time_solve_model": 1613576085869}, "ended_at": {"time_setup_models_and_sims.TimeBuildDFN.time_setup_DFN": 1613576034752, "time_setup_models_and_sims.TimeBuildDFNSimulation.time_setup_DFN_simulation": 1613576036467, "time_setup_models_and_sims.TimeBuildSPM.time_setup_SPM": 1613576039932, "time_setup_models_and_sims.TimeBuildSPMSimulation.time_setup_SPM_simulation": 1613576043251, "time_setup_models_and_sims.TimeBuildSPMe.time_setup_SPMe": 1613576047318, "time_setup_models_and_sims.TimeBuildSPMeSimulation.time_setup_SPMe_simulation": 1613576049383, "time_solve_models.TimeSolveDFN.time_solve_model": 1613576076530, "time_solve_models.TimeSolveSPM.time_solve_model": 1613576085868, "time_solve_models.TimeSolveSPMe.time_solve_model": 1613576097661}, "benchmark_version": {"time_setup_models_and_sims.TimeBuildDFN.time_setup_DFN": "5f322e51e6b7e66125ee6949bdf25746005db467e8ffcfdcb3ace170e92bbc3d", "time_setup_models_and_sims.TimeBuildDFNSimulation.time_setup_DFN_simulation": "8de44bc542fa7d4ba28a80f24414a9444b5436673aaebba674918f5f0bfd0ebb", "time_setup_models_and_sims.TimeBuildSPM.time_setup_SPM": "0d0b3f5c67fc2da9a5794c66b70af5a45a09558d1ee95f738745385adb84fbca", "time_setup_models_and_sims.TimeBuildSPMSimulation.time_setup_SPM_simulation": "161220a99418ce4487cc29325cbae897f28d0e44ae07e1dfbfaac2cbc53a4ff9", "time_setup_models_and_sims.TimeBuildSPMe.time_setup_SPMe": "6083f5ff944353395eb4b21c97b02af555fe6528de3cd5283f5e139943945235", "time_setup_models_and_sims.TimeBuildSPMeSimulation.time_setup_SPMe_simulation": "530563cb559427795e3648d9648df9250ae100b7721f69eec356bdda7798c55e", "time_solve_models.TimeSolveDFN.time_solve_model": "914137228e20e5900cec36b0d3865f1faa2f5d479c7d6c2539514791f9ec4430", "time_solve_models.TimeSolveSPM.time_solve_model": "ef1bb5f8d1ddfa59650e20438c4b252d73e5a062714848ce1d6d5269382bc598", "time_solve_models.TimeSolveSPMe.time_solve_model": "20672028872f4620ce85e909bae705d9490de441e926510b2b0e53ff0881d87b"}, "version": 1}