{"results": {"time_setup_models_and_sims.TimeBuildDFN.time_setup_DFN": {"result": [0.7051255765009046], "stats": [{"ci_99": [0.6972069250005006, 0.716563149000649], "q_25": 0.7008460704992103, "q_75": 0.7100858837507076, "min": 0.6972069250005006, "max": 0.716563149000649, "mean": 0.7059415514002467, "std": 0.006188310478989545, "repeat": 10, "number": 1}]}, "time_setup_models_and_sims.TimeBuildDFNSimulation.time_setup_DFN_simulation": {"result": [0.0803604760003509, 0.15973174600003404], "stats": [{"ci_99": [0.07811676200071815, 0.09144244199887908], "q_25": 0.08002192375079176, "q_75": 0.0813418572502087, "min": 0.07811676200071815, "max": 0.09144244199887908, "mean": 0.08156293300016841, "std": 0.003543655455164146, "repeat": 10, "number": 1}, {"ci_99": [0.15792753400091897, 0.16426837200015143], "q_25": 0.15919989425037784, "q_75": 0.16104307849991528, "min": 0.15792753400091897, "max": 0.16426837200015143, "mean": 0.16036650000005465, "std": 0.0019288257707063368, "repeat": 10, "number": 1}], "params": [["False", "True"]]}, "time_setup_models_and_sims.TimeBuildSPM.time_setup_SPM": {"result": [0.5265728689992102], "stats": [{"ci_99": [0.5159768539997458, 0.5412103100006789], "q_25": 0.5193074994995186, "q_75": 0.5319779035003194, "min": 0.5159768539997458, "max": 0.5412103100006789, "mean": 0.5266963003998171, "std": 0.008005347484132128, "repeat": 10, "number": 1}]}, "time_setup_models_and_sims.TimeBuildSPMSimulation.time_setup_SPM_simulation": {"result": [0.2087286864998532, 0.3979386569999406], "stats": [{"ci_99": [0.20584001800125407, 0.21354456699918956], "q_25": 0.20810068125001635, "q_75": 0.2099430957500772, "min": 0.20584001800125407, "max": 0.21354456699918956, "mean": 0.20927572990003682, "std": 0.002235919270928268, "repeat": 10, "number": 1}, {"ci_99": [0.39107071999933396, 0.4022765810004785], "q_25": 0.39559697174900066, "q_75": 0.3984789592495872, "min": 0.39107071999933396, "max": 0.4022765810004785, "mean": 0.3969780618997902, "std": 0.003248140204626585, "repeat": 10, "number": 1}], "params": [["False", "True"]]}, "time_setup_models_and_sims.TimeBuildSPMe.time_setup_SPMe": {"result": [0.619741672499913], "stats": [{"ci_99": [0.6053655830000935, 0.6248189979996823], "q_25": 0.6165467572500347, "q_75": 0.621759856999688, "min": 0.6053655830000935, "max": 0.6248189979996823, "mean": 0.6182344534001458, "std": 0.005323842398279923, "repeat": 10, "number": 1}]}, "time_setup_models_and_sims.TimeBuildSPMeSimulation.time_setup_SPMe_simulation": {"result": [0.10219295500064618, 0.1969997179994607], "stats": [{"ci_99": [0.09854478399938671, 0.10654193200025475], "q_25": 0.10172270299926822, "q_75": 0.10229413075012417, "min": 0.09854478399938671, "max": 0.10654193200025475, "mean": 0.10193836409998766, "std": 0.0020597958807042926, "repeat": 10, "number": 1}, {"ci_99": [0.1932851439996739, 0.19914937900102814], "q_25": 0.19629931324925565, "q_75": 0.19758719750007003, "min": 0.1932851439996739, "max": 0.19914937900102814, "mean": 0.19688625700000556, "std": 0.0015340566619413561, "repeat": 10, "number": 1}], "params": [["False", "True"]]}, "time_solve_models.TimeSolveDFN.time_solve_model": {"result": [1.1543498350001755, 1.2819307529998696], "stats": [{"ci_99": [1.1248242638289216, 1.1918516038375446], "q_25": 1.1474967319991265, "q_75": 1.1732674589993621, "min": 1.1267242730009457, "max": 1.1898179620002338, "mean": 1.1583379338332331, "std": 0.020795614961243884, "repeat": 6, "number": 1}, {"ci_99": [1.1940446909993625, 1.3172622050005884], "q_25": 1.2668674437504706, "q_75": 1.287694864750847, "min": 1.1940446909993625, "max": 1.3172622050005884, "mean": 1.2740562361999763, "std": 0.03199846144276415, "repeat": 10, "number": 1}], "params": [["True", "False"]]}, "time_solve_models.TimeSolveSPM.time_solve_model": {"result": [0.05345111749920761, 0.0893838814999981], "stats": [{"ci_99": [0.05150470599983237, 0.05491532599990023], "q_25": 0.05280953799956478, "q_75": 0.05445414774931123, "min": 0.05150470599983237, "max": 0.05491532599990023, "mean": 0.053494447299635796, "std": 0.0010646028661460895, "repeat": 10, "number": 1}, {"ci_99": [0.08111568200001784, 0.09383775600144872], "q_25": 0.08781074624948815, "q_75": 0.09080836324983466, "min": 0.08111568200001784, "max": 0.09383775600144872, "mean": 0.08896718790001615, "std": 0.00342188745421286, "repeat": 10, "number": 1}], "params": [["True", "False"]]}, "time_solve_models.TimeSolveSPMe.time_solve_model": {"result": [0.08756882000034238, 0.14429110799937916], "stats": [{"ci_99": [0.08606511000107275, 0.08966453100038052], "q_25": 0.08672018925017255, "q_75": 0.08871387674980724, "min": 0.08606511000107275, "max": 0.08966453100038052, "mean": 0.08775631070020609, "std": 0.001190771094168722, "repeat": 10, "number": 1}, {"ci_99": [0.13960292999945523, 0.15393991300152265], "q_25": 0.14244429649988888, "q_75": 0.14640014349924968, "min": 0.13960292999945523, "max": 0.15393991300152265, "mean": 0.1451650119999613, "std": 0.004132481167545984, "repeat": 10, "number": 1}], "params": [["True", "False"]]}}, "params": {"machine": "GitHubRunner", "python": "3.8"}, "requirements": {}, "commit_hash": "7da7414982c7b75f6199218541613f3b64305e4f", "date": 1593018625000, "env_name": "virtualenv-py3.8", "python": "3.8", "profiles": {}, "started_at": {"time_setup_models_and_sims.TimeBuildDFN.time_setup_DFN": 1613582462169, "time_setup_models_and_sims.TimeBuildDFNSimulation.time_setup_DFN_simulation": 1613582466697, "time_setup_models_and_sims.TimeBuildSPM.time_setup_SPM": 1613582468511, "time_setup_models_and_sims.TimeBuildSPMSimulation.time_setup_SPM_simulation": 1613582471977, "time_setup_models_and_sims.TimeBuildSPMe.time_setup_SPMe": 1613582476048, "time_setup_models_and_sims.TimeBuildSPMeSimulation.time_setup_SPMe_simulation": 1613582480063, "time_solve_models.TimeSolveDFN.time_solve_model": 1613582482079, "time_solve_models.TimeSolveSPM.time_solve_model": 1613582507212, "time_solve_models.TimeSolveSPMe.time_solve_model": 1613582516297}, "ended_at": {"time_setup_models_and_sims.TimeBuildDFN.time_setup_DFN": 1613582466696, "time_setup_models_and_sims.TimeBuildDFNSimulation.time_setup_DFN_simulation": 1613582468510, "time_setup_models_and_sims.TimeBuildSPM.time_setup_SPM": 1613582471977, "time_setup_models_and_sims.TimeBuildSPMSimulation.time_setup_SPM_simulation": 1613582476048, "time_setup_models_and_sims.TimeBuildSPMe.time_setup_SPMe": 1613582480063, "time_setup_models_and_sims.TimeBuildSPMeSimulation.time_setup_SPMe_simulation": 1613582482078, "time_solve_models.TimeSolveDFN.time_solve_model": 1613582507211, "time_solve_models.TimeSolveSPM.time_solve_model": 1613582516296, "time_solve_models.TimeSolveSPMe.time_solve_model": 1613582527895}, "benchmark_version": {"time_setup_models_and_sims.TimeBuildDFN.time_setup_DFN": "5f322e51e6b7e66125ee6949bdf25746005db467e8ffcfdcb3ace170e92bbc3d", "time_setup_models_and_sims.TimeBuildDFNSimulation.time_setup_DFN_simulation": "8de44bc542fa7d4ba28a80f24414a9444b5436673aaebba674918f5f0bfd0ebb", "time_setup_models_and_sims.TimeBuildSPM.time_setup_SPM": "0d0b3f5c67fc2da9a5794c66b70af5a45a09558d1ee95f738745385adb84fbca", "time_setup_models_and_sims.TimeBuildSPMSimulation.time_setup_SPM_simulation": "161220a99418ce4487cc29325cbae897f28d0e44ae07e1dfbfaac2cbc53a4ff9", "time_setup_models_and_sims.TimeBuildSPMe.time_setup_SPMe": "6083f5ff944353395eb4b21c97b02af555fe6528de3cd5283f5e139943945235", "time_setup_models_and_sims.TimeBuildSPMeSimulation.time_setup_SPMe_simulation": "530563cb559427795e3648d9648df9250ae100b7721f69eec356bdda7798c55e", "time_solve_models.TimeSolveDFN.time_solve_model": "914137228e20e5900cec36b0d3865f1faa2f5d479c7d6c2539514791f9ec4430", "time_solve_models.TimeSolveSPM.time_solve_model": "ef1bb5f8d1ddfa59650e20438c4b252d73e5a062714848ce1d6d5269382bc598", "time_solve_models.TimeSolveSPMe.time_solve_model": "20672028872f4620ce85e909bae705d9490de441e926510b2b0e53ff0881d87b"}, "version": 1}