{"results": {"time_setup_models_and_sims.TimeBuildDFN.time_setup_DFN": {"result": [0.7164311189990258], "stats": [{"ci_99": [0.7013688229999389, 0.7359239409997826], "q_25": 0.7090905224999915, "q_75": 0.7221281210008783, "min": 0.7013688229999389, "max": 0.7359239409997826, "mean": 0.7157246049000605, "std": 0.01018589166447338, "repeat": 10, "number": 1}]}, "time_setup_models_and_sims.TimeBuildDFNSimulation.time_setup_DFN_simulation": {"result": [0.08130952850024187, 0.16165269999964949], "stats": [{"ci_99": [0.07890186599979643, 0.08260438700017403], "q_25": 0.0808595769999556, "q_75": 0.08191760774980139, "min": 0.07890186599979643, "max": 0.08260438700017403, "mean": 0.08127389880010014, "std": 0.0010006956018148766, "repeat": 10, "number": 1}, {"ci_99": [0.15926813699843478, 0.16648278200045752], "q_25": 0.16022331949989166, "q_75": 0.1625996082502752, "min": 0.15926813699843478, "max": 0.16648278200045752, "mean": 0.16187353329987672, "std": 0.002076896794601052, "repeat": 10, "number": 1}], "params": [["False", "True"]]}, "time_setup_models_and_sims.TimeBuildSPM.time_setup_SPM": {"result": [0.5308639319991926], "stats": [{"ci_99": [0.5196271650002018, 0.5475787199993647], "q_25": 0.5261864692506606, "q_75": 0.5362967864989514, "min": 0.5196271650002018, "max": 0.5475787199993647, "mean": 0.5319258130995876, "std": 0.008192197929309988, "repeat": 10, "number": 1}]}, "time_setup_models_and_sims.TimeBuildSPMSimulation.time_setup_SPM_simulation": {"result": [0.21422245950088836, 0.4090322604997709], "stats": [{"ci_99": [0.21096594499977073, 0.22414831799869717], "q_25": 0.2119011002487241, "q_75": 0.2155489677506921, "min": 0.21096594499977073, "max": 0.22414831799869717, "mean": 0.21474240489988006, "std": 0.003706879819111586, "repeat": 10, "number": 1}, {"ci_99": [0.4011609680001129, 0.4160991480002849], "q_25": 0.4071300470004644, "q_75": 0.4102269434997652, "min": 0.4011609680001129, "max": 0.4160991480002849, "mean": 0.40879617870032237, "std": 0.0037239752731899806, "repeat": 10, "number": 1}], "params": [["False", "True"]]}, "time_setup_models_and_sims.TimeBuildSPMe.time_setup_SPMe": {"result": [0.6314688709999245], "stats": [{"ci_99": [0.6164903389999381, 0.6545281510007044], "q_25": 0.6276551287505754, "q_75": 0.6407748195006207, "min": 0.6164903389999381, "max": 0.6545281510007044, "mean": 0.6345279289003883, "std": 0.010800717951655684, "repeat": 10, "number": 1}]}, "time_setup_models_and_sims.TimeBuildSPMeSimulation.time_setup_SPMe_simulation": {"result": [0.10599482399993576, 0.20448295500136737], "stats": [{"ci_99": [0.10361091199956718, 0.1116143560011551], "q_25": 0.10432894050063624, "q_75": 0.10655577675015593, "min": 0.10361091199956718, "max": 0.1116143560011551, "mean": 0.1062063458000921, "std": 0.0023852739207079012, "repeat": 10, "number": 1}, {"ci_99": [0.2019453920001979, 0.21684647599977325], "q_25": 0.20369002649931645, "q_75": 0.20639083899959587, "min": 0.2019453920001979, "max": 0.21684647599977325, "mean": 0.20617454500024907, "std": 0.004462880737027192, "repeat": 10, "number": 1}], "params": [["False", "True"]]}, "time_solve_models.TimeSolveDFN.time_solve_model": {"result": [1.2097936720001599, 1.3593352190000587], "stats": [{"ci_99": [1.0453468729992892, 1.2627349709932887], "q_25": 1.1803476655004488, "q_75": 1.2150284432500484, "min": 1.0453468729992892, "max": 1.229850338999313, "mean": 1.1803483754999131, "std": 0.06298953546867958, "repeat": 6, "number": 1}, {"ci_99": [1.3352606900007231, 1.3968678290002572], "q_25": 1.3448277197508105, "q_75": 1.379616150498805, "min": 1.3352606900007231, "max": 1.3968678290002572, "mean": 1.362481337250074, "std": 0.02086534968005448, "repeat": 8, "number": 1}], "params": [["True", "False"]]}, "time_solve_models.TimeSolveSPM.time_solve_model": {"result": [0.05474987300021894, 0.0901945825007715], "stats": [{"ci_99": [0.05279991200040968, 0.05624143100067158], "q_25": 0.053705217750575684, "q_75": 0.05556825199937521, "min": 0.05279991200040968, "max": 0.05624143100067158, "mean": 0.054612182100208885, "std": 0.0011012551188734911, "repeat": 10, "number": 1}, {"ci_99": [0.08719161499902839, 0.09382165299939516], "q_25": 0.08862477424918325, "q_75": 0.09313924925027095, "min": 0.08719161499902839, "max": 0.09382165299939516, "mean": 0.09060770479991334, "std": 0.002523800842570682, "repeat": 10, "number": 1}], "params": [["True", "False"]]}, "time_solve_models.TimeSolveSPMe.time_solve_model": {"result": [0.08823752149965003, 0.14930443049979658], "stats": [{"ci_99": [0.08347289399898727, 0.09405215500009945], "q_25": 0.08656436175033377, "q_75": 0.0929897732489735, "min": 0.08347289399898727, "max": 0.09405215500009945, "mean": 0.08909210609981529, "std": 0.003885430439501964, "repeat": 10, "number": 1}, {"ci_99": [0.14377235000029032, 0.15457281399903877], "q_25": 0.14722361974918385, "q_75": 0.15222039774971563, "min": 0.14377235000029032, "max": 0.15457281399903877, "mean": 0.14942814239966537, "std": 0.003386724021397725, "repeat": 10, "number": 1}], "params": [["True", "False"]]}}, "params": {"machine": "GitHubRunner", "python": "3.8"}, "requirements": {}, "commit_hash": "7f35218dec1fa0573af3a7ff08fedcc246ed25d4", "date": 1593516941000, "env_name": "virtualenv-py3.8", "python": "3.8", "profiles": {}, "started_at": {"time_setup_models_and_sims.TimeBuildDFN.time_setup_DFN": 1613582324149, "time_setup_models_and_sims.TimeBuildDFNSimulation.time_setup_DFN_simulation": 1613582328770, "time_setup_models_and_sims.TimeBuildSPM.time_setup_SPM": 1613582330533, "time_setup_models_and_sims.TimeBuildSPMSimulation.time_setup_SPM_simulation": 1613582333999, "time_setup_models_and_sims.TimeBuildSPMe.time_setup_SPMe": 1613582338171, "time_setup_models_and_sims.TimeBuildSPMeSimulation.time_setup_SPMe_simulation": 1613582342237, "time_solve_models.TimeSolveDFN.time_solve_model": 1613582344352, "time_solve_models.TimeSolveSPM.time_solve_model": 1613582368687, "time_solve_models.TimeSolveSPMe.time_solve_model": 1613582378129}, "ended_at": {"time_setup_models_and_sims.TimeBuildDFN.time_setup_DFN": 1613582328770, "time_setup_models_and_sims.TimeBuildDFNSimulation.time_setup_DFN_simulation": 1613582330532, "time_setup_models_and_sims.TimeBuildSPM.time_setup_SPM": 1613582333999, "time_setup_models_and_sims.TimeBuildSPMSimulation.time_setup_SPM_simulation": 1613582338170, "time_setup_models_and_sims.TimeBuildSPMe.time_setup_SPMe": 1613582342237, "time_setup_models_and_sims.TimeBuildSPMeSimulation.time_setup_SPMe_simulation": 1613582344351, "time_solve_models.TimeSolveDFN.time_solve_model": 1613582368686, "time_solve_models.TimeSolveSPM.time_solve_model": 1613582378128, "time_solve_models.TimeSolveSPMe.time_solve_model": 1613582389869}, "benchmark_version": {"time_setup_models_and_sims.TimeBuildDFN.time_setup_DFN": "5f322e51e6b7e66125ee6949bdf25746005db467e8ffcfdcb3ace170e92bbc3d", "time_setup_models_and_sims.TimeBuildDFNSimulation.time_setup_DFN_simulation": "8de44bc542fa7d4ba28a80f24414a9444b5436673aaebba674918f5f0bfd0ebb", "time_setup_models_and_sims.TimeBuildSPM.time_setup_SPM": "0d0b3f5c67fc2da9a5794c66b70af5a45a09558d1ee95f738745385adb84fbca", "time_setup_models_and_sims.TimeBuildSPMSimulation.time_setup_SPM_simulation": "161220a99418ce4487cc29325cbae897f28d0e44ae07e1dfbfaac2cbc53a4ff9", "time_setup_models_and_sims.TimeBuildSPMe.time_setup_SPMe": "6083f5ff944353395eb4b21c97b02af555fe6528de3cd5283f5e139943945235", "time_setup_models_and_sims.TimeBuildSPMeSimulation.time_setup_SPMe_simulation": "530563cb559427795e3648d9648df9250ae100b7721f69eec356bdda7798c55e", "time_solve_models.TimeSolveDFN.time_solve_model": "914137228e20e5900cec36b0d3865f1faa2f5d479c7d6c2539514791f9ec4430", "time_solve_models.TimeSolveSPM.time_solve_model": "ef1bb5f8d1ddfa59650e20438c4b252d73e5a062714848ce1d6d5269382bc598", "time_solve_models.TimeSolveSPMe.time_solve_model": "20672028872f4620ce85e909bae705d9490de441e926510b2b0e53ff0881d87b"}, "version": 1}