{"results": {"time_setup_models_and_sims.TimeBuildDFN.time_setup_DFN": {"result": [0.8313496700001224], "stats": [{"ci_99": [0.8193565070000659, 0.8379968500000814], "q_25": 0.8246391452501598, "q_75": 0.832479961250101, "min": 0.8193565070000659, "max": 0.8379968500000814, "mean": 0.8289760821000982, "std": 0.005615391021972306, "repeat": 10, "number": 1}]}, "time_setup_models_and_sims.TimeBuildDFNSimulation.time_setup_DFN_simulation": {"result": [0.10666531200001828, 0.17724733449995256], "stats": [{"ci_99": [0.10445031100016422, 0.11287763099994663], "q_25": 0.10537077549997775, "q_75": 0.11073282625000047, "min": 0.10445031100016422, "max": 0.11287763099994663, "mean": 0.10784133720001136, "std": 0.003020368108051679, "repeat": 10, "number": 1}, {"ci_99": [0.17333694599983573, 0.18283549300008417], "q_25": 0.17515500549990293, "q_75": 0.18037909949993036, "min": 0.17333694599983573, "max": 0.18283549300008417, "mean": 0.17775897239996538, "std": 0.003114920505412612, "repeat": 10, "number": 1}], "params": [["False", "True"]]}, "time_setup_models_and_sims.TimeBuildSPM.time_setup_SPM": {"result": [0.5465709174999347], "stats": [{"ci_99": [0.5351892070000304, 0.561087839000038], "q_25": 0.5416767680001158, "q_75": 0.5491844817499896, "min": 0.5351892070000304, "max": 0.561087839000038, "mean": 0.5463404457000024, "std": 0.007059326114896542, "repeat": 10, "number": 1}]}, "time_setup_models_and_sims.TimeBuildSPMSimulation.time_setup_SPM_simulation": {"result": [0.23277141299990944, 0.2855242640000597], "stats": [{"ci_99": [0.2241621910000049, 0.24572135399989747], "q_25": 0.22943934150003997, "q_75": 0.23977602600012915, "min": 0.2241621910000049, "max": 0.24572135399989747, "mean": 0.23427271989996826, "std": 0.0066870228286695895, "repeat": 10, "number": 1}, {"ci_99": [0.28176607099999273, 0.29393747999984043], "q_25": 0.2822196729999291, "q_75": 0.28801170075007576, "min": 0.28176607099999273, "max": 0.29393747999984043, "mean": 0.2862133571999948, "std": 0.004297910626120932, "repeat": 10, "number": 1}], "params": [["False", "True"]]}, "time_setup_models_and_sims.TimeBuildSPMe.time_setup_SPMe": {"result": [0.6435260189999781], "stats": [{"ci_99": [0.6311969619998763, 0.6568427760000759], "q_25": 0.636776092749983, "q_75": 0.6522743810000975, "min": 0.6311969619998763, "max": 0.6568427760000759, "mean": 0.644240392000006, "std": 0.0084825134421894, "repeat": 10, "number": 1}]}, "time_setup_models_and_sims.TimeBuildSPMeSimulation.time_setup_SPMe_simulation": {"result": [0.123274687500043, 0.19532961399988835], "stats": [{"ci_99": [0.11674826600005872, 0.13486633099978462], "q_25": 0.12073248525001645, "q_75": 0.12525976149993312, "min": 0.11674826600005872, "max": 0.13486633099978462, "mean": 0.12358210859997598, "std": 0.004756706371098755, "repeat": 10, "number": 1}, {"ci_99": [0.187250006000113, 0.20913917799998671], "q_25": 0.19194970550006474, "q_75": 0.19750532399996246, "min": 0.187250006000113, "max": 0.20913917799998671, "mean": 0.19569317169998612, "std": 0.006014550963357291, "repeat": 10, "number": 1}], "params": [["False", "True"]]}, "time_solve_models.TimeSolveDFN.time_solve_model": {"result": [0.8137815589999491, 1.0277688219999845], "stats": [{"ci_99": [0.8038804760001312, 0.8608649170000717], "q_25": 0.8067785330000561, "q_75": 0.8159923502499851, "min": 0.8038804760001312, "max": 0.8608649170000717, "mean": 0.8175043350000237, "std": 0.01714804864625766, "repeat": 8, "number": 1}, {"ci_99": [0.9975773260000551, 1.053444430999889], "q_25": 1.0186359662501445, "q_75": 1.0343613590000018, "min": 0.9975773260000551, "max": 1.053444430999889, "mean": 1.0258599222000158, "std": 0.015201875754594071, "repeat": 10, "number": 1}], "params": [["True", "False"]]}, "time_solve_models.TimeSolveSPM.time_solve_model": {"result": [0.04260324949996175, 0.08433094500003335], "stats": [{"ci_99": [0.04156549100002849, 0.04495800799986682], "q_25": 0.04187426974988284, "q_75": 0.04345443250002745, "min": 0.04156549100002849, "max": 0.04495800799986682, "mean": 0.04281959079994522, "std": 0.0010862785222425777, "repeat": 10, "number": 1}, {"ci_99": [0.08186687800002801, 0.08732861499993305], "q_25": 0.0822398795000936, "q_75": 0.08523060575015506, "min": 0.08186687800002801, "max": 0.08732861499993305, "mean": 0.08411648410003636, "std": 0.0018022022562278871, "repeat": 10, "number": 1}], "params": [["True", "False"]]}, "time_solve_models.TimeSolveSPMe.time_solve_model": {"result": [0.05978543400010494, 0.12319992350012399], "stats": [{"ci_99": [0.05771376500001679, 0.0627595979999569], "q_25": 0.059590623500128004, "q_75": 0.06085976149995531, "min": 0.05771376500001679, "max": 0.0627595979999569, "mean": 0.060099940900022374, "std": 0.0012758069367685954, "repeat": 10, "number": 1}, {"ci_99": [0.12203677599995899, 0.12463407199993526], "q_25": 0.12279076400005806, "q_75": 0.12353103399999554, "min": 0.12203677599995899, "max": 0.12463407199993526, "mean": 0.12316657360001955, "std": 0.00073483390037569, "repeat": 10, "number": 1}], "params": [["True", "False"]]}}, "params": {"machine": "GitHubRunner", "python": "3.8"}, "requirements": {}, "commit_hash": "7fb60408096f37b8093156c744ca3eb8e77f8f13", "date": 1612381836000, "env_name": "virtualenv-py3.8", "python": "3.8", "profiles": {}, "started_at": {"time_setup_models_and_sims.TimeBuildDFN.time_setup_DFN": 1613575065612, "time_setup_models_and_sims.TimeBuildDFNSimulation.time_setup_DFN_simulation": 1613575070883, "time_setup_models_and_sims.TimeBuildSPM.time_setup_SPM": 1613575072850, "time_setup_models_and_sims.TimeBuildSPMSimulation.time_setup_SPM_simulation": 1613575076466, "time_setup_models_and_sims.TimeBuildSPMe.time_setup_SPMe": 1613575079934, "time_setup_models_and_sims.TimeBuildSPMeSimulation.time_setup_SPMe_simulation": 1613575084153, "time_solve_models.TimeSolveDFN.time_solve_model": 1613575086318, "time_solve_models.TimeSolveSPM.time_solve_model": 1613575112818, "time_solve_models.TimeSolveSPMe.time_solve_model": 1613575122609}, "ended_at": {"time_setup_models_and_sims.TimeBuildDFN.time_setup_DFN": 1613575070883, "time_setup_models_and_sims.TimeBuildDFNSimulation.time_setup_DFN_simulation": 1613575072848, "time_setup_models_and_sims.TimeBuildSPM.time_setup_SPM": 1613575076466, "time_setup_models_and_sims.TimeBuildSPMSimulation.time_setup_SPM_simulation": 1613575079934, "time_setup_models_and_sims.TimeBuildSPMe.time_setup_SPMe": 1613575084153, "time_setup_models_and_sims.TimeBuildSPMeSimulation.time_setup_SPMe_simulation": 1613575086318, "time_solve_models.TimeSolveDFN.time_solve_model": 1613575112818, "time_solve_models.TimeSolveSPM.time_solve_model": 1613575122608, "time_solve_models.TimeSolveSPMe.time_solve_model": 1613575134253}, "benchmark_version": {"time_setup_models_and_sims.TimeBuildDFN.time_setup_DFN": "5f322e51e6b7e66125ee6949bdf25746005db467e8ffcfdcb3ace170e92bbc3d", "time_setup_models_and_sims.TimeBuildDFNSimulation.time_setup_DFN_simulation": "8de44bc542fa7d4ba28a80f24414a9444b5436673aaebba674918f5f0bfd0ebb", "time_setup_models_and_sims.TimeBuildSPM.time_setup_SPM": "0d0b3f5c67fc2da9a5794c66b70af5a45a09558d1ee95f738745385adb84fbca", "time_setup_models_and_sims.TimeBuildSPMSimulation.time_setup_SPM_simulation": "161220a99418ce4487cc29325cbae897f28d0e44ae07e1dfbfaac2cbc53a4ff9", "time_setup_models_and_sims.TimeBuildSPMe.time_setup_SPMe": "6083f5ff944353395eb4b21c97b02af555fe6528de3cd5283f5e139943945235", "time_setup_models_and_sims.TimeBuildSPMeSimulation.time_setup_SPMe_simulation": "530563cb559427795e3648d9648df9250ae100b7721f69eec356bdda7798c55e", "time_solve_models.TimeSolveDFN.time_solve_model": "914137228e20e5900cec36b0d3865f1faa2f5d479c7d6c2539514791f9ec4430", "time_solve_models.TimeSolveSPM.time_solve_model": "ef1bb5f8d1ddfa59650e20438c4b252d73e5a062714848ce1d6d5269382bc598", "time_solve_models.TimeSolveSPMe.time_solve_model": "20672028872f4620ce85e909bae705d9490de441e926510b2b0e53ff0881d87b"}, "version": 1}