{"results": {"time_setup_models_and_sims.TimeBuildDFN.time_setup_DFN": {"result": [0.7138937444988187], "stats": [{"ci_99": [0.7099825709992729, 0.7240068570008589], "q_25": 0.7118359092501123, "q_75": 0.716626762749911, "min": 0.7099825709992729, "max": 0.7240068570008589, "mean": 0.7148103809999157, "std": 0.004043574262260842, "repeat": 10, "number": 1}]}, "time_setup_models_and_sims.TimeBuildDFNSimulation.time_setup_DFN_simulation": {"result": [0.08059143450009287, 0.1580595010009347], "stats": [{"ci_99": [0.07812887000000046, 0.08382990400059498], "q_25": 0.0793024772501667, "q_75": 0.0819900187489111, "min": 0.07812887000000046, "max": 0.08382990400059498, "mean": 0.08076773609991506, "std": 0.0017284026519586333, "repeat": 10, "number": 1}, {"ci_99": [0.14893459599989, 0.16034566499911307], "q_25": 0.15541280975094196, "q_75": 0.15858302925016687, "min": 0.14893459599989, "max": 0.16034566499911307, "mean": 0.1566264223001781, "std": 0.0032366495907103763, "repeat": 10, "number": 1}], "params": [["False", "True"]]}, "time_setup_models_and_sims.TimeBuildSPM.time_setup_SPM": {"result": [0.5174308640007439], "stats": [{"ci_99": [0.5053273400008038, 0.5234454500005086], "q_25": 0.5125709092508259, "q_75": 0.5188779962504668, "min": 0.5053273400008038, "max": 0.5234454500005086, "mean": 0.515925124300702, "std": 0.004960857349360946, "repeat": 10, "number": 1}]}, "time_setup_models_and_sims.TimeBuildSPMSimulation.time_setup_SPM_simulation": {"result": [0.20819885299988528, 0.39576463100002], "stats": [{"ci_99": [0.2036516259995551, 0.21363148499949602], "q_25": 0.2067999192499883, "q_75": 0.21020611449966964, "min": 0.2036516259995551, "max": 0.21363148499949602, "mean": 0.20837273389988695, "std": 0.0027041701775683703, "repeat": 10, "number": 1}, {"ci_99": [0.3904732499995589, 0.3996235049999086], "q_25": 0.39436169800001153, "q_75": 0.3975798672504425, "min": 0.3904732499995589, "max": 0.3996235049999086, "mean": 0.3955735305000417, "std": 0.0025797555558156374, "repeat": 10, "number": 1}], "params": [["False", "True"]]}, "time_setup_models_and_sims.TimeBuildSPMe.time_setup_SPMe": {"result": [0.6221614439991754], "stats": [{"ci_99": [0.6151923030010948, 0.6373007349993713], "q_25": 0.6187332974996025, "q_75": 0.6307842447508847, "min": 0.6151923030010948, "max": 0.6373007349993713, "mean": 0.6245518181996885, "std": 0.007771878717342382, "repeat": 10, "number": 1}]}, "time_setup_models_and_sims.TimeBuildSPMeSimulation.time_setup_SPMe_simulation": {"result": [0.10209211450001021, 0.1996448515001248], "stats": [{"ci_99": [0.1008874069993908, 0.10443322900027852], "q_25": 0.10162118624975847, "q_75": 0.1025798425002904, "min": 0.1008874069993908, "max": 0.10443322900027852, "mean": 0.1022797253997851, "std": 0.001001161988116054, "repeat": 10, "number": 1}, {"ci_99": [0.19781499000055192, 0.20305052200092177], "q_25": 0.19905279750037153, "q_75": 0.2003488062505312, "min": 0.19781499000055192, "max": 0.20305052200092177, "mean": 0.19983864250025363, "std": 0.0013716744504694985, "repeat": 10, "number": 1}], "params": [["False", "True"]]}, "time_solve_models.TimeSolveDFN.time_solve_model": {"result": [1.1312836079996487, 1.2997349230008695], "stats": [{"ci_99": [1.10768452463886, 1.1587209816947284], "q_25": 1.1188394095001968, "q_75": 1.1455098177502805, "min": 1.1185560330013686, "max": 1.1531500389992289, "mean": 1.1332027531667943, "std": 0.01466655987549454, "repeat": 6, "number": 1}, {"ci_99": [1.257825471000615, 1.3593550800014782], "q_25": 1.2793729010008974, "q_75": 1.3384926539984008, "min": 1.257825471000615, "max": 1.3593550800014782, "mean": 1.3071176110000426, "std": 0.0336430770789566, "repeat": 9, "number": 1}], "params": [["True", "False"]]}, "time_solve_models.TimeSolveSPM.time_solve_model": {"result": [0.055693985000289103, 0.09225095550027618], "stats": [{"ci_99": [0.05393822499900125, 0.058297650999520556], "q_25": 0.0545249282495206, "q_75": 0.05677531600076691, "min": 0.05393822499900125, "max": 0.058297650999520556, "mean": 0.055727675299749535, "std": 0.0013866376927635599, "repeat": 10, "number": 1}, {"ci_99": [0.08996814099918993, 0.10480283099968801], "q_25": 0.09109084900092057, "q_75": 0.09534304850012632, "min": 0.08996814099918993, "max": 0.10480283099968801, "mean": 0.09396949559995846, "std": 0.004278856597122793, "repeat": 10, "number": 1}], "params": [["True", "False"]]}, "time_solve_models.TimeSolveSPMe.time_solve_model": {"result": [0.08870353400016029, 0.1483396925004854], "stats": [{"ci_99": [0.08602061800047522, 0.09123004899993248], "q_25": 0.08794287925002209, "q_75": 0.08995509150008729, "min": 0.08602061800047522, "max": 0.09123004899993248, "mean": 0.08875003419998392, "std": 0.0016780064807629218, "repeat": 10, "number": 1}, {"ci_99": [0.1454561750015273, 0.15764124900124443], "q_25": 0.14606257974946857, "q_75": 0.15168713850016502, "min": 0.1454561750015273, "max": 0.15764124900124443, "mean": 0.14940520930031198, "std": 0.003816648352471067, "repeat": 10, "number": 1}], "params": [["True", "False"]]}}, "params": {"machine": "GitHubRunner", "python": "3.8"}, "requirements": {}, "commit_hash": "814f5d9dd8adba1b5519ea1005fa0aeef4609c70", "date": 1591382848000, "env_name": "virtualenv-py3.8", "python": "3.8", "profiles": {}, "started_at": {"time_setup_models_and_sims.TimeBuildDFN.time_setup_DFN": 1613583441769, "time_setup_models_and_sims.TimeBuildDFNSimulation.time_setup_DFN_simulation": 1613583446337, "time_setup_models_and_sims.TimeBuildSPM.time_setup_SPM": 1613583448051, "time_setup_models_and_sims.TimeBuildSPMSimulation.time_setup_SPM_simulation": 1613583451414, "time_setup_models_and_sims.TimeBuildSPMe.time_setup_SPMe": 1613583455434, "time_setup_models_and_sims.TimeBuildSPMeSimulation.time_setup_SPMe_simulation": 1613583459501, "time_solve_models.TimeSolveDFN.time_solve_model": 1613583461514, "time_solve_models.TimeSolveSPM.time_solve_model": 1613583487450, "time_solve_models.TimeSolveSPMe.time_solve_model": 1613583496887}, "ended_at": {"time_setup_models_and_sims.TimeBuildDFN.time_setup_DFN": 1613583446337, "time_setup_models_and_sims.TimeBuildDFNSimulation.time_setup_DFN_simulation": 1613583448050, "time_setup_models_and_sims.TimeBuildSPM.time_setup_SPM": 1613583451414, "time_setup_models_and_sims.TimeBuildSPMSimulation.time_setup_SPM_simulation": 1613583455433, "time_setup_models_and_sims.TimeBuildSPMe.time_setup_SPMe": 1613583459501, "time_setup_models_and_sims.TimeBuildSPMeSimulation.time_setup_SPMe_simulation": 1613583461514, "time_solve_models.TimeSolveDFN.time_solve_model": 1613583487450, "time_solve_models.TimeSolveSPM.time_solve_model": 1613583496886, "time_solve_models.TimeSolveSPMe.time_solve_model": 1613583508632}, "benchmark_version": {"time_setup_models_and_sims.TimeBuildDFN.time_setup_DFN": "5f322e51e6b7e66125ee6949bdf25746005db467e8ffcfdcb3ace170e92bbc3d", "time_setup_models_and_sims.TimeBuildDFNSimulation.time_setup_DFN_simulation": "8de44bc542fa7d4ba28a80f24414a9444b5436673aaebba674918f5f0bfd0ebb", "time_setup_models_and_sims.TimeBuildSPM.time_setup_SPM": "0d0b3f5c67fc2da9a5794c66b70af5a45a09558d1ee95f738745385adb84fbca", "time_setup_models_and_sims.TimeBuildSPMSimulation.time_setup_SPM_simulation": "161220a99418ce4487cc29325cbae897f28d0e44ae07e1dfbfaac2cbc53a4ff9", "time_setup_models_and_sims.TimeBuildSPMe.time_setup_SPMe": "6083f5ff944353395eb4b21c97b02af555fe6528de3cd5283f5e139943945235", "time_setup_models_and_sims.TimeBuildSPMeSimulation.time_setup_SPMe_simulation": "530563cb559427795e3648d9648df9250ae100b7721f69eec356bdda7798c55e", "time_solve_models.TimeSolveDFN.time_solve_model": "914137228e20e5900cec36b0d3865f1faa2f5d479c7d6c2539514791f9ec4430", "time_solve_models.TimeSolveSPM.time_solve_model": "ef1bb5f8d1ddfa59650e20438c4b252d73e5a062714848ce1d6d5269382bc598", "time_solve_models.TimeSolveSPMe.time_solve_model": "20672028872f4620ce85e909bae705d9490de441e926510b2b0e53ff0881d87b"}, "version": 1}