{"results": {"time_setup_models_and_sims.TimeBuildDFN.time_setup_DFN": {"result": [0.729526550999708], "stats": [{"ci_99": [0.7181705799994234, 0.7383766470002229], "q_25": 0.723826690250462, "q_75": 0.735487024750455, "min": 0.7181705799994234, "max": 0.7383766470002229, "mean": 0.7290801164999721, "std": 0.007121763093057537, "repeat": 10, "number": 1}]}, "time_setup_models_and_sims.TimeBuildDFNSimulation.time_setup_DFN_simulation": {"result": [0.06569956449993697, 0.13593051950056179], "stats": [{"ci_99": [0.06278990100054216, 0.07104254799924092], "q_25": 0.06540000100062571, "q_75": 0.0680255204997593, "min": 0.06278990100054216, "max": 0.07104254799924092, "mean": 0.06656014190011775, "std": 0.002238424674891291, "repeat": 10, "number": 1}, {"ci_99": [0.13093849300003058, 0.1399411760003204], "q_25": 0.13482359449994874, "q_75": 0.13809204675044384, "min": 0.13093849300003058, "max": 0.1399411760003204, "mean": 0.1358859896001377, "std": 0.0026701397233595487, "repeat": 10, "number": 1}], "params": [["False", "True"]]}, "time_setup_models_and_sims.TimeBuildSPM.time_setup_SPM": {"result": [0.5150166015005198], "stats": [{"ci_99": [0.5024234940001406, 0.5203184340007283], "q_25": 0.5099853882497882, "q_75": 0.517169857999761, "min": 0.5024234940001406, "max": 0.5203184340007283, "mean": 0.5135246989000735, "std": 0.005064988052260246, "repeat": 10, "number": 1}]}, "time_setup_models_and_sims.TimeBuildSPMSimulation.time_setup_SPM_simulation": {"result": [0.19252924250031356, 0.3693894514999556], "stats": [{"ci_99": [0.1892939050003406, 0.1953441630002999], "q_25": 0.19107582199990247, "q_75": 0.1939372377496511, "min": 0.1892939050003406, "max": 0.1953441630002999, "mean": 0.19247580200008088, "std": 0.0017842328150308997, "repeat": 10, "number": 1}, {"ci_99": [0.3616033429998424, 0.3769584199999372], "q_25": 0.3666184177500327, "q_75": 0.3726240484998016, "min": 0.3616033429998424, "max": 0.3769584199999372, "mean": 0.36933692359989434, "std": 0.004506973392447825, "repeat": 10, "number": 1}], "params": [["False", "True"]]}, "time_setup_models_and_sims.TimeBuildSPMe.time_setup_SPMe": {"result": [0.607088868500341], "stats": [{"ci_99": [0.6005863319996934, 0.6155518779996783], "q_25": 0.6041860605002967, "q_75": 0.6081817495000905, "min": 0.6005863319996934, "max": 0.6155518779996783, "mean": 0.6069366894001178, "std": 0.004043014225384478, "repeat": 10, "number": 1}]}, "time_setup_models_and_sims.TimeBuildSPMeSimulation.time_setup_SPMe_simulation": {"result": [0.08336788999986311, 0.16394736749998629], "stats": [{"ci_99": [0.08136023499992007, 0.08419096099987655], "q_25": 0.0821548449994225, "q_75": 0.08399836224975843, "min": 0.08136023499992007, "max": 0.08419096099987655, "mean": 0.0830645391998587, "std": 0.0010260128023680934, "repeat": 10, "number": 1}, {"ci_99": [0.16121795599974575, 0.16959313200004544], "q_25": 0.162941244500189, "q_75": 0.16516536749963961, "min": 0.16121795599974575, "max": 0.16959313200004544, "mean": 0.16461672329996874, "std": 0.002562635947436092, "repeat": 10, "number": 1}], "params": [["False", "True"]]}, "time_solve_models.TimeSolveDFN.time_solve_model": {"result": [0.8810046959997635, 1.038750322999931], "stats": [{"ci_99": [0.8521700239998609, 0.8860207080006148], "q_25": 0.8702378454993323, "q_75": 0.8849307277500884, "min": 0.8521700239998609, "max": 0.8860207080006148, "mean": 0.8762247136248789, "std": 0.011085164351319069, "repeat": 8, "number": 1}, {"ci_99": [1.0229936519999683, 1.0585182329996314], "q_25": 1.0327430945001197, "q_75": 1.047555760250134, "min": 1.0229936519999683, "max": 1.0585182329996314, "mean": 1.0401136468000005, "std": 0.010254857688582156, "repeat": 10, "number": 1}], "params": [["True", "False"]]}, "time_solve_models.TimeSolveSPM.time_solve_model": {"result": [0.046511571500104765, 0.08433066149973456], "stats": [{"ci_99": [0.042464076000214845, 0.047406820000105654], "q_25": 0.046224129000165703, "q_75": 0.047092066749655714, "min": 0.042464076000214845, "max": 0.047406820000105654, "mean": 0.046232909100035614, "std": 0.0013490007023535123, "repeat": 10, "number": 1}, {"ci_99": [0.08305233400005818, 0.09171034799965128], "q_25": 0.0837126887499835, "q_75": 0.0883304159999625, "min": 0.08305233400005818, "max": 0.09171034799965128, "mean": 0.08594610669997564, "std": 0.002891721416808281, "repeat": 10, "number": 1}], "params": [["True", "False"]]}, "time_solve_models.TimeSolveSPMe.time_solve_model": {"result": [0.06584722949992283, 0.12394621249995907], "stats": [{"ci_99": [0.06504197200047201, 0.067270618999828], "q_25": 0.06547527050065582, "q_75": 0.0664701612497538, "min": 0.06504197200047201, "max": 0.067270618999828, "mean": 0.06596136370008025, "std": 0.000694794226946761, "repeat": 10, "number": 1}, {"ci_99": [0.11649162200046703, 0.1274695669999346], "q_25": 0.12205409549983415, "q_75": 0.12608893074980188, "min": 0.11649162200046703, "max": 0.1274695669999346, "mean": 0.1234456374999354, "std": 0.003494767070920165, "repeat": 10, "number": 1}], "params": [["True", "False"]]}}, "params": {"machine": "GitHubRunner", "python": "3.8"}, "requirements": {}, "commit_hash": "828c31f9f00c7ccea3c4f0ade2890b32538b5a6d", "date": 1605259496000, "env_name": "virtualenv-py3.8", "python": "3.8", "profiles": {}, "started_at": {"time_setup_models_and_sims.TimeBuildDFN.time_setup_DFN": 1613577972348, "time_setup_models_and_sims.TimeBuildDFNSimulation.time_setup_DFN_simulation": 1613577977017, "time_setup_models_and_sims.TimeBuildSPM.time_setup_SPM": 1613577978581, "time_setup_models_and_sims.TimeBuildSPMSimulation.time_setup_SPM_simulation": 1613577981995, "time_setup_models_and_sims.TimeBuildSPMe.time_setup_SPMe": 1613577985865, "time_setup_models_and_sims.TimeBuildSPMeSimulation.time_setup_SPMe_simulation": 1613577989831, "time_solve_models.TimeSolveDFN.time_solve_model": 1613577991695, "time_solve_models.TimeSolveSPM.time_solve_model": 1613578017283, "time_solve_models.TimeSolveSPMe.time_solve_model": 1613578026530}, "ended_at": {"time_setup_models_and_sims.TimeBuildDFN.time_setup_DFN": 1613577977017, "time_setup_models_and_sims.TimeBuildDFNSimulation.time_setup_DFN_simulation": 1613577978581, "time_setup_models_and_sims.TimeBuildSPM.time_setup_SPM": 1613577981995, "time_setup_models_and_sims.TimeBuildSPMSimulation.time_setup_SPM_simulation": 1613577985864, "time_setup_models_and_sims.TimeBuildSPMe.time_setup_SPMe": 1613577989830, "time_setup_models_and_sims.TimeBuildSPMeSimulation.time_setup_SPMe_simulation": 1613577991694, "time_solve_models.TimeSolveDFN.time_solve_model": 1613578017282, "time_solve_models.TimeSolveSPM.time_solve_model": 1613578026529, "time_solve_models.TimeSolveSPMe.time_solve_model": 1613578037624}, "benchmark_version": {"time_setup_models_and_sims.TimeBuildDFN.time_setup_DFN": "5f322e51e6b7e66125ee6949bdf25746005db467e8ffcfdcb3ace170e92bbc3d", "time_setup_models_and_sims.TimeBuildDFNSimulation.time_setup_DFN_simulation": "8de44bc542fa7d4ba28a80f24414a9444b5436673aaebba674918f5f0bfd0ebb", "time_setup_models_and_sims.TimeBuildSPM.time_setup_SPM": "0d0b3f5c67fc2da9a5794c66b70af5a45a09558d1ee95f738745385adb84fbca", "time_setup_models_and_sims.TimeBuildSPMSimulation.time_setup_SPM_simulation": "161220a99418ce4487cc29325cbae897f28d0e44ae07e1dfbfaac2cbc53a4ff9", "time_setup_models_and_sims.TimeBuildSPMe.time_setup_SPMe": "6083f5ff944353395eb4b21c97b02af555fe6528de3cd5283f5e139943945235", "time_setup_models_and_sims.TimeBuildSPMeSimulation.time_setup_SPMe_simulation": "530563cb559427795e3648d9648df9250ae100b7721f69eec356bdda7798c55e", "time_solve_models.TimeSolveDFN.time_solve_model": "914137228e20e5900cec36b0d3865f1faa2f5d479c7d6c2539514791f9ec4430", "time_solve_models.TimeSolveSPM.time_solve_model": "ef1bb5f8d1ddfa59650e20438c4b252d73e5a062714848ce1d6d5269382bc598", "time_solve_models.TimeSolveSPMe.time_solve_model": "20672028872f4620ce85e909bae705d9490de441e926510b2b0e53ff0881d87b"}, "version": 1}