{"results": {"time_setup_models_and_sims.TimeBuildDFN.time_setup_DFN": {"result": [0.7780605514990384], "stats": [{"ci_99": [0.7569446749985218, 0.7922002870000142], "q_25": 0.767446387250402, "q_75": 0.7827313547500125, "min": 0.7569446749985218, "max": 0.7922002870000142, "mean": 0.7755284861999826, "std": 0.011609698993967991, "repeat": 10, "number": 1}]}, "time_setup_models_and_sims.TimeBuildDFNSimulation.time_setup_DFN_simulation": {"result": [0.07081657800063113, 0.13838388600015605], "stats": [{"ci_99": [0.07044372499876772, 0.07555465599944], "q_25": 0.07066992775025938, "q_75": 0.07250893799891855, "min": 0.07044372499876772, "max": 0.07555465599944, "mean": 0.07183995409977798, "std": 0.0017667964363797918, "repeat": 10, "number": 1}, {"ci_99": [0.1370050280002033, 0.14278636199924222], "q_25": 0.13753063099966312, "q_75": 0.13937979249976706, "min": 0.1370050280002033, "max": 0.14278636199924222, "mean": 0.1387322780999966, "std": 0.0016125531887428398, "repeat": 10, "number": 1}], "params": [["False", "True"]]}, "time_setup_models_and_sims.TimeBuildSPM.time_setup_SPM": {"result": [0.5104865349994725], "stats": [{"ci_99": [0.5042679470006988, 0.5199480410010437], "q_25": 0.5065136110006279, "q_75": 0.5159063170003719, "min": 0.5042679470006988, "max": 0.5199480410010437, "mean": 0.5112633193004512, "std": 0.005509579071819665, "repeat": 10, "number": 1}]}, "time_setup_models_and_sims.TimeBuildSPMSimulation.time_setup_SPM_simulation": {"result": [0.18180854850015749, 0.3418072155009213], "stats": [{"ci_99": [0.178298676999475, 0.18715013099972566], "q_25": 0.180554066249897, "q_75": 0.18269570375105104, "min": 0.178298676999475, "max": 0.18715013099972566, "mean": 0.18206942010019703, "std": 0.002511305679694218, "repeat": 10, "number": 1}, {"ci_99": [0.3379039420015033, 0.35090362099981576], "q_25": 0.34076588450079726, "q_75": 0.3428090217503268, "min": 0.3379039420015033, "max": 0.35090362099981576, "mean": 0.34235574890026327, "std": 0.0032099886236882495, "repeat": 10, "number": 1}], "params": [["False", "True"]]}, "time_setup_models_and_sims.TimeBuildSPMe.time_setup_SPMe": {"result": [0.6348657360003926], "stats": [{"ci_99": [0.6192744419986411, 0.6412851759996556], "q_25": 0.6290605265003251, "q_75": 0.6358742167503806, "min": 0.6192744419986411, "max": 0.6412851759996556, "mean": 0.6323206407998441, "std": 0.006981583595578431, "repeat": 10, "number": 1}]}, "time_setup_models_and_sims.TimeBuildSPMeSimulation.time_setup_SPMe_simulation": {"result": [0.08993894399918645, 0.17289174500001536], "stats": [{"ci_99": [0.08923373900142906, 0.10414712899910228], "q_25": 0.08950239100022372, "q_75": 0.090377645999979, "min": 0.08923373900142906, "max": 0.10414712899910228, "mean": 0.0916112635999525, "std": 0.004350507562967704, "repeat": 10, "number": 1}, {"ci_99": [0.16977602599945385, 0.18132169599994086], "q_25": 0.17278134399930423, "q_75": 0.1736737500000345, "min": 0.16977602599945385, "max": 0.18132169599994086, "mean": 0.17422471279987803, "std": 0.0034130123655866157, "repeat": 10, "number": 1}], "params": [["False", "True"]]}, "time_solve_models.TimeSolveDFN.time_solve_model": {"result": [1.1395186355002807, 1.2474192370009405], "stats": [{"ci_99": [1.0855074745250775, 1.1909032811417248], "q_25": 1.1110007132501778, "q_75": 1.1556364334992395, "min": 1.0970786289999523, "max": 1.1906125950008573, "mean": 1.1382053778334011, "std": 0.03199149379737992, "repeat": 6, "number": 1}, {"ci_99": [1.230034133001027, 1.3571351009995851], "q_25": 1.2382871830013755, "q_75": 1.3356129699986923, "min": 1.230034133001027, "max": 1.3571351009995851, "mean": 1.284512528444692, "std": 0.05324398630440397, "repeat": 9, "number": 1}], "params": [["True", "False"]]}, "time_solve_models.TimeSolveSPM.time_solve_model": {"result": [0.05428927850061882, 0.08901643850003893], "stats": [{"ci_99": [0.05194521299927146, 0.05688414399992325], "q_25": 0.05307257075082816, "q_75": 0.0551588837502095, "min": 0.05194521299927146, "max": 0.05688414399992325, "mean": 0.054319658300300944, "std": 0.0015322366571882422, "repeat": 10, "number": 1}, {"ci_99": [0.08420280899917998, 0.10120271199957642], "q_25": 0.08596291949970691, "q_75": 0.09101124950029771, "min": 0.08420280899917998, "max": 0.10120271199957642, "mean": 0.08934622989982018, "std": 0.004718459427127587, "repeat": 10, "number": 1}], "params": [["True", "False"]]}, "time_solve_models.TimeSolveSPMe.time_solve_model": {"result": [0.08655382300003112, 0.14273071249954228], "stats": [{"ci_99": [0.08330900399960228, 0.09955350099880889], "q_25": 0.08438228475051801, "q_75": 0.09437764574931862, "min": 0.08330900399960228, "max": 0.09955350099880889, "mean": 0.08931300979966181, "std": 0.006081706903943089, "repeat": 10, "number": 1}, {"ci_99": [0.1392562419987371, 0.14604078200136428], "q_25": 0.14151142975060793, "q_75": 0.1443772477496168, "min": 0.1392562419987371, "max": 0.14604078200136428, "mean": 0.14283033299998352, "std": 0.0021119991068685494, "repeat": 10, "number": 1}], "params": [["True", "False"]]}}, "params": {"machine": "GitHubRunner", "python": "3.8"}, "requirements": {}, "commit_hash": "83fba98eea5890a900cd76f2d16766147d8430e1", "date": 1588183777000, "env_name": "virtualenv-py3.8", "python": "3.8", "profiles": {}, "started_at": {"time_setup_models_and_sims.TimeBuildDFN.time_setup_DFN": 1613585249596, "time_setup_models_and_sims.TimeBuildDFNSimulation.time_setup_DFN_simulation": 1613585254516, "time_setup_models_and_sims.TimeBuildSPM.time_setup_SPM": 1613585256029, "time_setup_models_and_sims.TimeBuildSPMSimulation.time_setup_SPM_simulation": 1613585259343, "time_setup_models_and_sims.TimeBuildSPMe.time_setup_SPMe": 1613585262763, "time_setup_models_and_sims.TimeBuildSPMeSimulation.time_setup_SPMe_simulation": 1613585266832, "time_solve_models.TimeSolveDFN.time_solve_model": 1613585268746, "time_solve_models.TimeSolveSPM.time_solve_model": 1613585294838, "time_solve_models.TimeSolveSPMe.time_solve_model": 1613585303672}, "ended_at": {"time_setup_models_and_sims.TimeBuildDFN.time_setup_DFN": 1613585254515, "time_setup_models_and_sims.TimeBuildDFNSimulation.time_setup_DFN_simulation": 1613585256028, "time_setup_models_and_sims.TimeBuildSPM.time_setup_SPM": 1613585259342, "time_setup_models_and_sims.TimeBuildSPMSimulation.time_setup_SPM_simulation": 1613585262762, "time_setup_models_and_sims.TimeBuildSPMe.time_setup_SPMe": 1613585266831, "time_setup_models_and_sims.TimeBuildSPMeSimulation.time_setup_SPMe_simulation": 1613585268745, "time_solve_models.TimeSolveDFN.time_solve_model": 1613585294837, "time_solve_models.TimeSolveSPM.time_solve_model": 1613585303672, "time_solve_models.TimeSolveSPMe.time_solve_model": 1613585314865}, "benchmark_version": {"time_setup_models_and_sims.TimeBuildDFN.time_setup_DFN": "5f322e51e6b7e66125ee6949bdf25746005db467e8ffcfdcb3ace170e92bbc3d", "time_setup_models_and_sims.TimeBuildDFNSimulation.time_setup_DFN_simulation": "8de44bc542fa7d4ba28a80f24414a9444b5436673aaebba674918f5f0bfd0ebb", "time_setup_models_and_sims.TimeBuildSPM.time_setup_SPM": "0d0b3f5c67fc2da9a5794c66b70af5a45a09558d1ee95f738745385adb84fbca", "time_setup_models_and_sims.TimeBuildSPMSimulation.time_setup_SPM_simulation": "161220a99418ce4487cc29325cbae897f28d0e44ae07e1dfbfaac2cbc53a4ff9", "time_setup_models_and_sims.TimeBuildSPMe.time_setup_SPMe": "6083f5ff944353395eb4b21c97b02af555fe6528de3cd5283f5e139943945235", "time_setup_models_and_sims.TimeBuildSPMeSimulation.time_setup_SPMe_simulation": "530563cb559427795e3648d9648df9250ae100b7721f69eec356bdda7798c55e", "time_solve_models.TimeSolveDFN.time_solve_model": "914137228e20e5900cec36b0d3865f1faa2f5d479c7d6c2539514791f9ec4430", "time_solve_models.TimeSolveSPM.time_solve_model": "ef1bb5f8d1ddfa59650e20438c4b252d73e5a062714848ce1d6d5269382bc598", "time_solve_models.TimeSolveSPMe.time_solve_model": "20672028872f4620ce85e909bae705d9490de441e926510b2b0e53ff0881d87b"}, "version": 1}