{"results": {"time_setup_models_and_sims.TimeBuildDFN.time_setup_DFN": {"result": [0.7301400589999503], "stats": [{"ci_99": [0.7024715020002077, 0.7418061170001238], "q_25": 0.7163573612500613, "q_75": 0.7361994855000376, "min": 0.7024715020002077, "max": 0.7418061170001238, "mean": 0.7260072742000375, "std": 0.013082458591252386, "repeat": 10, "number": 1}]}, "time_setup_models_and_sims.TimeBuildDFNSimulation.time_setup_DFN_simulation": {"result": [0.0928153975000896, 0.15290156349988138], "stats": [{"ci_99": [0.08815862699975696, 0.10441470700015998], "q_25": 0.09005711350016554, "q_75": 0.09488320199977807, "min": 0.08815862699975696, "max": 0.10441470700015998, "mean": 0.09334754009992138, "std": 0.004440049349698964, "repeat": 10, "number": 1}, {"ci_99": [0.14827308699977948, 0.160904434999793], "q_25": 0.15144774875000167, "q_75": 0.15578715499987084, "min": 0.14827308699977948, "max": 0.160904434999793, "mean": 0.15352546469989647, "std": 0.0034851668197738183, "repeat": 10, "number": 1}], "params": [["False", "True"]]}, "time_setup_models_and_sims.TimeBuildSPM.time_setup_SPM": {"result": [0.5168287414999213], "stats": [{"ci_99": [0.5041151099999297, 0.5345751029999519], "q_25": 0.5080639082498237, "q_75": 0.5322695165001505, "min": 0.5041151099999297, "max": 0.5345751029999519, "mean": 0.5191593059999378, "std": 0.01246437661859781, "repeat": 10, "number": 1}]}, "time_setup_models_and_sims.TimeBuildSPMSimulation.time_setup_SPM_simulation": {"result": [0.22355164699979468, 0.2715235969999412], "stats": [{"ci_99": [0.21291656999983388, 0.23324125399994955], "q_25": 0.22117685975001677, "q_75": 0.2247371157499174, "min": 0.21291656999983388, "max": 0.23324125399994955, "mean": 0.22328559349994065, "std": 0.0049092458701354025, "repeat": 10, "number": 1}, {"ci_99": [0.2682575989997531, 0.27844941500006826], "q_25": 0.2693091222499788, "q_75": 0.2719610594998585, "min": 0.2682575989997531, "max": 0.27844941500006826, "mean": 0.27172944749991074, "std": 0.0030546903397914234, "repeat": 10, "number": 1}], "params": [["False", "True"]]}, "time_setup_models_and_sims.TimeBuildSPMe.time_setup_SPMe": {"result": [0.6237615615000323], "stats": [{"ci_99": [0.6144341559997883, 0.6420620200001395], "q_25": 0.6200767657501274, "q_75": 0.6247657942499245, "min": 0.6144341559997883, "max": 0.6420620200001395, "mean": 0.624734517699926, "std": 0.0074546383974454546, "repeat": 10, "number": 1}]}, "time_setup_models_and_sims.TimeBuildSPMeSimulation.time_setup_SPMe_simulation": {"result": [0.11262921049979013, 0.18231755400029215], "stats": [{"ci_99": [0.10871302899977309, 0.12289053099993907], "q_25": 0.1112925937500222, "q_75": 0.11490490825019606, "min": 0.10871302899977309, "max": 0.12289053099993907, "mean": 0.11348677589994623, "std": 0.003867840124615262, "repeat": 10, "number": 1}, {"ci_99": [0.1780404300002374, 0.1853652019999572], "q_25": 0.18153402250015915, "q_75": 0.18319423899981757, "min": 0.1780404300002374, "max": 0.1853652019999572, "mean": 0.18225767900012216, "std": 0.00209391008313341, "repeat": 10, "number": 1}], "params": [["False", "True"]]}, "time_solve_models.TimeSolveDFN.time_solve_model": {"result": [1.1988648394999473, 1.4126000665000902], "stats": [{"ci_99": [1.1688474003619387, 1.2450383780001175], "q_25": 1.1864320605000103, "q_75": 1.2155947937501423, "min": 1.180273199000112, "max": 1.2450383780001175, "mean": 1.2044167503333938, "std": 0.0223228248473096, "repeat": 6, "number": 1}, {"ci_99": [1.3329210590000002, 1.4392346580002595], "q_25": 1.377126698749862, "q_75": 1.4314068792499484, "min": 1.3329210590000002, "max": 1.4392346580002595, "mean": 1.400056509250021, "std": 0.037604590194863126, "repeat": 8, "number": 1}], "params": [["True", "False"]]}, "time_solve_models.TimeSolveSPM.time_solve_model": {"result": [0.053805861499995444, 0.09541395149972232], "stats": [{"ci_99": [0.051919105000251875, 0.06224995599995964], "q_25": 0.0526151087500466, "q_75": 0.055324415750078515, "min": 0.051919105000251875, "max": 0.06224995599995964, "mean": 0.054543315799992345, "std": 0.002867752219080527, "repeat": 10, "number": 1}, {"ci_99": [0.09269844299979013, 0.1072191120001662], "q_25": 0.09380769925030563, "q_75": 0.09694295399992825, "min": 0.09269844299979013, "max": 0.1072191120001662, "mean": 0.09626035650003359, "std": 0.003977176962319069, "repeat": 10, "number": 1}], "params": [["True", "False"]]}, "time_solve_models.TimeSolveSPMe.time_solve_model": {"result": [0.08516598549999799, 0.14931640999998308], "stats": [{"ci_99": [0.0818500780001159, 0.08733419700001832], "q_25": 0.08449614450023546, "q_75": 0.08623881899995922, "min": 0.0818500780001159, "max": 0.08733419700001832, "mean": 0.0851854414000627, "std": 0.0014995477808579648, "repeat": 10, "number": 1}, {"ci_99": [0.14570564899986493, 0.15821012300011716], "q_25": 0.14804421624990027, "q_75": 0.15202330549982435, "min": 0.14570564899986493, "max": 0.15821012300011716, "mean": 0.1502284349999627, "std": 0.003354183773944042, "repeat": 10, "number": 1}], "params": [["True", "False"]]}}, "params": {"machine": "GitHubRunner", "python": "3.8"}, "requirements": {}, "commit_hash": "85b3a2083884c3a39e373a7ae7bfc1f8f3aaf6ba", "date": 1610124290000, "env_name": "virtualenv-py3.8", "python": "3.8", "profiles": {}, "started_at": {"time_setup_models_and_sims.TimeBuildDFN.time_setup_DFN": 1613576169444, "time_setup_models_and_sims.TimeBuildDFNSimulation.time_setup_DFN_simulation": 1613576174112, "time_setup_models_and_sims.TimeBuildSPM.time_setup_SPM": 1613576175825, "time_setup_models_and_sims.TimeBuildSPMSimulation.time_setup_SPM_simulation": 1613576179290, "time_setup_models_and_sims.TimeBuildSPMe.time_setup_SPMe": 1613576182509, "time_setup_models_and_sims.TimeBuildSPMeSimulation.time_setup_SPMe_simulation": 1613576186575, "time_solve_models.TimeSolveDFN.time_solve_model": 1613576188538, "time_solve_models.TimeSolveSPM.time_solve_model": 1613576214130, "time_solve_models.TimeSolveSPMe.time_solve_model": 1613576224118}, "ended_at": {"time_setup_models_and_sims.TimeBuildDFN.time_setup_DFN": 1613576174111, "time_setup_models_and_sims.TimeBuildDFNSimulation.time_setup_DFN_simulation": 1613576175825, "time_setup_models_and_sims.TimeBuildSPM.time_setup_SPM": 1613576179290, "time_setup_models_and_sims.TimeBuildSPMSimulation.time_setup_SPM_simulation": 1613576182508, "time_setup_models_and_sims.TimeBuildSPMe.time_setup_SPMe": 1613576186574, "time_setup_models_and_sims.TimeBuildSPMeSimulation.time_setup_SPMe_simulation": 1613576188537, "time_solve_models.TimeSolveDFN.time_solve_model": 1613576214129, "time_solve_models.TimeSolveSPM.time_solve_model": 1613576224117, "time_solve_models.TimeSolveSPMe.time_solve_model": 1613576236362}, "benchmark_version": {"time_setup_models_and_sims.TimeBuildDFN.time_setup_DFN": "5f322e51e6b7e66125ee6949bdf25746005db467e8ffcfdcb3ace170e92bbc3d", "time_setup_models_and_sims.TimeBuildDFNSimulation.time_setup_DFN_simulation": "8de44bc542fa7d4ba28a80f24414a9444b5436673aaebba674918f5f0bfd0ebb", "time_setup_models_and_sims.TimeBuildSPM.time_setup_SPM": "0d0b3f5c67fc2da9a5794c66b70af5a45a09558d1ee95f738745385adb84fbca", "time_setup_models_and_sims.TimeBuildSPMSimulation.time_setup_SPM_simulation": "161220a99418ce4487cc29325cbae897f28d0e44ae07e1dfbfaac2cbc53a4ff9", "time_setup_models_and_sims.TimeBuildSPMe.time_setup_SPMe": "6083f5ff944353395eb4b21c97b02af555fe6528de3cd5283f5e139943945235", "time_setup_models_and_sims.TimeBuildSPMeSimulation.time_setup_SPMe_simulation": "530563cb559427795e3648d9648df9250ae100b7721f69eec356bdda7798c55e", "time_solve_models.TimeSolveDFN.time_solve_model": "914137228e20e5900cec36b0d3865f1faa2f5d479c7d6c2539514791f9ec4430", "time_solve_models.TimeSolveSPM.time_solve_model": "ef1bb5f8d1ddfa59650e20438c4b252d73e5a062714848ce1d6d5269382bc598", "time_solve_models.TimeSolveSPMe.time_solve_model": "20672028872f4620ce85e909bae705d9490de441e926510b2b0e53ff0881d87b"}, "version": 1}