{"results": {"time_setup_models_and_sims.TimeBuildDFN.time_setup_DFN": {"result": [0.6960243219998574], "stats": [{"ci_99": [0.6572651310002584, 0.7318500999999742], "q_25": 0.6688701865001576, "q_75": 0.7180045090001386, "min": 0.6572651310002584, "max": 0.7318500999999742, "mean": 0.6948999071000344, "std": 0.027365643936683802, "repeat": 10, "number": 1}]}, "time_setup_models_and_sims.TimeBuildDFNSimulation.time_setup_DFN_simulation": {"result": [0.09032563100026891, 0.1800931094999214], "stats": [{"ci_99": [0.0831584960001237, 0.09450185199966654], "q_25": 0.08650651199991444, "q_75": 0.09376214824999352, "min": 0.0831584960001237, "max": 0.09450185199966654, "mean": 0.08973297830002594, "std": 0.004099912857895459, "repeat": 10, "number": 1}, {"ci_99": [0.16453388300033112, 0.19165041599990218], "q_25": 0.1683579269999882, "q_75": 0.1894465807498591, "min": 0.16453388300033112, "max": 0.19165041599990218, "mean": 0.17892056400005457, "std": 0.010780344682772615, "repeat": 10, "number": 1}], "params": [["False", "True"]]}, "time_setup_models_and_sims.TimeBuildSPM.time_setup_SPM": {"result": [0.49752887450017624], "stats": [{"ci_99": [0.4477982329999577, 0.5213667929997428], "q_25": 0.47650861949978207, "q_75": 0.5187004299997398, "min": 0.4477982329999577, "max": 0.5213667929997428, "mean": 0.49380775669988, "std": 0.02607276961305371, "repeat": 10, "number": 1}]}, "time_setup_models_and_sims.TimeBuildSPMSimulation.time_setup_SPM_simulation": {"result": [0.21965924849996554, 0.42952879850008685], "stats": [{"ci_99": [0.20731918699993912, 0.22860759300010614], "q_25": 0.21172340800012535, "q_75": 0.2261046057499243, "min": 0.20731918699993912, "max": 0.22860759300010614, "mean": 0.21887843449999309, "std": 0.007775551534721134, "repeat": 10, "number": 1}, {"ci_99": [0.41083095599969965, 0.4464970340000036], "q_25": 0.42433886999992865, "q_75": 0.438242669499914, "min": 0.41083095599969965, "max": 0.4464970340000036, "mean": 0.43074743469996973, "std": 0.010196861891080572, "repeat": 10, "number": 1}], "params": [["False", "True"]]}, "time_setup_models_and_sims.TimeBuildSPMe.time_setup_SPMe": {"result": [0.5949876875001792], "stats": [{"ci_99": [0.5858446890001687, 0.6061304849999942], "q_25": 0.5913879732498799, "q_75": 0.6004582412498394, "min": 0.5858446890001687, "max": 0.6061304849999942, "mean": 0.595896182000024, "std": 0.00589718335302805, "repeat": 10, "number": 1}]}, "time_setup_models_and_sims.TimeBuildSPMeSimulation.time_setup_SPMe_simulation": {"result": [0.11417124450008487, 0.22006360099999256], "stats": [{"ci_99": [0.11238003600010416, 0.11527984900021693], "q_25": 0.11362116675013567, "q_75": 0.11457039699996585, "min": 0.11238003600010416, "max": 0.11527984900021693, "mean": 0.11403949360005754, "std": 0.0008390079973438569, "repeat": 10, "number": 1}, {"ci_99": [0.21399271900008898, 0.22750008299999536], "q_25": 0.21990437500016924, "q_75": 0.22209818500004985, "min": 0.21399271900008898, "max": 0.22750008299999536, "mean": 0.22063457220006058, "std": 0.0035727324989427776, "repeat": 10, "number": 1}], "params": [["False", "True"]]}, "time_solve_models.TimeSolveDFN.time_solve_model": {"result": [0.869755751500179, 1.036069492500019], "stats": [{"ci_99": [0.7649031380001361, 0.9001658810002482], "q_25": 0.8569977275000156, "q_75": 0.8789707219999627, "min": 0.7649031380001361, "max": 0.9001658810002482, "mean": 0.8584580660000825, "std": 0.03861981301380577, "repeat": 8, "number": 1}, {"ci_99": [1.0195849630003977, 1.0620680500001072], "q_25": 1.0294045224999309, "q_75": 1.0487592602503355, "min": 1.0195849630003977, "max": 1.0620680500001072, "mean": 1.0393366695000623, "std": 0.013559916003499312, "repeat": 10, "number": 1}], "params": [["True", "False"]]}, "time_solve_models.TimeSolveSPM.time_solve_model": {"result": [0.04654382200010332, 0.0817489389999082], "stats": [{"ci_99": [0.045881418000135454, 0.049386734000108845], "q_25": 0.04609902025026713, "q_75": 0.046880773749876425, "min": 0.045881418000135454, "max": 0.049386734000108845, "mean": 0.046795972900099514, "std": 0.0009926819050655382, "repeat": 10, "number": 1}, {"ci_99": [0.07402925299993512, 0.08425229999966177], "q_25": 0.08006620625019423, "q_75": 0.08196661499982838, "min": 0.07402925299993512, "max": 0.08425229999966177, "mean": 0.08066730399991684, "std": 0.0027097205244011953, "repeat": 10, "number": 1}], "params": [["True", "False"]]}, "time_solve_models.TimeSolveSPMe.time_solve_model": {"result": [0.06430610550000893, 0.11460419500008356], "stats": [{"ci_99": [0.05745807399989644, 0.06624941400013995], "q_25": 0.05914155725008641, "q_75": 0.06503205899991826, "min": 0.05745807399989644, "max": 0.06624941400013995, "mean": 0.06261955790000684, "std": 0.0033870769772182605, "repeat": 10, "number": 1}, {"ci_99": [0.10383569399982662, 0.11834526400025425], "q_25": 0.10828196549982749, "q_75": 0.11730738225003279, "min": 0.10383569399982662, "max": 0.11834526400025425, "mean": 0.11278959639998902, "std": 0.005260038843550057, "repeat": 10, "number": 1}], "params": [["True", "False"]]}}, "params": {"machine": "GitHubRunner", "python": "3.8"}, "requirements": {}, "commit_hash": "86fabc1f52866854d85c0d32fe85214b738a8355", "date": 1607079589000, "env_name": "virtualenv-py3.8", "python": "3.8", "profiles": {}, "started_at": {"time_setup_models_and_sims.TimeBuildDFN.time_setup_DFN": 1613577279326, "time_setup_models_and_sims.TimeBuildDFNSimulation.time_setup_DFN_simulation": 1613577283595, "time_setup_models_and_sims.TimeBuildSPM.time_setup_SPM": 1613577285408, "time_setup_models_and_sims.TimeBuildSPMSimulation.time_setup_SPM_simulation": 1613577288471, "time_setup_models_and_sims.TimeBuildSPMe.time_setup_SPMe": 1613577292593, "time_setup_models_and_sims.TimeBuildSPMeSimulation.time_setup_SPMe_simulation": 1613577296458, "time_solve_models.TimeSolveDFN.time_solve_model": 1613577298725, "time_solve_models.TimeSolveSPM.time_solve_model": 1613577323714, "time_solve_models.TimeSolveSPMe.time_solve_model": 1613577333159}, "ended_at": {"time_setup_models_and_sims.TimeBuildDFN.time_setup_DFN": 1613577283594, "time_setup_models_and_sims.TimeBuildDFNSimulation.time_setup_DFN_simulation": 1613577285407, "time_setup_models_and_sims.TimeBuildSPM.time_setup_SPM": 1613577288471, "time_setup_models_and_sims.TimeBuildSPMSimulation.time_setup_SPM_simulation": 1613577292592, "time_setup_models_and_sims.TimeBuildSPMe.time_setup_SPMe": 1613577296458, "time_setup_models_and_sims.TimeBuildSPMeSimulation.time_setup_SPMe_simulation": 1613577298724, "time_solve_models.TimeSolveDFN.time_solve_model": 1613577323714, "time_solve_models.TimeSolveSPM.time_solve_model": 1613577333158, "time_solve_models.TimeSolveSPMe.time_solve_model": 1613577344199}, "benchmark_version": {"time_setup_models_and_sims.TimeBuildDFN.time_setup_DFN": "5f322e51e6b7e66125ee6949bdf25746005db467e8ffcfdcb3ace170e92bbc3d", "time_setup_models_and_sims.TimeBuildDFNSimulation.time_setup_DFN_simulation": "8de44bc542fa7d4ba28a80f24414a9444b5436673aaebba674918f5f0bfd0ebb", "time_setup_models_and_sims.TimeBuildSPM.time_setup_SPM": "0d0b3f5c67fc2da9a5794c66b70af5a45a09558d1ee95f738745385adb84fbca", "time_setup_models_and_sims.TimeBuildSPMSimulation.time_setup_SPM_simulation": "161220a99418ce4487cc29325cbae897f28d0e44ae07e1dfbfaac2cbc53a4ff9", "time_setup_models_and_sims.TimeBuildSPMe.time_setup_SPMe": "6083f5ff944353395eb4b21c97b02af555fe6528de3cd5283f5e139943945235", "time_setup_models_and_sims.TimeBuildSPMeSimulation.time_setup_SPMe_simulation": "530563cb559427795e3648d9648df9250ae100b7721f69eec356bdda7798c55e", "time_solve_models.TimeSolveDFN.time_solve_model": "914137228e20e5900cec36b0d3865f1faa2f5d479c7d6c2539514791f9ec4430", "time_solve_models.TimeSolveSPM.time_solve_model": "ef1bb5f8d1ddfa59650e20438c4b252d73e5a062714848ce1d6d5269382bc598", "time_solve_models.TimeSolveSPMe.time_solve_model": "20672028872f4620ce85e909bae705d9490de441e926510b2b0e53ff0881d87b"}, "version": 1}