{"results": {"time_setup_models_and_sims.TimeBuildDFN.time_setup_DFN": {"result": [0.6857568434998029], "stats": [{"ci_99": [0.6502455840000039, 0.7081240240004263], "q_25": 0.6635059380009807, "q_75": 0.7019252364998465, "min": 0.6502455840000039, "max": 0.7081240240004263, "mean": 0.681815239700154, "std": 0.021648250481274698, "repeat": 10, "number": 1}]}, "time_setup_models_and_sims.TimeBuildDFNSimulation.time_setup_DFN_simulation": {"result": [0.0800436780000382, 0.1542864715001997], "stats": [{"ci_99": [0.073241837999376, 0.08133858500150382], "q_25": 0.07559965125028612, "q_75": 0.08106570800055124, "min": 0.073241837999376, "max": 0.08133858500150382, "mean": 0.07844653820029635, "std": 0.003121185778328846, "repeat": 10, "number": 1}, {"ci_99": [0.14459836400055792, 0.1664618929989956], "q_25": 0.14823416075023488, "q_75": 0.1599056539994308, "min": 0.14459836400055792, "max": 0.1664618929989956, "mean": 0.1542523608999545, "std": 0.007200971330543686, "repeat": 10, "number": 1}], "params": [["False", "True"]]}, "time_setup_models_and_sims.TimeBuildSPM.time_setup_SPM": {"result": [0.5129081620007128], "stats": [{"ci_99": [0.4855084999999235, 0.5313278699995863], "q_25": 0.49714144499967006, "q_75": 0.521052358250472, "min": 0.4855084999999235, "max": 0.5313278699995863, "mean": 0.5099193342000945, "std": 0.015100836728363458, "repeat": 10, "number": 1}]}, "time_setup_models_and_sims.TimeBuildSPMSimulation.time_setup_SPM_simulation": {"result": [0.20595727999898372, 0.39619791399945825], "stats": [{"ci_99": [0.19604757100023562, 0.21287296999980754], "q_25": 0.20287418674934088, "q_75": 0.20908987199936746, "min": 0.19604757100023562, "max": 0.21287296999980754, "mean": 0.20568528799958585, "std": 0.004980396212372732, "repeat": 10, "number": 1}, {"ci_99": [0.3870872130009957, 0.4013171950009564], "q_25": 0.39100558575046307, "q_75": 0.3982847274996857, "min": 0.3870872130009957, "max": 0.4013171950009564, "mean": 0.39499055840024083, "std": 0.004636250579891532, "repeat": 10, "number": 1}], "params": [["False", "True"]]}, "time_setup_models_and_sims.TimeBuildSPMe.time_setup_SPMe": {"result": [0.6077175284999612], "stats": [{"ci_99": [0.5739203289995203, 0.6145278670010157], "q_25": 0.5928757172496262, "q_75": 0.6129181325013633, "min": 0.5739203289995203, "max": 0.6145278670010157, "mean": 0.6020038244003445, "std": 0.01333903876496153, "repeat": 10, "number": 1}]}, "time_setup_models_and_sims.TimeBuildSPMeSimulation.time_setup_SPMe_simulation": {"result": [0.10204660900035378, 0.197362277499451], "stats": [{"ci_99": [0.0941582630002813, 0.10314961600124661], "q_25": 0.09984444625069955, "q_75": 0.10247311225020894, "min": 0.0941582630002813, "max": 0.10314961600124661, "mean": 0.10078305170027306, "std": 0.0026050872905023052, "repeat": 10, "number": 1}, {"ci_99": [0.19379475800087675, 0.19851268499951402], "q_25": 0.19557361850002053, "q_75": 0.19800270699943212, "min": 0.19379475800087675, "max": 0.19851268499951402, "mean": 0.19664958419980394, "std": 0.0016857701147829436, "repeat": 10, "number": 1}], "params": [["False", "True"]]}, "time_solve_models.TimeSolveDFN.time_solve_model": {"result": [1.147293506999631, 1.3165142650004782], "stats": [{"ci_99": [1.1249841216376608, 1.1831369709998398], "q_25": 1.1389253249994908, "q_75": 1.1508268462494016, "min": 1.129832743001316, "max": 1.1831369709998398, "mean": 1.1492828808331979, "std": 0.016891828599912898, "repeat": 6, "number": 1}, {"ci_99": [1.2702838929999416, 1.330446842001038], "q_25": 1.2893909797498964, "q_75": 1.318132302250433, "min": 1.2702838929999416, "max": 1.330446842001038, "mean": 1.3062686133001988, "std": 0.019831869694343415, "repeat": 10, "number": 1}], "params": [["True", "False"]]}, "time_solve_models.TimeSolveSPM.time_solve_model": {"result": [0.053912721999040514, 0.08802797600037593], "stats": [{"ci_99": [0.051547708000725834, 0.05541293199894426], "q_25": 0.05243071250106368, "q_75": 0.054333524749836215, "min": 0.051547708000725834, "max": 0.05541293199894426, "mean": 0.053464069399888105, "std": 0.0012440062728564685, "repeat": 10, "number": 1}, {"ci_99": [0.07905187200049113, 0.09054694099904737], "q_25": 0.08347234850043606, "q_75": 0.08930143425004644, "min": 0.07905187200049113, "max": 0.09054694099904737, "mean": 0.08627464560013323, "std": 0.003833810481252512, "repeat": 10, "number": 1}], "params": [["True", "False"]]}, "time_solve_models.TimeSolveSPMe.time_solve_model": {"result": [0.08617816500009212, 0.14196089899996878], "stats": [{"ci_99": [0.0826036930011469, 0.08803492600054597], "q_25": 0.08559036225005912, "q_75": 0.08726809674908509, "min": 0.0826036930011469, "max": 0.08803492600054597, "mean": 0.0859813639001004, "std": 0.001662379265183979, "repeat": 10, "number": 1}, {"ci_99": [0.13376249900102266, 0.14646387500033597], "q_25": 0.13812082424919936, "q_75": 0.1437222842491792, "min": 0.13376249900102266, "max": 0.14646387500033597, "mean": 0.14087965169983363, "std": 0.0038864097847357134, "repeat": 10, "number": 1}], "params": [["True", "False"]]}}, "params": {"machine": "GitHubRunner", "python": "3.8"}, "requirements": {}, "commit_hash": "903ab782ad45a4b8efc95a3b7af25bec5e72414b", "date": 1592923242000, "env_name": "virtualenv-py3.8", "python": "3.8", "profiles": {}, "started_at": {"time_setup_models_and_sims.TimeBuildDFN.time_setup_DFN": 1613582739694, "time_setup_models_and_sims.TimeBuildDFNSimulation.time_setup_DFN_simulation": 1613582743911, "time_setup_models_and_sims.TimeBuildSPM.time_setup_SPM": 1613582745573, "time_setup_models_and_sims.TimeBuildSPMSimulation.time_setup_SPM_simulation": 1613582748838, "time_setup_models_and_sims.TimeBuildSPMe.time_setup_SPMe": 1613582752758, "time_setup_models_and_sims.TimeBuildSPMeSimulation.time_setup_SPMe_simulation": 1613582756624, "time_solve_models.TimeSolveDFN.time_solve_model": 1613582758739, "time_solve_models.TimeSolveSPM.time_solve_model": 1613582784735, "time_solve_models.TimeSolveSPMe.time_solve_model": 1613582794022}, "ended_at": {"time_setup_models_and_sims.TimeBuildDFN.time_setup_DFN": 1613582743911, "time_setup_models_and_sims.TimeBuildDFNSimulation.time_setup_DFN_simulation": 1613582745573, "time_setup_models_and_sims.TimeBuildSPM.time_setup_SPM": 1613582748837, "time_setup_models_and_sims.TimeBuildSPMSimulation.time_setup_SPM_simulation": 1613582752758, "time_setup_models_and_sims.TimeBuildSPMe.time_setup_SPMe": 1613582756624, "time_setup_models_and_sims.TimeBuildSPMeSimulation.time_setup_SPMe_simulation": 1613582758738, "time_solve_models.TimeSolveDFN.time_solve_model": 1613582784734, "time_solve_models.TimeSolveSPM.time_solve_model": 1613582794021, "time_solve_models.TimeSolveSPMe.time_solve_model": 1613582805513}, "benchmark_version": {"time_setup_models_and_sims.TimeBuildDFN.time_setup_DFN": "5f322e51e6b7e66125ee6949bdf25746005db467e8ffcfdcb3ace170e92bbc3d", "time_setup_models_and_sims.TimeBuildDFNSimulation.time_setup_DFN_simulation": "8de44bc542fa7d4ba28a80f24414a9444b5436673aaebba674918f5f0bfd0ebb", "time_setup_models_and_sims.TimeBuildSPM.time_setup_SPM": "0d0b3f5c67fc2da9a5794c66b70af5a45a09558d1ee95f738745385adb84fbca", "time_setup_models_and_sims.TimeBuildSPMSimulation.time_setup_SPM_simulation": "161220a99418ce4487cc29325cbae897f28d0e44ae07e1dfbfaac2cbc53a4ff9", "time_setup_models_and_sims.TimeBuildSPMe.time_setup_SPMe": "6083f5ff944353395eb4b21c97b02af555fe6528de3cd5283f5e139943945235", "time_setup_models_and_sims.TimeBuildSPMeSimulation.time_setup_SPMe_simulation": "530563cb559427795e3648d9648df9250ae100b7721f69eec356bdda7798c55e", "time_solve_models.TimeSolveDFN.time_solve_model": "914137228e20e5900cec36b0d3865f1faa2f5d479c7d6c2539514791f9ec4430", "time_solve_models.TimeSolveSPM.time_solve_model": "ef1bb5f8d1ddfa59650e20438c4b252d73e5a062714848ce1d6d5269382bc598", "time_solve_models.TimeSolveSPMe.time_solve_model": "20672028872f4620ce85e909bae705d9490de441e926510b2b0e53ff0881d87b"}, "version": 1}