{"results": {"time_setup_models_and_sims.TimeBuildDFN.time_setup_DFN": {"result": [0.9495285070000108], "stats": [{"ci_99": [0.8945624179999925, 0.9745735089999812], "q_25": 0.9125826252499962, "q_75": 0.9680141252500007, "min": 0.8945624179999925, "max": 0.9745735089999812, "mean": 0.9402112841000019, "std": 0.030742076782127772, "repeat": 10, "number": 1}]}, "time_setup_models_and_sims.TimeBuildDFNSimulation.time_setup_DFN_simulation": {"result": [0.11691385999999682, 0.19272439299999178], "stats": [{"ci_99": [0.11187475099998778, 0.12337906199999793], "q_25": 0.11396088025001205, "q_75": 0.11812258374998663, "min": 0.11187475099998778, "max": 0.12337906199999793, "mean": 0.11680864789999816, "std": 0.0035191329520451653, "repeat": 10, "number": 1}, {"ci_99": [0.17835704899999882, 0.19901436000000672], "q_25": 0.1918371302500077, "q_75": 0.19597588200000615, "min": 0.17835704899999882, "max": 0.19901436000000672, "mean": 0.1920602869000021, "std": 0.005649223621388216, "repeat": 10, "number": 1}], "params": [["False", "True"]]}, "time_setup_models_and_sims.TimeBuildSPM.time_setup_SPM": {"result": [0.5167548484999998], "stats": [{"ci_99": [0.4714753650000034, 0.5311106830000085], "q_25": 0.4900582559999904, "q_75": 0.5290777850000055, "min": 0.4714753650000034, "max": 0.5311106830000085, "mean": 0.5088872855000005, "std": 0.02112196378829692, "repeat": 10, "number": 1}]}, "time_setup_models_and_sims.TimeBuildSPMSimulation.time_setup_SPM_simulation": {"result": [0.10987547549999022, 0.1664495855000041], "stats": [{"ci_99": [0.1029056919999789, 0.11509494800000653], "q_25": 0.10660344850001024, "q_75": 0.11164986774998908, "min": 0.1029056919999789, "max": 0.11509494800000653, "mean": 0.10933760219999442, "std": 0.0037079612236214877, "repeat": 10, "number": 1}, {"ci_99": [0.16007604600000036, 0.18182973199998287], "q_25": 0.16207039499999354, "q_75": 0.17327584574998411, "min": 0.16007604600000036, "max": 0.18182973199998287, "mean": 0.1680437554999969, "std": 0.0069223644119606985, "repeat": 10, "number": 1}], "params": [["False", "True"]]}, "time_setup_models_and_sims.TimeBuildSPMe.time_setup_SPMe": {"result": [0.7758630260000103], "stats": [{"ci_99": [0.7517701170000066, 0.785844093999998], "q_25": 0.7741134172499997, "q_75": 0.7780535069999956, "min": 0.7517701170000066, "max": 0.785844093999998, "mean": 0.7729724581000028, "std": 0.01027737709962826, "repeat": 10, "number": 1}]}, "time_setup_models_and_sims.TimeBuildSPMeSimulation.time_setup_SPMe_simulation": {"result": [0.12446258749999117, 0.21350950549999936], "stats": [{"ci_99": [0.12322570700001734, 0.12668682600002512], "q_25": 0.12373975924999314, "q_75": 0.12540718674998885, "min": 0.12322570700001734, "max": 0.12668682600002512, "mean": 0.12462759450000079, "std": 0.0010362656066490448, "repeat": 10, "number": 1}, {"ci_99": [0.20046223999997892, 0.21901254099998368], "q_25": 0.21193938724998418, "q_75": 0.21487089899998324, "min": 0.20046223999997892, "max": 0.21901254099998368, "mean": 0.21253692169999, "std": 0.00466814123928226, "repeat": 10, "number": 1}], "params": [["False", "True"]]}, "time_solve_models.TimeSolveDFN.time_solve_model": {"result": [0.7517201415000017, 0.8967678234999994], "stats": [{"ci_99": [0.7247671819999937, 0.7650989450000054], "q_25": 0.7446355979999808, "q_75": 0.7554901134999952, "min": 0.7247671819999937, "max": 0.7650989450000054, "mean": 0.7486667717499955, "std": 0.011583355475943219, "repeat": 8, "number": 1}, {"ci_99": [0.8814475420000178, 0.9099798899999882], "q_25": 0.8900605257499947, "q_75": 0.9017753590000055, "min": 0.8814475420000178, "max": 0.9099798899999882, "mean": 0.8961596896000031, "std": 0.007922982458518088, "repeat": 10, "number": 1}], "params": [["True", "False"]]}, "time_solve_models.TimeSolveSPM.time_solve_model": {"result": [0.03861590300000728, 0.06431638249999594], "stats": [{"ci_99": [0.0373625210000057, 0.040066553000002614], "q_25": 0.03839641174999997, "q_75": 0.038692630249990145, "min": 0.0373625210000057, "max": 0.040066553000002614, "mean": 0.03858504970000069, "std": 0.0006375318987808854, "repeat": 10, "number": 1}, {"ci_99": [0.06200480500001504, 0.06620750000001863], "q_25": 0.06291409699999662, "q_75": 0.06459806075000785, "min": 0.06200480500001504, "max": 0.06620750000001863, "mean": 0.06390582200000097, "std": 0.0012787510569775454, "repeat": 10, "number": 1}], "params": [["True", "False"]]}, "time_solve_models.TimeSolveSPMe.time_solve_model": {"result": [0.053651011999988896, 0.1032519450000251], "stats": [{"ci_99": [0.052029309999966245, 0.05620558199998982], "q_25": 0.053432502000013926, "q_75": 0.05460765525000966, "min": 0.052029309999966245, "max": 0.05620558199998982, "mean": 0.05395954599999868, "std": 0.0011779976724168172, "repeat": 10, "number": 1}, {"ci_99": [0.09847880500001338, 0.1098925510000015], "q_25": 0.1009777172500037, "q_75": 0.1048629462500017, "min": 0.09847880500001338, "max": 0.1098925510000015, "mean": 0.10308341400000529, "std": 0.003168237802089921, "repeat": 10, "number": 1}], "params": [["True", "False"]]}}, "params": {"machine": "GitHubRunner", "python": "3.8"}, "requirements": {}, "commit_hash": "92d0279d94343df6610b68a445cbb4b6189d7aaf", "date": 1613107092000, "env_name": "virtualenv-py3.8", "python": "3.8", "profiles": {}, "started_at": {"time_setup_models_and_sims.TimeBuildDFN.time_setup_DFN": 1613573755640, "time_setup_models_and_sims.TimeBuildDFNSimulation.time_setup_DFN_simulation": 1613573761814, "time_setup_models_and_sims.TimeBuildSPM.time_setup_SPM": 1613573763929, "time_setup_models_and_sims.TimeBuildSPMSimulation.time_setup_SPM_simulation": 1613573767395, "time_setup_models_and_sims.TimeBuildSPMe.time_setup_SPMe": 1613573769311, "time_setup_models_and_sims.TimeBuildSPMeSimulation.time_setup_SPMe_simulation": 1613573774332, "time_solve_models.TimeSolveDFN.time_solve_model": 1613573776596, "time_solve_models.TimeSolveSPM.time_solve_model": 1613573803185, "time_solve_models.TimeSolveSPMe.time_solve_model": 1613573812721}, "ended_at": {"time_setup_models_and_sims.TimeBuildDFN.time_setup_DFN": 1613573761813, "time_setup_models_and_sims.TimeBuildDFNSimulation.time_setup_DFN_simulation": 1613573763928, "time_setup_models_and_sims.TimeBuildSPM.time_setup_SPM": 1613573767395, "time_setup_models_and_sims.TimeBuildSPMSimulation.time_setup_SPM_simulation": 1613573769310, "time_setup_models_and_sims.TimeBuildSPMe.time_setup_SPMe": 1613573774331, "time_setup_models_and_sims.TimeBuildSPMeSimulation.time_setup_SPMe_simulation": 1613573776596, "time_solve_models.TimeSolveDFN.time_solve_model": 1613573803184, "time_solve_models.TimeSolveSPM.time_solve_model": 1613573812720, "time_solve_models.TimeSolveSPMe.time_solve_model": 1613573826468}, "benchmark_version": {"time_setup_models_and_sims.TimeBuildDFN.time_setup_DFN": "5f322e51e6b7e66125ee6949bdf25746005db467e8ffcfdcb3ace170e92bbc3d", "time_setup_models_and_sims.TimeBuildDFNSimulation.time_setup_DFN_simulation": "8de44bc542fa7d4ba28a80f24414a9444b5436673aaebba674918f5f0bfd0ebb", "time_setup_models_and_sims.TimeBuildSPM.time_setup_SPM": "0d0b3f5c67fc2da9a5794c66b70af5a45a09558d1ee95f738745385adb84fbca", "time_setup_models_and_sims.TimeBuildSPMSimulation.time_setup_SPM_simulation": "161220a99418ce4487cc29325cbae897f28d0e44ae07e1dfbfaac2cbc53a4ff9", "time_setup_models_and_sims.TimeBuildSPMe.time_setup_SPMe": "6083f5ff944353395eb4b21c97b02af555fe6528de3cd5283f5e139943945235", "time_setup_models_and_sims.TimeBuildSPMeSimulation.time_setup_SPMe_simulation": "530563cb559427795e3648d9648df9250ae100b7721f69eec356bdda7798c55e", "time_solve_models.TimeSolveDFN.time_solve_model": "914137228e20e5900cec36b0d3865f1faa2f5d479c7d6c2539514791f9ec4430", "time_solve_models.TimeSolveSPM.time_solve_model": "ef1bb5f8d1ddfa59650e20438c4b252d73e5a062714848ce1d6d5269382bc598", "time_solve_models.TimeSolveSPMe.time_solve_model": "20672028872f4620ce85e909bae705d9490de441e926510b2b0e53ff0881d87b"}, "version": 1}