{"results": {"time_setup_models_and_sims.TimeBuildDFN.time_setup_DFN": {"result": [0.7361517260001165], "stats": [{"ci_99": [0.731271473000561, 0.7501168930002677], "q_25": 0.7341239820000283, "q_75": 0.7488929349997306, "min": 0.731271473000561, "max": 0.7501168930002677, "mean": 0.7402654682000502, "std": 0.007459110012526868, "repeat": 10, "number": 1}]}, "time_setup_models_and_sims.TimeBuildDFNSimulation.time_setup_DFN_simulation": {"result": [0.07021156149994567, 0.1398696604996985], "stats": [{"ci_99": [0.06788728799983801, 0.07432845299990731], "q_25": 0.06943767099983233, "q_75": 0.07094331325015446, "min": 0.06788728799983801, "max": 0.07432845299990731, "mean": 0.07031985419989724, "std": 0.0016577603880185956, "repeat": 10, "number": 1}, {"ci_99": [0.13586485999985598, 0.1465387850003026], "q_25": 0.13961112474999027, "q_75": 0.14216466524976568, "min": 0.13586485999985598, "max": 0.1465387850003026, "mean": 0.14068441799990977, "std": 0.0027429611251612355, "repeat": 10, "number": 1}], "params": [["False", "True"]]}, "time_setup_models_and_sims.TimeBuildSPM.time_setup_SPM": {"result": [0.5292271650000657], "stats": [{"ci_99": [0.5216803720004464, 0.5369209360005698], "q_25": 0.5248824872503519, "q_75": 0.5322856239999965, "min": 0.5216803720004464, "max": 0.5369209360005698, "mean": 0.5288599391002208, "std": 0.00529279794033845, "repeat": 10, "number": 1}]}, "time_setup_models_and_sims.TimeBuildSPMSimulation.time_setup_SPM_simulation": {"result": [0.20110425200027748, 0.38462204250026844], "stats": [{"ci_99": [0.19500676699954056, 0.21000741999978345], "q_25": 0.1973158964999584, "q_75": 0.20348180474979927, "min": 0.19500676699954056, "max": 0.21000741999978345, "mean": 0.20131669279990091, "std": 0.004559313475141354, "repeat": 10, "number": 1}, {"ci_99": [0.3753982789994552, 0.39370380899981683], "q_25": 0.3812522227497084, "q_75": 0.38644414224972934, "min": 0.3753982789994552, "max": 0.39370380899981683, "mean": 0.3844203702998129, "std": 0.005034222513404009, "repeat": 10, "number": 1}], "params": [["False", "True"]]}, "time_setup_models_and_sims.TimeBuildSPMe.time_setup_SPMe": {"result": [0.6212533289995008], "stats": [{"ci_99": [0.5995289239999693, 0.6626077529999748], "q_25": 0.605875685500223, "q_75": 0.6377115092500389, "min": 0.5995289239999693, "max": 0.6626077529999748, "mean": 0.6237586285000362, "std": 0.019740078382209588, "repeat": 10, "number": 1}]}, "time_setup_models_and_sims.TimeBuildSPMeSimulation.time_setup_SPMe_simulation": {"result": [0.08536443149978368, 0.16996970350010088], "stats": [{"ci_99": [0.08197772299990902, 0.09125766899978771], "q_25": 0.08448113474969432, "q_75": 0.08615813999949751, "min": 0.08197772299990902, "max": 0.09125766899978771, "mean": 0.08554125379978358, "std": 0.00228565407487415, "repeat": 10, "number": 1}, {"ci_99": [0.16695977299968945, 0.18405765300030907], "q_25": 0.1689820432502529, "q_75": 0.1721450510001432, "min": 0.16695977299968945, "max": 0.18405765300030907, "mean": 0.17134204859994498, "std": 0.00467340943737786, "repeat": 10, "number": 1}], "params": [["False", "True"]]}, "time_solve_models.TimeSolveDFN.time_solve_model": {"result": [0.9095294930002638, 1.065878209999937], "stats": [{"ci_99": [0.8938727969998581, 0.9353247530007138], "q_25": 0.9054409357495388, "q_75": 0.9141266100002667, "min": 0.8938727969998581, "max": 0.9353247530007138, "mean": 0.9111010361250464, "std": 0.012198914656724421, "repeat": 8, "number": 1}, {"ci_99": [1.0489956290002738, 1.0784846630003813], "q_25": 1.0565336577496964, "q_75": 1.0695452915003898, "min": 1.0489956290002738, "max": 1.0784846630003813, "mean": 1.0640069959000358, "std": 0.008796016438341178, "repeat": 10, "number": 1}], "params": [["True", "False"]]}, "time_solve_models.TimeSolveSPM.time_solve_model": {"result": [0.04689873449979132, 0.08411074400009966], "stats": [{"ci_99": [0.04561894599919469, 0.052331812000375066], "q_25": 0.046590331500283355, "q_75": 0.04734311450010864, "min": 0.04561894599919469, "max": 0.052331812000375066, "mean": 0.04746723770003882, "std": 0.001775370623142137, "repeat": 10, "number": 1}, {"ci_99": [0.08182409800065216, 0.09224815000015951], "q_25": 0.08295883400046478, "q_75": 0.08507987649977622, "min": 0.08182409800065216, "max": 0.09224815000015951, "mean": 0.08470629960011138, "std": 0.002780693883300979, "repeat": 10, "number": 1}], "params": [["True", "False"]]}, "time_solve_models.TimeSolveSPMe.time_solve_model": {"result": [0.06708828899945729, 0.12358677849988453], "stats": [{"ci_99": [0.06483073000072181, 0.06923180899957515], "q_25": 0.06667967274984221, "q_75": 0.06774116025030708, "min": 0.06483073000072181, "max": 0.06923180899957515, "mean": 0.06712466009985292, "std": 0.0012050267088475053, "repeat": 10, "number": 1}, {"ci_99": [0.12182057600057306, 0.13854241399985767], "q_25": 0.12275266175061006, "q_75": 0.12703086924966556, "min": 0.12182057600057306, "max": 0.13854241399985767, "mean": 0.12560348840006555, "std": 0.004745715690033281, "repeat": 10, "number": 1}], "params": [["True", "False"]]}}, "params": {"machine": "GitHubRunner", "python": "3.8"}, "requirements": {}, "commit_hash": "931792b94f1a73582df14d87760a82606087f7b0", "date": 1605563919000, "env_name": "virtualenv-py3.8", "python": "3.8", "profiles": {}, "started_at": {"time_setup_models_and_sims.TimeBuildDFN.time_setup_DFN": 1613577835482, "time_setup_models_and_sims.TimeBuildDFNSimulation.time_setup_DFN_simulation": 1613577840201, "time_setup_models_and_sims.TimeBuildSPM.time_setup_SPM": 1613577841814, "time_setup_models_and_sims.TimeBuildSPMSimulation.time_setup_SPM_simulation": 1613577845279, "time_setup_models_and_sims.TimeBuildSPMe.time_setup_SPMe": 1613577849253, "time_setup_models_and_sims.TimeBuildSPMeSimulation.time_setup_SPMe_simulation": 1613577853220, "time_solve_models.TimeSolveDFN.time_solve_model": 1613577855083, "time_solve_models.TimeSolveSPM.time_solve_model": 1613577880971, "time_solve_models.TimeSolveSPMe.time_solve_model": 1613577890308}, "ended_at": {"time_setup_models_and_sims.TimeBuildDFN.time_setup_DFN": 1613577840201, "time_setup_models_and_sims.TimeBuildDFNSimulation.time_setup_DFN_simulation": 1613577841813, "time_setup_models_and_sims.TimeBuildSPM.time_setup_SPM": 1613577845279, "time_setup_models_and_sims.TimeBuildSPMSimulation.time_setup_SPM_simulation": 1613577849253, "time_setup_models_and_sims.TimeBuildSPMe.time_setup_SPMe": 1613577853219, "time_setup_models_and_sims.TimeBuildSPMeSimulation.time_setup_SPMe_simulation": 1613577855082, "time_solve_models.TimeSolveDFN.time_solve_model": 1613577880969, "time_solve_models.TimeSolveSPM.time_solve_model": 1613577890307, "time_solve_models.TimeSolveSPMe.time_solve_model": 1613577901449}, "benchmark_version": {"time_setup_models_and_sims.TimeBuildDFN.time_setup_DFN": "5f322e51e6b7e66125ee6949bdf25746005db467e8ffcfdcb3ace170e92bbc3d", "time_setup_models_and_sims.TimeBuildDFNSimulation.time_setup_DFN_simulation": "8de44bc542fa7d4ba28a80f24414a9444b5436673aaebba674918f5f0bfd0ebb", "time_setup_models_and_sims.TimeBuildSPM.time_setup_SPM": "0d0b3f5c67fc2da9a5794c66b70af5a45a09558d1ee95f738745385adb84fbca", "time_setup_models_and_sims.TimeBuildSPMSimulation.time_setup_SPM_simulation": "161220a99418ce4487cc29325cbae897f28d0e44ae07e1dfbfaac2cbc53a4ff9", "time_setup_models_and_sims.TimeBuildSPMe.time_setup_SPMe": "6083f5ff944353395eb4b21c97b02af555fe6528de3cd5283f5e139943945235", "time_setup_models_and_sims.TimeBuildSPMeSimulation.time_setup_SPMe_simulation": "530563cb559427795e3648d9648df9250ae100b7721f69eec356bdda7798c55e", "time_solve_models.TimeSolveDFN.time_solve_model": "914137228e20e5900cec36b0d3865f1faa2f5d479c7d6c2539514791f9ec4430", "time_solve_models.TimeSolveSPM.time_solve_model": "ef1bb5f8d1ddfa59650e20438c4b252d73e5a062714848ce1d6d5269382bc598", "time_solve_models.TimeSolveSPMe.time_solve_model": "20672028872f4620ce85e909bae705d9490de441e926510b2b0e53ff0881d87b"}, "version": 1}