{"results": {"time_setup_models_and_sims.TimeBuildDFN.time_setup_DFN": {"result": [0.7444701674999123], "stats": [{"ci_99": [0.7303695400000834, 0.7476783379997869], "q_25": 0.7386756345000549, "q_75": 0.7468034784999418, "min": 0.7303695400000834, "max": 0.7476783379997869, "mean": 0.7419611938999424, "std": 0.0057885411889452305, "repeat": 10, "number": 1}]}, "time_setup_models_and_sims.TimeBuildDFNSimulation.time_setup_DFN_simulation": {"result": [0.09449952900035896, 0.15627792399982354], "stats": [{"ci_99": [0.09265171199967881, 0.09607234400027664], "q_25": 0.0935591922502681, "q_75": 0.09541129000012916, "min": 0.09265171199967881, "max": 0.09607234400027664, "mean": 0.09451891890012121, "std": 0.0011440606327522897, "repeat": 10, "number": 1}, {"ci_99": [0.15138383699968472, 0.16063978800002587], "q_25": 0.15402380650004943, "q_75": 0.1578619180000942, "min": 0.15138383699968472, "max": 0.16063978800002587, "mean": 0.15587252170003013, "std": 0.0027529924620437454, "repeat": 10, "number": 1}], "params": [["False", "True"]]}, "time_setup_models_and_sims.TimeBuildSPM.time_setup_SPM": {"result": [0.5293421080000371], "stats": [{"ci_99": [0.5185964629999944, 0.5425585640000463], "q_25": 0.5235837180001681, "q_75": 0.5368646337500422, "min": 0.5185964629999944, "max": 0.5425585640000463, "mean": 0.53009309210006, "std": 0.007831465925320408, "repeat": 10, "number": 1}]}, "time_setup_models_and_sims.TimeBuildSPMSimulation.time_setup_SPM_simulation": {"result": [0.22406760100011525, 0.27589987249984915], "stats": [{"ci_99": [0.22143352200009758, 0.23148590699975102], "q_25": 0.2228588305000585, "q_75": 0.22616367700004503, "min": 0.22143352200009758, "max": 0.23148590699975102, "mean": 0.2251194770999973, "std": 0.0030936486135907802, "repeat": 10, "number": 1}, {"ci_99": [0.2730624069999976, 0.2803147810000155], "q_25": 0.27443108975012365, "q_75": 0.27671978674993625, "min": 0.2730624069999976, "max": 0.2803147810000155, "mean": 0.2760895408000124, "std": 0.0024277309295478973, "repeat": 10, "number": 1}], "params": [["False", "True"]]}, "time_setup_models_and_sims.TimeBuildSPMe.time_setup_SPMe": {"result": [0.6247272325001632], "stats": [{"ci_99": [0.6132168809999712, 0.6440462300001855], "q_25": 0.6181213060002619, "q_75": 0.6343076235000353, "min": 0.6132168809999712, "max": 0.6440462300001855, "mean": 0.6266278932001115, "std": 0.009758752479076644, "repeat": 10, "number": 1}]}, "time_setup_models_and_sims.TimeBuildSPMeSimulation.time_setup_SPMe_simulation": {"result": [0.11385454100013703, 0.18463947850023033], "stats": [{"ci_99": [0.1095519030000105, 0.1217212860001382], "q_25": 0.11353575349971834, "q_75": 0.1154955469997958, "min": 0.1095519030000105, "max": 0.1217212860001382, "mean": 0.11485271960000318, "std": 0.003194697267223544, "repeat": 10, "number": 1}, {"ci_99": [0.18111059700004262, 0.19083617399974173], "q_25": 0.18270448049997867, "q_75": 0.1864676747499061, "min": 0.18111059700004262, "max": 0.19083617399974173, "mean": 0.18521411129995613, "std": 0.0031743569586238835, "repeat": 10, "number": 1}], "params": [["False", "True"]]}, "time_solve_models.TimeSolveDFN.time_solve_model": {"result": [1.1935716695002156, 1.3950561149999885], "stats": [{"ci_99": [1.1224842550000176, 1.2383288059302093], "q_25": 1.1634873162502117, "q_75": 1.207199894000155, "min": 1.1224842550000176, "max": 1.2246853770002417, "mean": 1.1832524675001725, "std": 0.03454877294070378, "repeat": 6, "number": 1}, {"ci_99": [1.3385235289997581, 1.4468066800000088], "q_25": 1.360204962249668, "q_75": 1.4077298607497823, "min": 1.3385235289997581, "max": 1.4468066800000088, "mean": 1.390155474624862, "std": 0.03422218392799733, "repeat": 8, "number": 1}], "params": [["True", "False"]]}, "time_solve_models.TimeSolveSPM.time_solve_model": {"result": [0.05381584700012354, 0.09550932100023601], "stats": [{"ci_99": [0.05323619700038762, 0.05736421900019195], "q_25": 0.05360944449989802, "q_75": 0.05438209825024387, "min": 0.05323619700038762, "max": 0.05736421900019195, "mean": 0.05421359920010218, "std": 0.0011410189601911587, "repeat": 10, "number": 1}, {"ci_99": [0.09376431099963156, 0.0984888369998771], "q_25": 0.09503317899986996, "q_75": 0.09615880750004635, "min": 0.09376431099963156, "max": 0.0984888369998771, "mean": 0.0957250572999783, "std": 0.0012883495909863883, "repeat": 10, "number": 1}], "params": [["True", "False"]]}, "time_solve_models.TimeSolveSPMe.time_solve_model": {"result": [0.08421691249986907, 0.1482237630000327], "stats": [{"ci_99": [0.07677941800011467, 0.08541226499983168], "q_25": 0.08362653950018739, "q_75": 0.08469484324984933, "min": 0.07677941800011467, "max": 0.08541226499983168, "mean": 0.08359333949997563, "std": 0.0023517967752199865, "repeat": 10, "number": 1}, {"ci_99": [0.14491220299987617, 0.15159882299985838], "q_25": 0.14652069950000168, "q_75": 0.14973571799998808, "min": 0.14491220299987617, "max": 0.15159882299985838, "mean": 0.14813602270000956, "std": 0.002005774319401891, "repeat": 10, "number": 1}], "params": [["True", "False"]]}}, "params": {"machine": "GitHubRunner", "python": "3.8"}, "requirements": {}, "commit_hash": "943f418b5d1a98e4420c6083f415c711ae3c71a9", "date": 1610038000000, "env_name": "virtualenv-py3.8", "python": "3.8", "profiles": {}, "started_at": {"time_setup_models_and_sims.TimeBuildDFN.time_setup_DFN": 1613576309612, "time_setup_models_and_sims.TimeBuildDFNSimulation.time_setup_DFN_simulation": 1613576314330, "time_setup_models_and_sims.TimeBuildSPM.time_setup_SPM": 1613576316044, "time_setup_models_and_sims.TimeBuildSPMSimulation.time_setup_SPM_simulation": 1613576319458, "time_setup_models_and_sims.TimeBuildSPMe.time_setup_SPMe": 1613576322725, "time_setup_models_and_sims.TimeBuildSPMeSimulation.time_setup_SPMe_simulation": 1613576326743, "time_solve_models.TimeSolveDFN.time_solve_model": 1613576328756, "time_solve_models.TimeSolveSPM.time_solve_model": 1613576353742, "time_solve_models.TimeSolveSPMe.time_solve_model": 1613576363478}, "ended_at": {"time_setup_models_and_sims.TimeBuildDFN.time_setup_DFN": 1613576314329, "time_setup_models_and_sims.TimeBuildDFNSimulation.time_setup_DFN_simulation": 1613576316043, "time_setup_models_and_sims.TimeBuildSPM.time_setup_SPM": 1613576319458, "time_setup_models_and_sims.TimeBuildSPMSimulation.time_setup_SPM_simulation": 1613576322724, "time_setup_models_and_sims.TimeBuildSPMe.time_setup_SPMe": 1613576326743, "time_setup_models_and_sims.TimeBuildSPMeSimulation.time_setup_SPMe_simulation": 1613576328756, "time_solve_models.TimeSolveDFN.time_solve_model": 1613576353742, "time_solve_models.TimeSolveSPM.time_solve_model": 1613576363478, "time_solve_models.TimeSolveSPMe.time_solve_model": 1613576375174}, "benchmark_version": {"time_setup_models_and_sims.TimeBuildDFN.time_setup_DFN": "5f322e51e6b7e66125ee6949bdf25746005db467e8ffcfdcb3ace170e92bbc3d", "time_setup_models_and_sims.TimeBuildDFNSimulation.time_setup_DFN_simulation": "8de44bc542fa7d4ba28a80f24414a9444b5436673aaebba674918f5f0bfd0ebb", "time_setup_models_and_sims.TimeBuildSPM.time_setup_SPM": "0d0b3f5c67fc2da9a5794c66b70af5a45a09558d1ee95f738745385adb84fbca", "time_setup_models_and_sims.TimeBuildSPMSimulation.time_setup_SPM_simulation": "161220a99418ce4487cc29325cbae897f28d0e44ae07e1dfbfaac2cbc53a4ff9", "time_setup_models_and_sims.TimeBuildSPMe.time_setup_SPMe": "6083f5ff944353395eb4b21c97b02af555fe6528de3cd5283f5e139943945235", "time_setup_models_and_sims.TimeBuildSPMeSimulation.time_setup_SPMe_simulation": "530563cb559427795e3648d9648df9250ae100b7721f69eec356bdda7798c55e", "time_solve_models.TimeSolveDFN.time_solve_model": "914137228e20e5900cec36b0d3865f1faa2f5d479c7d6c2539514791f9ec4430", "time_solve_models.TimeSolveSPM.time_solve_model": "ef1bb5f8d1ddfa59650e20438c4b252d73e5a062714848ce1d6d5269382bc598", "time_solve_models.TimeSolveSPMe.time_solve_model": "20672028872f4620ce85e909bae705d9490de441e926510b2b0e53ff0881d87b"}, "version": 1}