{"results": {"time_setup_models_and_sims.TimeBuildDFN.time_setup_DFN": {"result": [0.7135228805000224], "stats": [{"ci_99": [0.6905307570000332, 0.7325057839998408], "q_25": 0.7001568537498315, "q_75": 0.7255337249999911, "min": 0.6905307570000332, "max": 0.7325057839998408, "mean": 0.7127163764000215, "std": 0.014541757654953824, "repeat": 10, "number": 1}]}, "time_setup_models_and_sims.TimeBuildDFNSimulation.time_setup_DFN_simulation": {"result": [0.09472401249968243, 0.15833492249998926], "stats": [{"ci_99": [0.09287865099986448, 0.10280280200004199], "q_25": 0.09437156199976471, "q_75": 0.09620126800018625, "min": 0.09287865099986448, "max": 0.10280280200004199, "mean": 0.09564751639995847, "std": 0.002650615897933119, "repeat": 10, "number": 1}, {"ci_99": [0.15426474999958373, 0.16609821299971372], "q_25": 0.15751874399995813, "q_75": 0.1596038537501272, "min": 0.15426474999958373, "max": 0.16609821299971372, "mean": 0.15910114579992296, "std": 0.0030977222076983978, "repeat": 10, "number": 1}], "params": [["False", "True"]]}, "time_setup_models_and_sims.TimeBuildSPM.time_setup_SPM": {"result": [0.5139304050001101], "stats": [{"ci_99": [0.5086724879997746, 0.5191589390001354], "q_25": 0.5100796904999925, "q_75": 0.5162577324999802, "min": 0.5086724879997746, "max": 0.5191589390001354, "mean": 0.5134739830000399, "std": 0.003517493330389747, "repeat": 10, "number": 1}]}, "time_setup_models_and_sims.TimeBuildSPMSimulation.time_setup_SPM_simulation": {"result": [0.22853891350018785, 0.2788240084998961], "stats": [{"ci_99": [0.22310449099995822, 0.23917376200006402], "q_25": 0.22452054724965365, "q_75": 0.23036094575002153, "min": 0.22310449099995822, "max": 0.23917376200006402, "mean": 0.22860770409997713, "std": 0.004819876247317541, "repeat": 10, "number": 1}, {"ci_99": [0.27318973599994933, 0.2819076689997928], "q_25": 0.27821487850008, "q_75": 0.2806140624999216, "min": 0.27318973599994933, "max": 0.2819076689997928, "mean": 0.27873129799995694, "std": 0.0024527804994445668, "repeat": 10, "number": 1}], "params": [["False", "True"]]}, "time_setup_models_and_sims.TimeBuildSPMe.time_setup_SPMe": {"result": [0.6070482470001934], "stats": [{"ci_99": [0.59874072599996, 0.6208247150002535], "q_25": 0.604642015249965, "q_75": 0.610558707750215, "min": 0.59874072599996, "max": 0.6208247150002535, "mean": 0.6079400010000882, "std": 0.005859896793256782, "repeat": 10, "number": 1}]}, "time_setup_models_and_sims.TimeBuildSPMeSimulation.time_setup_SPMe_simulation": {"result": [0.11640346650005995, 0.18507660449972718], "stats": [{"ci_99": [0.11473935699996218, 0.1173096729999088], "q_25": 0.1152022369998349, "q_75": 0.11687714299978325, "min": 0.11473935699996218, "max": 0.1173096729999088, "mean": 0.11612195539992172, "std": 0.0008990836392903958, "repeat": 10, "number": 1}, {"ci_99": [0.1805259819998355, 0.18893641700014996], "q_25": 0.1829363420000618, "q_75": 0.1870965079998541, "min": 0.1805259819998355, "max": 0.18893641700014996, "mean": 0.18500278079991403, "std": 0.0028540228668659947, "repeat": 10, "number": 1}], "params": [["False", "True"]]}, "time_solve_models.TimeSolveDFN.time_solve_model": {"result": [0.8838286979998884, 1.0431757695002943], "stats": [{"ci_99": [0.8657420240001557, 0.9063515969996843], "q_25": 0.8747454427499406, "q_75": 0.8893996169998672, "min": 0.8657420240001557, "max": 0.9063515969996843, "mean": 0.883815312249908, "std": 0.011838189076110839, "repeat": 8, "number": 1}, {"ci_99": [1.0133174110001164, 1.055042512], "q_25": 1.030619023999975, "q_75": 1.0492814405000672, "min": 1.0133174110001164, "max": 1.055042512, "mean": 1.039628482100079, "std": 0.013334425266935889, "repeat": 10, "number": 1}], "params": [["True", "False"]]}, "time_solve_models.TimeSolveSPM.time_solve_model": {"result": [0.046316273999764235, 0.08305595299998458], "stats": [{"ci_99": [0.04459051699996053, 0.04685682799981805], "q_25": 0.045607496749653365, "q_75": 0.04653067649996956, "min": 0.04459051699996053, "max": 0.04685682799981805, "mean": 0.04603285349985527, "std": 0.0006819382465735691, "repeat": 10, "number": 1}, {"ci_99": [0.08102539200035608, 0.08757632600008947], "q_25": 0.08236109874974318, "q_75": 0.08368258299981335, "min": 0.08102539200035608, "max": 0.08757632600008947, "mean": 0.08326509410003383, "std": 0.001650149559056831, "repeat": 10, "number": 1}], "params": [["True", "False"]]}, "time_solve_models.TimeSolveSPMe.time_solve_model": {"result": [0.06544291649993283, 0.12259519450003609], "stats": [{"ci_99": [0.06406141199977355, 0.06790842800000974], "q_25": 0.06513129049972122, "q_75": 0.06638912249979967, "min": 0.06406141199977355, "max": 0.06790842800000974, "mean": 0.06578603909988487, "std": 0.0012023192590493944, "repeat": 10, "number": 1}, {"ci_99": [0.11676646799969603, 0.125426107000294], "q_25": 0.11930968025023958, "q_75": 0.1235439472499138, "min": 0.11676646799969603, "max": 0.125426107000294, "mean": 0.12155388940000193, "std": 0.002802397214956668, "repeat": 10, "number": 1}], "params": [["True", "False"]]}}, "params": {"machine": "GitHubRunner", "python": "3.8"}, "requirements": {}, "commit_hash": "96029c09ce835220838ef404ade3521d4f479e07", "date": 1607614170000, "env_name": "virtualenv-py3.8", "python": "3.8", "profiles": {}, "started_at": {"time_setup_models_and_sims.TimeBuildDFN.time_setup_DFN": 1613577002751, "time_setup_models_and_sims.TimeBuildDFNSimulation.time_setup_DFN_simulation": 1613577007170, "time_setup_models_and_sims.TimeBuildSPM.time_setup_SPM": 1613577008884, "time_setup_models_and_sims.TimeBuildSPMSimulation.time_setup_SPM_simulation": 1613577012249, "time_setup_models_and_sims.TimeBuildSPMe.time_setup_SPMe": 1613577015568, "time_setup_models_and_sims.TimeBuildSPMeSimulation.time_setup_SPMe_simulation": 1613577019534, "time_solve_models.TimeSolveDFN.time_solve_model": 1613577021599, "time_solve_models.TimeSolveSPM.time_solve_model": 1613577047089, "time_solve_models.TimeSolveSPMe.time_solve_model": 1613577056526}, "ended_at": {"time_setup_models_and_sims.TimeBuildDFN.time_setup_DFN": 1613577007170, "time_setup_models_and_sims.TimeBuildDFNSimulation.time_setup_DFN_simulation": 1613577008883, "time_setup_models_and_sims.TimeBuildSPM.time_setup_SPM": 1613577012249, "time_setup_models_and_sims.TimeBuildSPMSimulation.time_setup_SPM_simulation": 1613577015567, "time_setup_models_and_sims.TimeBuildSPMe.time_setup_SPMe": 1613577019534, "time_setup_models_and_sims.TimeBuildSPMeSimulation.time_setup_SPMe_simulation": 1613577021598, "time_solve_models.TimeSolveDFN.time_solve_model": 1613577047089, "time_solve_models.TimeSolveSPM.time_solve_model": 1613577056526, "time_solve_models.TimeSolveSPMe.time_solve_model": 1613577067971}, "benchmark_version": {"time_setup_models_and_sims.TimeBuildDFN.time_setup_DFN": "5f322e51e6b7e66125ee6949bdf25746005db467e8ffcfdcb3ace170e92bbc3d", "time_setup_models_and_sims.TimeBuildDFNSimulation.time_setup_DFN_simulation": "8de44bc542fa7d4ba28a80f24414a9444b5436673aaebba674918f5f0bfd0ebb", "time_setup_models_and_sims.TimeBuildSPM.time_setup_SPM": "0d0b3f5c67fc2da9a5794c66b70af5a45a09558d1ee95f738745385adb84fbca", "time_setup_models_and_sims.TimeBuildSPMSimulation.time_setup_SPM_simulation": "161220a99418ce4487cc29325cbae897f28d0e44ae07e1dfbfaac2cbc53a4ff9", "time_setup_models_and_sims.TimeBuildSPMe.time_setup_SPMe": "6083f5ff944353395eb4b21c97b02af555fe6528de3cd5283f5e139943945235", "time_setup_models_and_sims.TimeBuildSPMeSimulation.time_setup_SPMe_simulation": "530563cb559427795e3648d9648df9250ae100b7721f69eec356bdda7798c55e", "time_solve_models.TimeSolveDFN.time_solve_model": "914137228e20e5900cec36b0d3865f1faa2f5d479c7d6c2539514791f9ec4430", "time_solve_models.TimeSolveSPM.time_solve_model": "ef1bb5f8d1ddfa59650e20438c4b252d73e5a062714848ce1d6d5269382bc598", "time_solve_models.TimeSolveSPMe.time_solve_model": "20672028872f4620ce85e909bae705d9490de441e926510b2b0e53ff0881d87b"}, "version": 1}