{"results": {"time_setup_models_and_sims.TimeBuildDFN.time_setup_DFN": {"result": [0.9606566075000273], "stats": [{"ci_99": [0.9372886029999563, 0.9819050590000415], "q_25": 0.949458174750049, "q_75": 0.9732984344999238, "min": 0.9372886029999563, "max": 0.9819050590000415, "mean": 0.9606271658999959, "std": 0.015132894003140116, "repeat": 10, "number": 1}]}, "time_setup_models_and_sims.TimeBuildDFNSimulation.time_setup_DFN_simulation": {"result": [0.1175732420000486, 0.1963086019999878], "stats": [{"ci_99": [0.1149982629999613, 0.1278043530001014], "q_25": 0.11601394200005188, "q_75": 0.11840763750001315, "min": 0.1149982629999613, "max": 0.1278043530001014, "mean": 0.11821776430002728, "std": 0.003474152216790197, "repeat": 10, "number": 1}, {"ci_99": [0.19413654699997096, 0.20331207899994297], "q_25": 0.19504242675000683, "q_75": 0.19698647649994427, "min": 0.19413654699997096, "max": 0.20331207899994297, "mean": 0.19664640429997463, "std": 0.002438577631392586, "repeat": 10, "number": 1}], "params": [["False", "True"]]}, "time_setup_models_and_sims.TimeBuildSPM.time_setup_SPM": {"result": [0.5249540514999467], "stats": [{"ci_99": [0.5155458090000593, 0.5412811280000369], "q_25": 0.5199040002499942, "q_75": 0.5278336457500359, "min": 0.5155458090000593, "max": 0.5412811280000369, "mean": 0.5255579951000072, "std": 0.007455446734584092, "repeat": 10, "number": 1}]}, "time_setup_models_and_sims.TimeBuildSPMSimulation.time_setup_SPM_simulation": {"result": [0.11235693200001151, 0.17576450150005485], "stats": [{"ci_99": [0.10999393199995211, 0.11955647799993585], "q_25": 0.1107320752499561, "q_75": 0.11496816600003967, "min": 0.10999393199995211, "max": 0.11955647799993585, "mean": 0.1133401575999983, "std": 0.0032506909624622966, "repeat": 10, "number": 1}, {"ci_99": [0.16902981500004444, 0.19021611599998778], "q_25": 0.17268603349995715, "q_75": 0.17887981724999236, "min": 0.16902981500004444, "max": 0.19021611599998778, "mean": 0.17643123289999493, "std": 0.005835522928232307, "repeat": 10, "number": 1}], "params": [["False", "True"]]}, "time_setup_models_and_sims.TimeBuildSPMe.time_setup_SPMe": {"result": [0.7818061459999512], "stats": [{"ci_99": [0.774655710999923, 0.7973299100000304], "q_25": 0.7773833927499822, "q_75": 0.785657757000024, "min": 0.774655710999923, "max": 0.7973299100000304, "mean": 0.7829985559999727, "std": 0.006768592813877327, "repeat": 10, "number": 1}]}, "time_setup_models_and_sims.TimeBuildSPMeSimulation.time_setup_SPMe_simulation": {"result": [0.12189895000000206, 0.21193090400004166], "stats": [{"ci_99": [0.1209885769999346, 0.1244421289999309], "q_25": 0.1213165632500477, "q_75": 0.12313911424999446, "min": 0.1209885769999346, "max": 0.1244421289999309, "mean": 0.12228914159999249, "std": 0.001187063967635871, "repeat": 10, "number": 1}, {"ci_99": [0.20617587399999593, 0.2168282210000143], "q_25": 0.20975504349999596, "q_75": 0.2127685622500053, "min": 0.20617587399999593, "max": 0.2168282210000143, "mean": 0.21145469220001586, "std": 0.0028780225242631768, "repeat": 10, "number": 1}], "params": [["False", "True"]]}, "time_solve_models.TimeSolveDFN.time_solve_model": {"result": [0.750938096499965, 0.9033412999999655], "stats": [{"ci_99": [0.7413304870000275, 0.7854643550000446], "q_25": 0.7443635594999876, "q_75": 0.7801375210000003, "min": 0.7413304870000275, "max": 0.7854643550000446, "mean": 0.7595877313749924, "std": 0.017838303907919933, "repeat": 8, "number": 1}, {"ci_99": [0.8807355300000381, 0.9112635879999971], "q_25": 0.8951690869999709, "q_75": 0.9079719075000412, "min": 0.8807355300000381, "max": 0.9112635879999971, "mean": 0.9007135197000139, "std": 0.009581481366069637, "repeat": 10, "number": 1}], "params": [["True", "False"]]}, "time_solve_models.TimeSolveSPM.time_solve_model": {"result": [0.039294369000003826, 0.0643216255000425], "stats": [{"ci_99": [0.038245257000085076, 0.04762251399995421], "q_25": 0.03848370824997005, "q_75": 0.03969850300001099, "min": 0.038245257000085076, "max": 0.04762251399995421, "mean": 0.03991539189999003, "std": 0.0026338462226869336, "repeat": 10, "number": 1}, {"ci_99": [0.06145125199998347, 0.06828560600001765], "q_25": 0.06361759174998838, "q_75": 0.0656008615000303, "min": 0.06145125199998347, "max": 0.06828560600001765, "mean": 0.06455110670001432, "std": 0.0018320542812512827, "repeat": 10, "number": 1}], "params": [["True", "False"]]}, "time_solve_models.TimeSolveSPMe.time_solve_model": {"result": [0.05407278050000741, 0.10229761299996198], "stats": [{"ci_99": [0.0484457969999994, 0.055750848000002406], "q_25": 0.052471113500047295, "q_75": 0.05521976899999004, "min": 0.0484457969999994, "max": 0.055750848000002406, "mean": 0.053566167899998615, "std": 0.0021418403295250217, "repeat": 10, "number": 1}, {"ci_99": [0.09670639000000847, 0.10897647699994195], "q_25": 0.10132729299996868, "q_75": 0.10426668099995595, "min": 0.09670639000000847, "max": 0.10897647699994195, "mean": 0.1027371527999776, "std": 0.0030075029990799754, "repeat": 10, "number": 1}], "params": [["True", "False"]]}}, "params": {"machine": "GitHubRunner", "python": "3.8"}, "requirements": {}, "commit_hash": "97b5f74bb5bc3ac93a9e0577f21d91f9047e9340", "date": 1612792850000, "env_name": "virtualenv-py3.8", "python": "3.8", "profiles": {}, "started_at": {"time_setup_models_and_sims.TimeBuildDFN.time_setup_DFN": 1613574344138, "time_setup_models_and_sims.TimeBuildDFNSimulation.time_setup_DFN_simulation": 1613574350314, "time_setup_models_and_sims.TimeBuildSPM.time_setup_SPM": 1613574352427, "time_setup_models_and_sims.TimeBuildSPMSimulation.time_setup_SPM_simulation": 1613574355891, "time_setup_models_and_sims.TimeBuildSPMe.time_setup_SPMe": 1613574357905, "time_setup_models_and_sims.TimeBuildSPMeSimulation.time_setup_SPMe_simulation": 1613574363027, "time_solve_models.TimeSolveDFN.time_solve_model": 1613574365292, "time_solve_models.TimeSolveSPM.time_solve_model": 1613574391934, "time_solve_models.TimeSolveSPMe.time_solve_model": 1613574401372}, "ended_at": {"time_setup_models_and_sims.TimeBuildDFN.time_setup_DFN": 1613574350313, "time_setup_models_and_sims.TimeBuildDFNSimulation.time_setup_DFN_simulation": 1613574352426, "time_setup_models_and_sims.TimeBuildSPM.time_setup_SPM": 1613574355891, "time_setup_models_and_sims.TimeBuildSPMSimulation.time_setup_SPM_simulation": 1613574357904, "time_setup_models_and_sims.TimeBuildSPMe.time_setup_SPMe": 1613574363026, "time_setup_models_and_sims.TimeBuildSPMeSimulation.time_setup_SPMe_simulation": 1613574365291, "time_solve_models.TimeSolveDFN.time_solve_model": 1613574391933, "time_solve_models.TimeSolveSPM.time_solve_model": 1613574401371, "time_solve_models.TimeSolveSPMe.time_solve_model": 1613574414921}, "benchmark_version": {"time_setup_models_and_sims.TimeBuildDFN.time_setup_DFN": "5f322e51e6b7e66125ee6949bdf25746005db467e8ffcfdcb3ace170e92bbc3d", "time_setup_models_and_sims.TimeBuildDFNSimulation.time_setup_DFN_simulation": "8de44bc542fa7d4ba28a80f24414a9444b5436673aaebba674918f5f0bfd0ebb", "time_setup_models_and_sims.TimeBuildSPM.time_setup_SPM": "0d0b3f5c67fc2da9a5794c66b70af5a45a09558d1ee95f738745385adb84fbca", "time_setup_models_and_sims.TimeBuildSPMSimulation.time_setup_SPM_simulation": "161220a99418ce4487cc29325cbae897f28d0e44ae07e1dfbfaac2cbc53a4ff9", "time_setup_models_and_sims.TimeBuildSPMe.time_setup_SPMe": "6083f5ff944353395eb4b21c97b02af555fe6528de3cd5283f5e139943945235", "time_setup_models_and_sims.TimeBuildSPMeSimulation.time_setup_SPMe_simulation": "530563cb559427795e3648d9648df9250ae100b7721f69eec356bdda7798c55e", "time_solve_models.TimeSolveDFN.time_solve_model": "914137228e20e5900cec36b0d3865f1faa2f5d479c7d6c2539514791f9ec4430", "time_solve_models.TimeSolveSPM.time_solve_model": "ef1bb5f8d1ddfa59650e20438c4b252d73e5a062714848ce1d6d5269382bc598", "time_solve_models.TimeSolveSPMe.time_solve_model": "20672028872f4620ce85e909bae705d9490de441e926510b2b0e53ff0881d87b"}, "version": 1}