{"results": {"time_setup_models_and_sims.TimeBuildDFN.time_setup_DFN": {"result": [0.9255013759998292], "stats": [{"ci_99": [0.8938376500000231, 0.9376880289992187], "q_25": 0.9168080225001631, "q_75": 0.9362696377502289, "min": 0.8938376500000231, "max": 0.9376880289992187, "mean": 0.9237448480999774, "std": 0.01362291906850049, "repeat": 10, "number": 1}]}, "time_setup_models_and_sims.TimeBuildDFNSimulation.time_setup_DFN_simulation": {"result": [0.22945661050061972, 0.45410725900001125], "stats": [{"ci_99": [0.2264219349999621, 0.23014006500034156], "q_25": 0.22882232849951833, "q_75": 0.22996306999993976, "min": 0.2264219349999621, "max": 0.23014006500034156, "mean": 0.22907879249996768, "std": 0.0011719139823608384, "repeat": 10, "number": 1}, {"ci_99": [0.4446157980000862, 0.4593664809999609], "q_25": 0.4481427532496127, "q_75": 0.4566254612495868, "min": 0.4446157980000862, "max": 0.4593664809999609, "mean": 0.4528190180999445, "std": 0.004922897025944499, "repeat": 10, "number": 1}], "params": [["False", "True"]]}, "time_setup_models_and_sims.TimeBuildSPM.time_setup_SPM": {"result": [0.6269522309999047], "stats": [{"ci_99": [0.6118332450005255, 0.632638926999789], "q_25": 0.6250698330002251, "q_75": 0.629308318750418, "min": 0.6118332450005255, "max": 0.632638926999789, "mean": 0.6250978193001174, "std": 0.0065365091148091616, "repeat": 10, "number": 1}]}, "time_setup_models_and_sims.TimeBuildSPMSimulation.time_setup_SPM_simulation": {"result": [0.3035650010001518, 0.5935489449998386], "stats": [{"ci_99": [0.2971549980002237, 0.3061036819999572], "q_25": 0.3021862994996809, "q_75": 0.30497511824978574, "min": 0.2971549980002237, "max": 0.3061036819999572, "mean": 0.3027512388000105, "std": 0.0029371856392576765, "repeat": 10, "number": 1}, {"ci_99": [0.5842145380001966, 0.5986426259996733], "q_25": 0.5904474122498868, "q_75": 0.595065520250273, "min": 0.5842145380001966, "max": 0.5986426259996733, "mean": 0.5925220293000166, "std": 0.0039083857176038204, "repeat": 10, "number": 1}], "params": [["False", "True"]]}, "time_setup_models_and_sims.TimeBuildSPMe.time_setup_SPMe": {"result": [0.7871752645000925], "stats": [{"ci_99": [0.7784828359999665, 0.803710361999947], "q_25": 0.7841672097497394, "q_75": 0.7979760869998245, "min": 0.7784828359999665, "max": 0.803710361999947, "mean": 0.78970781729995, "std": 0.008426322801131635, "repeat": 10, "number": 1}]}, "time_setup_models_and_sims.TimeBuildSPMeSimulation.time_setup_SPMe_simulation": {"result": [0.24765600349974193, 0.48852691850015617], "stats": [{"ci_99": [0.24666320999949676, 0.25125434499932453], "q_25": 0.2470783634998952, "q_75": 0.24860247075002917, "min": 0.24666320999949676, "max": 0.25125434499932453, "mean": 0.2481937775998631, "std": 0.0014804241105086302, "repeat": 10, "number": 1}, {"ci_99": [0.48521009199976106, 0.49269460899995465], "q_25": 0.48736134550040333, "q_75": 0.48946208449979167, "min": 0.48521009199976106, "max": 0.49269460899995465, "mean": 0.48864911940008826, "std": 0.002137626304626311, "repeat": 10, "number": 1}], "params": [["False", "True"]]}, "time_solve_models.TimeSolveDFN.time_solve_model": {"result": [1.2239058264999585, 1.437195254499784], "stats": [{"ci_99": [1.1821353430044592, 1.2626693793284116], "q_25": 1.2034255427497556, "q_75": 1.2379677017495396, "min": 1.1875980579998213, "max": 1.2597506809997867, "mean": 1.2224023611664354, "std": 0.024497489464655114, "repeat": 6, "number": 1}, {"ci_99": [1.3716127609995965, 1.4782511230005184], "q_25": 1.4055525137498535, "q_75": 1.4677368484999533, "min": 1.3716127609995965, "max": 1.4782511230005184, "mean": 1.4346511894998457, "std": 0.03657234251555098, "repeat": 8, "number": 1}], "params": [["True", "False"]]}, "time_solve_models.TimeSolveSPM.time_solve_model": {"result": [0.053284463999716536, 0.08947390599951177], "stats": [{"ci_99": [0.05124600500039378, 0.05504792000010639], "q_25": 0.05203568624938271, "q_75": 0.0541961387500578, "min": 0.05124600500039378, "max": 0.05504792000010639, "mean": 0.05315237279983194, "std": 0.0012511613007773058, "repeat": 10, "number": 1}, {"ci_99": [0.08785756899942498, 0.09536372599995957], "q_25": 0.08850689225050701, "q_75": 0.09041355649969773, "min": 0.08785756899942498, "max": 0.09536372599995957, "mean": 0.08991803659982907, "std": 0.002045433322862366, "repeat": 10, "number": 1}], "params": [["True", "False"]]}, "time_solve_models.TimeSolveSPMe.time_solve_model": {"result": [0.0870230844998332, 0.14780266900015704], "stats": [{"ci_99": [0.0717140440001458, 0.08855377300005784], "q_25": 0.08246128199948544, "q_75": 0.08800752449997162, "min": 0.0717140440001458, "max": 0.08855377300005784, "mean": 0.08397361930001353, "std": 0.0055257848361246085, "repeat": 10, "number": 1}, {"ci_99": [0.1451462380000521, 0.1537660660005713], "q_25": 0.14651452350062755, "q_75": 0.15023512275024586, "min": 0.1451462380000521, "max": 0.1537660660005713, "mean": 0.1484175134002726, "std": 0.002649551363918823, "repeat": 10, "number": 1}], "params": [["True", "False"]]}}, "params": {"machine": "GitHubRunner", "python": "3.8"}, "requirements": {}, "commit_hash": "9b4c54dd78f4552ce3b64cd197aa59be0bec41ec", "date": 1602864003000, "env_name": "virtualenv-py3.8", "python": "3.8", "profiles": {}, "started_at": {"time_setup_models_and_sims.TimeBuildDFN.time_setup_DFN": 1613579823984, "time_setup_models_and_sims.TimeBuildDFNSimulation.time_setup_DFN_simulation": 1613579829906, "time_setup_models_and_sims.TimeBuildSPM.time_setup_SPM": 1613579834279, "time_setup_models_and_sims.TimeBuildSPMSimulation.time_setup_SPM_simulation": 1613579838345, "time_setup_models_and_sims.TimeBuildSPMe.time_setup_SPMe": 1613579844022, "time_setup_models_and_sims.TimeBuildSPMeSimulation.time_setup_SPMe_simulation": 1613579849041, "time_solve_models.TimeSolveDFN.time_solve_model": 1613579853762, "time_solve_models.TimeSolveSPM.time_solve_model": 1613579881862, "time_solve_models.TimeSolveSPMe.time_solve_model": 1613579893157}, "ended_at": {"time_setup_models_and_sims.TimeBuildDFN.time_setup_DFN": 1613579829906, "time_setup_models_and_sims.TimeBuildDFNSimulation.time_setup_DFN_simulation": 1613579834278, "time_setup_models_and_sims.TimeBuildSPM.time_setup_SPM": 1613579838345, "time_setup_models_and_sims.TimeBuildSPMSimulation.time_setup_SPM_simulation": 1613579844021, "time_setup_models_and_sims.TimeBuildSPMe.time_setup_SPMe": 1613579849041, "time_setup_models_and_sims.TimeBuildSPMeSimulation.time_setup_SPMe_simulation": 1613579853761, "time_solve_models.TimeSolveDFN.time_solve_model": 1613579881861, "time_solve_models.TimeSolveSPM.time_solve_model": 1613579893156, "time_solve_models.TimeSolveSPMe.time_solve_model": 1613579906706}, "benchmark_version": {"time_setup_models_and_sims.TimeBuildDFN.time_setup_DFN": "5f322e51e6b7e66125ee6949bdf25746005db467e8ffcfdcb3ace170e92bbc3d", "time_setup_models_and_sims.TimeBuildDFNSimulation.time_setup_DFN_simulation": "8de44bc542fa7d4ba28a80f24414a9444b5436673aaebba674918f5f0bfd0ebb", "time_setup_models_and_sims.TimeBuildSPM.time_setup_SPM": "0d0b3f5c67fc2da9a5794c66b70af5a45a09558d1ee95f738745385adb84fbca", "time_setup_models_and_sims.TimeBuildSPMSimulation.time_setup_SPM_simulation": "161220a99418ce4487cc29325cbae897f28d0e44ae07e1dfbfaac2cbc53a4ff9", "time_setup_models_and_sims.TimeBuildSPMe.time_setup_SPMe": "6083f5ff944353395eb4b21c97b02af555fe6528de3cd5283f5e139943945235", "time_setup_models_and_sims.TimeBuildSPMeSimulation.time_setup_SPMe_simulation": "530563cb559427795e3648d9648df9250ae100b7721f69eec356bdda7798c55e", "time_solve_models.TimeSolveDFN.time_solve_model": "914137228e20e5900cec36b0d3865f1faa2f5d479c7d6c2539514791f9ec4430", "time_solve_models.TimeSolveSPM.time_solve_model": "ef1bb5f8d1ddfa59650e20438c4b252d73e5a062714848ce1d6d5269382bc598", "time_solve_models.TimeSolveSPMe.time_solve_model": "20672028872f4620ce85e909bae705d9490de441e926510b2b0e53ff0881d87b"}, "version": 1}