{"results": {"time_setup_models_and_sims.TimeBuildDFN.time_setup_DFN": {"result": [0.943386204500257], "stats": [{"ci_99": [0.9355093679996571, 0.9515396429997054], "q_25": 0.9420808427494194, "q_75": 0.9476762449996841, "min": 0.9355093679996571, "max": 0.9515396429997054, "mean": 0.9438141173998702, "std": 0.004852294760166653, "repeat": 10, "number": 1}]}, "time_setup_models_and_sims.TimeBuildDFNSimulation.time_setup_DFN_simulation": {"result": [0.2349125954997362, 0.46486505599978045], "stats": [{"ci_99": [0.22936706000018603, 0.23749770800077386], "q_25": 0.23169607924955926, "q_75": 0.23581690175001313, "min": 0.22936706000018603, "max": 0.23749770800077386, "mean": 0.23400877009999022, "std": 0.002596021369854342, "repeat": 10, "number": 1}, {"ci_99": [0.4602064380005686, 0.46943828300027235], "q_25": 0.46281602925023435, "q_75": 0.46713217975025145, "min": 0.4602064380005686, "max": 0.46943828300027235, "mean": 0.4649698117999833, "std": 0.002971701755153485, "repeat": 10, "number": 1}], "params": [["False", "True"]]}, "time_setup_models_and_sims.TimeBuildSPM.time_setup_SPM": {"result": [0.6456095335001919], "stats": [{"ci_99": [0.6364482870003485, 0.6538130760000058], "q_25": 0.6437842697500855, "q_75": 0.6481052202504998, "min": 0.6364482870003485, "max": 0.6538130760000058, "mean": 0.6452477719001763, "std": 0.004920044749538069, "repeat": 10, "number": 1}]}, "time_setup_models_and_sims.TimeBuildSPMSimulation.time_setup_SPM_simulation": {"result": [0.30952818500009016, 0.6028067224997358], "stats": [{"ci_99": [0.3046773129999565, 0.3172845879998931], "q_25": 0.3064598477506024, "q_75": 0.3112426444997709, "min": 0.3046773129999565, "max": 0.3172845879998931, "mean": 0.3096694789001049, "std": 0.003787111758748145, "repeat": 10, "number": 1}, {"ci_99": [0.5986743610001213, 0.6129491330002566], "q_25": 0.5995688625000639, "q_75": 0.6046354370005247, "min": 0.5986743610001213, "max": 0.6129491330002566, "mean": 0.6031439209999917, "std": 0.004142068856270284, "repeat": 10, "number": 1}], "params": [["False", "True"]]}, "time_setup_models_and_sims.TimeBuildSPMe.time_setup_SPMe": {"result": [0.8037572709999949], "stats": [{"ci_99": [0.7846031489998495, 0.8217395860001488], "q_25": 0.7974314872494688, "q_75": 0.8081182682503822, "min": 0.7846031489998495, "max": 0.8217395860001488, "mean": 0.8033010782999555, "std": 0.010257828587013434, "repeat": 10, "number": 1}]}, "time_setup_models_and_sims.TimeBuildSPMeSimulation.time_setup_SPMe_simulation": {"result": [0.2533077059997595, 0.49757465299990145], "stats": [{"ci_99": [0.25019108800006506, 0.25499450999996043], "q_25": 0.25052638425017904, "q_75": 0.2546474629994009, "min": 0.25019108800006506, "max": 0.25499450999996043, "mean": 0.2527052197999183, "std": 0.0019532599328819693, "repeat": 10, "number": 1}, {"ci_99": [0.49147271099991485, 0.5065366110002287], "q_25": 0.4953805347497564, "q_75": 0.5020954349997737, "min": 0.49147271099991485, "max": 0.5065366110002287, "mean": 0.4988428304999616, "std": 0.00462920601915265, "repeat": 10, "number": 1}], "params": [["False", "True"]]}, "time_solve_models.TimeSolveDFN.time_solve_model": {"result": [1.1753618239995376, 1.3534056130001773], "stats": [{"ci_99": [1.1510919105514192, 1.1933992651145884], "q_25": 1.1631549637495482, "q_75": 1.1791169552502652, "min": 1.1516232229996604, "max": 1.191671979999228, "mean": 1.1722455878330038, "std": 0.013174271642024768, "repeat": 6, "number": 1}, {"ci_99": [1.3418680099994162, 1.3788691870004186], "q_25": 1.3485926484995616, "q_75": 1.364015575249823, "min": 1.3418680099994162, "max": 1.3788691870004186, "mean": 1.356687129999841, "std": 0.0116540120826106, "repeat": 8, "number": 1}], "params": [["True", "False"]]}, "time_solve_models.TimeSolveSPM.time_solve_model": {"result": [0.05156326549968071, 0.08803222249980536], "stats": [{"ci_99": [0.05060311799934425, 0.05229410999982065], "q_25": 0.05084586450016104, "q_75": 0.05208686425044107, "min": 0.05060311799934425, "max": 0.05229410999982065, "mean": 0.051473774799887906, "std": 0.0006343445319156831, "repeat": 10, "number": 1}, {"ci_99": [0.08226197600015439, 0.0901728409999123], "q_25": 0.08707289175049482, "q_75": 0.08917548200042802, "min": 0.08226197600015439, "max": 0.0901728409999123, "mean": 0.0875033090001125, "std": 0.0022543116308341403, "repeat": 10, "number": 1}], "params": [["True", "False"]]}, "time_solve_models.TimeSolveSPMe.time_solve_model": {"result": [0.08612105750034971, 0.1469579714998872], "stats": [{"ci_99": [0.08293057999981102, 0.08814012199945864], "q_25": 0.08425491449997935, "q_75": 0.0871068922494942, "min": 0.08293057999981102, "max": 0.08814012199945864, "mean": 0.08577148409995061, "std": 0.0016699463099132826, "repeat": 10, "number": 1}, {"ci_99": [0.13880793200041808, 0.15160819999982778], "q_25": 0.1455505624999205, "q_75": 0.14810365275025106, "min": 0.13880793200041808, "max": 0.15160819999982778, "mean": 0.1461092770000505, "std": 0.0037604629219809556, "repeat": 10, "number": 1}], "params": [["True", "False"]]}}, "params": {"machine": "GitHubRunner", "python": "3.8"}, "requirements": {}, "commit_hash": "9c3fb05437549f822f480d308db233e961e35e80", "date": 1603104017000, "env_name": "virtualenv-py3.8", "python": "3.8", "profiles": {}, "started_at": {"time_setup_models_and_sims.TimeBuildDFN.time_setup_DFN": 1613579654767, "time_setup_models_and_sims.TimeBuildDFNSimulation.time_setup_DFN_simulation": 1613579660740, "time_setup_models_and_sims.TimeBuildSPM.time_setup_SPM": 1613579665211, "time_setup_models_and_sims.TimeBuildSPMSimulation.time_setup_SPM_simulation": 1613579669377, "time_setup_models_and_sims.TimeBuildSPMe.time_setup_SPMe": 1613579675209, "time_setup_models_and_sims.TimeBuildSPMeSimulation.time_setup_SPMe_simulation": 1613579680329, "time_solve_models.TimeSolveDFN.time_solve_model": 1613579685053, "time_solve_models.TimeSolveSPM.time_solve_model": 1613579711801, "time_solve_models.TimeSolveSPMe.time_solve_model": 1613579722741}, "ended_at": {"time_setup_models_and_sims.TimeBuildDFN.time_setup_DFN": 1613579660739, "time_setup_models_and_sims.TimeBuildDFNSimulation.time_setup_DFN_simulation": 1613579665210, "time_setup_models_and_sims.TimeBuildSPM.time_setup_SPM": 1613579669376, "time_setup_models_and_sims.TimeBuildSPMSimulation.time_setup_SPM_simulation": 1613579675208, "time_setup_models_and_sims.TimeBuildSPMe.time_setup_SPMe": 1613579680329, "time_setup_models_and_sims.TimeBuildSPMeSimulation.time_setup_SPMe_simulation": 1613579685052, "time_solve_models.TimeSolveDFN.time_solve_model": 1613579711800, "time_solve_models.TimeSolveSPM.time_solve_model": 1613579722740, "time_solve_models.TimeSolveSPMe.time_solve_model": 1613579736387}, "benchmark_version": {"time_setup_models_and_sims.TimeBuildDFN.time_setup_DFN": "5f322e51e6b7e66125ee6949bdf25746005db467e8ffcfdcb3ace170e92bbc3d", "time_setup_models_and_sims.TimeBuildDFNSimulation.time_setup_DFN_simulation": "8de44bc542fa7d4ba28a80f24414a9444b5436673aaebba674918f5f0bfd0ebb", "time_setup_models_and_sims.TimeBuildSPM.time_setup_SPM": "0d0b3f5c67fc2da9a5794c66b70af5a45a09558d1ee95f738745385adb84fbca", "time_setup_models_and_sims.TimeBuildSPMSimulation.time_setup_SPM_simulation": "161220a99418ce4487cc29325cbae897f28d0e44ae07e1dfbfaac2cbc53a4ff9", "time_setup_models_and_sims.TimeBuildSPMe.time_setup_SPMe": "6083f5ff944353395eb4b21c97b02af555fe6528de3cd5283f5e139943945235", "time_setup_models_and_sims.TimeBuildSPMeSimulation.time_setup_SPMe_simulation": "530563cb559427795e3648d9648df9250ae100b7721f69eec356bdda7798c55e", "time_solve_models.TimeSolveDFN.time_solve_model": "914137228e20e5900cec36b0d3865f1faa2f5d479c7d6c2539514791f9ec4430", "time_solve_models.TimeSolveSPM.time_solve_model": "ef1bb5f8d1ddfa59650e20438c4b252d73e5a062714848ce1d6d5269382bc598", "time_solve_models.TimeSolveSPMe.time_solve_model": "20672028872f4620ce85e909bae705d9490de441e926510b2b0e53ff0881d87b"}, "version": 1}