{"results": {"time_setup_models_and_sims.TimeBuildDFN.time_setup_DFN": {"result": [0.7221182789999148], "stats": [{"ci_99": [0.7161171420002574, 0.7321711380000124], "q_25": 0.7202892374998555, "q_75": 0.7242607102499505, "min": 0.7161171420002574, "max": 0.7321711380000124, "mean": 0.7223716208000042, "std": 0.004357938934502912, "repeat": 10, "number": 1}]}, "time_setup_models_and_sims.TimeBuildDFNSimulation.time_setup_DFN_simulation": {"result": [0.09539015850009491, 0.18592674599995007], "stats": [{"ci_99": [0.09291274900033386, 0.09715656700018371], "q_25": 0.09418335499992736, "q_75": 0.0966234644998849, "min": 0.09291274900033386, "max": 0.09715656700018371, "mean": 0.09523895880001873, "std": 0.0014556031385593402, "repeat": 10, "number": 1}, {"ci_99": [0.1811359700000139, 0.19953435900015393], "q_25": 0.18374293349984328, "q_75": 0.19012094349989184, "min": 0.1811359700000139, "max": 0.19953435900015393, "mean": 0.18752615329995023, "std": 0.00560105453300094, "repeat": 10, "number": 1}], "params": [["False", "True"]]}, "time_setup_models_and_sims.TimeBuildSPM.time_setup_SPM": {"result": [0.5163047300000017], "stats": [{"ci_99": [0.5042986220000785, 0.5234678279998661], "q_25": 0.5109066165000513, "q_75": 0.5182803737500308, "min": 0.5042986220000785, "max": 0.5234678279998661, "mean": 0.5148975896000139, "std": 0.005748549455454437, "repeat": 10, "number": 1}]}, "time_setup_models_and_sims.TimeBuildSPMSimulation.time_setup_SPM_simulation": {"result": [0.23317071999986183, 0.43601024949998646], "stats": [{"ci_99": [0.2287212040000668, 0.2377828479998243], "q_25": 0.23186979050001355, "q_75": 0.2340818507499307, "min": 0.2287212040000668, "max": 0.2377828479998243, "mean": 0.2330496721999225, "std": 0.0022058309047849087, "repeat": 10, "number": 1}, {"ci_99": [0.4022734310001397, 0.4491180679997342], "q_25": 0.4115943262499968, "q_75": 0.44300666350022766, "min": 0.4022734310001397, "max": 0.4491180679997342, "mean": 0.4287239643000248, "std": 0.01734971537014477, "repeat": 10, "number": 1}], "params": [["False", "True"]]}, "time_setup_models_and_sims.TimeBuildSPMe.time_setup_SPMe": {"result": [0.6140896555002655], "stats": [{"ci_99": [0.5237631150002926, 0.6497665199999574], "q_25": 0.5691087612498222, "q_75": 0.6259049952500391, "min": 0.5237631150002926, "max": 0.6497665199999574, "mean": 0.5999158878000799, "std": 0.0389535556862136, "repeat": 10, "number": 1}]}, "time_setup_models_and_sims.TimeBuildSPMeSimulation.time_setup_SPMe_simulation": {"result": [0.12098733099992387, 0.23453112899983353], "stats": [{"ci_99": [0.11892247100013265, 0.13085313100009444], "q_25": 0.12010800399980326, "q_75": 0.12148911100007354, "min": 0.11892247100013265, "max": 0.13085313100009444, "mean": 0.12178747619996103, "std": 0.0032262200878305906, "repeat": 10, "number": 1}, {"ci_99": [0.22543388699978095, 0.23963215000003402], "q_25": 0.23102223800003685, "q_75": 0.23789354600000934, "min": 0.22543388699978095, "max": 0.23963215000003402, "mean": 0.2337350446999153, "std": 0.004762226626168051, "repeat": 10, "number": 1}], "params": [["False", "True"]]}, "time_solve_models.TimeSolveDFN.time_solve_model": {"result": [0.8881322204999833, 1.0487971380000545], "stats": [{"ci_99": [0.8669873589997223, 0.9359894129997883], "q_25": 0.875788201500086, "q_75": 0.9122589715000231, "min": 0.8669873589997223, "max": 0.9359894129997883, "mean": 0.8941000871249685, "std": 0.023652736015041274, "repeat": 8, "number": 1}, {"ci_99": [1.0183246800002053, 1.0802481030000308], "q_25": 1.0354656622500897, "q_75": 1.064759127499883, "min": 1.0183246800002053, "max": 1.0802481030000308, "mean": 1.0499415042999771, "std": 0.018716251093851544, "repeat": 10, "number": 1}], "params": [["True", "False"]]}, "time_solve_models.TimeSolveSPM.time_solve_model": {"result": [0.046389124000143056, 0.08329999950001366], "stats": [{"ci_99": [0.043219507000230806, 0.04769602800024586], "q_25": 0.04548821849994056, "q_75": 0.046811324500026785, "min": 0.043219507000230806, "max": 0.04769602800024586, "mean": 0.04602047110006424, "std": 0.0012251264161858818, "repeat": 10, "number": 1}, {"ci_99": [0.07839107500012688, 0.08953042800021649], "q_25": 0.08264392099999895, "q_75": 0.08386247875000663, "min": 0.07839107500012688, "max": 0.08953042800021649, "mean": 0.08349850070003413, "std": 0.002589968781481077, "repeat": 10, "number": 1}], "params": [["True", "False"]]}, "time_solve_models.TimeSolveSPMe.time_solve_model": {"result": [0.0663027675000194, 0.12359049299971048], "stats": [{"ci_99": [0.06515851299991482, 0.07140914199999315], "q_25": 0.06543598924997696, "q_75": 0.06760059950011055, "min": 0.06515851299991482, "max": 0.07140914199999315, "mean": 0.06688051090000044, "std": 0.0018478249440162845, "repeat": 10, "number": 1}, {"ci_99": [0.12198488700005328, 0.12428179399967121], "q_25": 0.12247778850019131, "q_75": 0.12421877274982762, "min": 0.12198488700005328, "max": 0.12428179399967121, "mean": 0.12335127189994637, "std": 0.0009146041760351777, "repeat": 10, "number": 1}], "params": [["True", "False"]]}}, "params": {"machine": "GitHubRunner", "python": "3.8"}, "requirements": {}, "commit_hash": "9d42dfe69834c436f6aae40c756d2f8085df958d", "date": 1607270140000, "env_name": "virtualenv-py3.8", "python": "3.8", "profiles": {}, "started_at": {"time_setup_models_and_sims.TimeBuildDFN.time_setup_DFN": 1613577141560, "time_setup_models_and_sims.TimeBuildDFNSimulation.time_setup_DFN_simulation": 1613577146127, "time_setup_models_and_sims.TimeBuildSPM.time_setup_SPM": 1613577148042, "time_setup_models_and_sims.TimeBuildSPMSimulation.time_setup_SPM_simulation": 1613577151408, "time_setup_models_and_sims.TimeBuildSPMe.time_setup_SPMe": 1613577155632, "time_setup_models_and_sims.TimeBuildSPMeSimulation.time_setup_SPMe_simulation": 1613577159350, "time_solve_models.TimeSolveDFN.time_solve_model": 1613577161769, "time_solve_models.TimeSolveSPM.time_solve_model": 1613577187112, "time_solve_models.TimeSolveSPMe.time_solve_model": 1613577196448}, "ended_at": {"time_setup_models_and_sims.TimeBuildDFN.time_setup_DFN": 1613577146126, "time_setup_models_and_sims.TimeBuildDFNSimulation.time_setup_DFN_simulation": 1613577148040, "time_setup_models_and_sims.TimeBuildSPM.time_setup_SPM": 1613577151407, "time_setup_models_and_sims.TimeBuildSPMSimulation.time_setup_SPM_simulation": 1613577155631, "time_setup_models_and_sims.TimeBuildSPMe.time_setup_SPMe": 1613577159350, "time_setup_models_and_sims.TimeBuildSPMeSimulation.time_setup_SPMe_simulation": 1613577161769, "time_solve_models.TimeSolveDFN.time_solve_model": 1613577187111, "time_solve_models.TimeSolveSPM.time_solve_model": 1613577196447, "time_solve_models.TimeSolveSPMe.time_solve_model": 1613577207945}, "benchmark_version": {"time_setup_models_and_sims.TimeBuildDFN.time_setup_DFN": "5f322e51e6b7e66125ee6949bdf25746005db467e8ffcfdcb3ace170e92bbc3d", "time_setup_models_and_sims.TimeBuildDFNSimulation.time_setup_DFN_simulation": "8de44bc542fa7d4ba28a80f24414a9444b5436673aaebba674918f5f0bfd0ebb", "time_setup_models_and_sims.TimeBuildSPM.time_setup_SPM": "0d0b3f5c67fc2da9a5794c66b70af5a45a09558d1ee95f738745385adb84fbca", "time_setup_models_and_sims.TimeBuildSPMSimulation.time_setup_SPM_simulation": "161220a99418ce4487cc29325cbae897f28d0e44ae07e1dfbfaac2cbc53a4ff9", "time_setup_models_and_sims.TimeBuildSPMe.time_setup_SPMe": "6083f5ff944353395eb4b21c97b02af555fe6528de3cd5283f5e139943945235", "time_setup_models_and_sims.TimeBuildSPMeSimulation.time_setup_SPMe_simulation": "530563cb559427795e3648d9648df9250ae100b7721f69eec356bdda7798c55e", "time_solve_models.TimeSolveDFN.time_solve_model": "914137228e20e5900cec36b0d3865f1faa2f5d479c7d6c2539514791f9ec4430", "time_solve_models.TimeSolveSPM.time_solve_model": "ef1bb5f8d1ddfa59650e20438c4b252d73e5a062714848ce1d6d5269382bc598", "time_solve_models.TimeSolveSPMe.time_solve_model": "20672028872f4620ce85e909bae705d9490de441e926510b2b0e53ff0881d87b"}, "version": 1}