{"results": {"time_setup_models_and_sims.TimeBuildDFN.time_setup_DFN": {"result": [0.7994148939997103], "stats": [{"ci_99": [0.7896161839998967, 0.8209119759994792], "q_25": 0.7945042882502094, "q_75": 0.8055956077500923, "min": 0.7896161839998967, "max": 0.8209119759994792, "mean": 0.8015791974999956, "std": 0.010149368260449834, "repeat": 10, "number": 1}]}, "time_setup_models_and_sims.TimeBuildDFNSimulation.time_setup_DFN_simulation": {"result": [0.07463100200038753, 0.14660223800001404], "stats": [{"ci_99": [0.07424695000008796, 0.07533435599907534], "q_25": 0.07445780100033517, "q_75": 0.07474540275006802, "min": 0.07424695000008796, "max": 0.07533435599907534, "mean": 0.07468223230007424, "std": 0.0003456193141282492, "repeat": 10, "number": 1}, {"ci_99": [0.14525547999983246, 0.15071711299970048], "q_25": 0.14599741024994728, "q_75": 0.14747111899941956, "min": 0.14525547999983246, "max": 0.15071711299970048, "mean": 0.14707380129966624, "std": 0.0015905015624236465, "repeat": 10, "number": 1}], "params": [["False", "True"]]}, "time_setup_models_and_sims.TimeBuildSPM.time_setup_SPM": {"result": [0.5381837619988801], "stats": [{"ci_99": [0.526770492999276, 0.550757536000674], "q_25": 0.5322077507507856, "q_75": 0.5463434102484825, "min": 0.526770492999276, "max": 0.550757536000674, "mean": 0.538786534999599, "std": 0.008399880167885457, "repeat": 10, "number": 1}]}, "time_setup_models_and_sims.TimeBuildSPMSimulation.time_setup_SPM_simulation": {"result": [0.19081435599946417, 0.356227408500672], "stats": [{"ci_99": [0.18724953400123923, 0.1941743770003086], "q_25": 0.18976772499991057, "q_75": 0.19180203675068697, "min": 0.18724953400123923, "max": 0.1941743770003086, "mean": 0.19069953540001733, "std": 0.002065050270633375, "repeat": 10, "number": 1}, {"ci_99": [0.3535097420008242, 0.3637886039996374], "q_25": 0.35520340250150184, "q_75": 0.3569969885002138, "min": 0.3535097420008242, "max": 0.3637886039996374, "mean": 0.357130194000456, "std": 0.0030571116417639193, "repeat": 10, "number": 1}], "params": [["False", "True"]]}, "time_setup_models_and_sims.TimeBuildSPMe.time_setup_SPMe": {"result": [0.6721382239993545], "stats": [{"ci_99": [0.658626592001383, 0.6770933029984008], "q_25": 0.6641347485001461, "q_75": 0.6754182672502793, "min": 0.658626592001383, "max": 0.6770933029984008, "mean": 0.6695241969999188, "std": 0.006839103745539525, "repeat": 10, "number": 1}]}, "time_setup_models_and_sims.TimeBuildSPMeSimulation.time_setup_SPMe_simulation": {"result": [0.09556562900070276, 0.1851479714996458], "stats": [{"ci_99": [0.09489467500134197, 0.09694158700040134], "q_25": 0.09543602825033304, "q_75": 0.09594358100048339, "min": 0.09489467500134197, "max": 0.09694158700040134, "mean": 0.09573618010053905, "std": 0.0006224033120251076, "repeat": 10, "number": 1}, {"ci_99": [0.18239280600027996, 0.19267316699915682], "q_25": 0.1841954162505317, "q_75": 0.1856784240003435, "min": 0.18239280600027996, "max": 0.19267316699915682, "mean": 0.18549432380004874, "std": 0.00266146453035425, "repeat": 10, "number": 1}], "params": [["False", "True"]]}, "time_solve_models.TimeSolveDFN.time_solve_model": {"result": [1.1920836714998586, 1.3487672715009467], "stats": [{"ci_99": [1.1513207770003646, 1.2219473019995348], "q_25": 1.1780663889999232, "q_75": 1.1935902077507308, "min": 1.1513207770003646, "max": 1.2219473019995348, "mean": 1.1874869616667638, "std": 0.021490793853358156, "repeat": 6, "number": 1}, {"ci_99": [1.3151428660003148, 1.3778118489990447], "q_25": 1.3370195020011124, "q_75": 1.355822287999672, "min": 1.3151428660003148, "max": 1.3778118489990447, "mean": 1.348049379750364, "std": 0.018454867027180008, "repeat": 8, "number": 1}], "params": [["True", "False"]]}, "time_solve_models.TimeSolveSPM.time_solve_model": {"result": [0.05524078499911411, 0.09234540899979038], "stats": [{"ci_99": [0.04817579199880129, 0.06258417900062341], "q_25": 0.05157056300095064, "q_75": 0.0563417162497899, "min": 0.04817579199880129, "max": 0.06258417900062341, "mean": 0.05445053999992524, "std": 0.004100116388482684, "repeat": 10, "number": 1}, {"ci_99": [0.08923254100045597, 0.10916306199942483], "q_25": 0.09107807675081858, "q_75": 0.09298386349883003, "min": 0.08923254100045597, "max": 0.10916306199942483, "mean": 0.09357185699973343, "std": 0.005372531099957862, "repeat": 10, "number": 1}], "params": [["True", "False"]]}, "time_solve_models.TimeSolveSPMe.time_solve_model": {"result": [0.08824933500000043, 0.1432294175001516], "stats": [{"ci_99": [0.0861775220000709, 0.08881543799907377], "q_25": 0.08776295724919692, "q_75": 0.08869578675012235, "min": 0.0861775220000709, "max": 0.08881543799907377, "mean": 0.08796699289996468, "std": 0.0008937581737734885, "repeat": 10, "number": 1}, {"ci_99": [0.12350364799931413, 0.15455453600043256], "q_25": 0.1306413915003759, "q_75": 0.14543933125059993, "min": 0.12350364799931413, "max": 0.15455453600043256, "mean": 0.13945252480007184, "std": 0.00928197615751855, "repeat": 10, "number": 1}], "params": [["True", "False"]]}}, "params": {"machine": "GitHubRunner", "python": "3.8"}, "requirements": {}, "commit_hash": "a45f180b8d55d00882c4f56d64c557cdf97e819e", "date": 1590077139000, "env_name": "virtualenv-py3.8", "python": "3.8", "profiles": {}, "started_at": {"time_setup_models_and_sims.TimeBuildDFN.time_setup_DFN": 1613584285792, "time_setup_models_and_sims.TimeBuildDFNSimulation.time_setup_DFN_simulation": 1613584290763, "time_setup_models_and_sims.TimeBuildSPM.time_setup_SPM": 1613584292325, "time_setup_models_and_sims.TimeBuildSPMSimulation.time_setup_SPM_simulation": 1613584295840, "time_setup_models_and_sims.TimeBuildSPMe.time_setup_SPMe": 1613584299410, "time_setup_models_and_sims.TimeBuildSPMeSimulation.time_setup_SPMe_simulation": 1613584303678, "time_solve_models.TimeSolveDFN.time_solve_model": 1613584305545, "time_solve_models.TimeSolveSPM.time_solve_model": 1613584331393, "time_solve_models.TimeSolveSPMe.time_solve_model": 1613584340937}, "ended_at": {"time_setup_models_and_sims.TimeBuildDFN.time_setup_DFN": 1613584290763, "time_setup_models_and_sims.TimeBuildDFNSimulation.time_setup_DFN_simulation": 1613584292325, "time_setup_models_and_sims.TimeBuildSPM.time_setup_SPM": 1613584295840, "time_setup_models_and_sims.TimeBuildSPMSimulation.time_setup_SPM_simulation": 1613584299410, "time_setup_models_and_sims.TimeBuildSPMe.time_setup_SPMe": 1613584303677, "time_setup_models_and_sims.TimeBuildSPMeSimulation.time_setup_SPMe_simulation": 1613584305544, "time_solve_models.TimeSolveDFN.time_solve_model": 1613584331392, "time_solve_models.TimeSolveSPM.time_solve_model": 1613584340936, "time_solve_models.TimeSolveSPMe.time_solve_model": 1613584352685}, "benchmark_version": {"time_setup_models_and_sims.TimeBuildDFN.time_setup_DFN": "5f322e51e6b7e66125ee6949bdf25746005db467e8ffcfdcb3ace170e92bbc3d", "time_setup_models_and_sims.TimeBuildDFNSimulation.time_setup_DFN_simulation": "8de44bc542fa7d4ba28a80f24414a9444b5436673aaebba674918f5f0bfd0ebb", "time_setup_models_and_sims.TimeBuildSPM.time_setup_SPM": "0d0b3f5c67fc2da9a5794c66b70af5a45a09558d1ee95f738745385adb84fbca", "time_setup_models_and_sims.TimeBuildSPMSimulation.time_setup_SPM_simulation": "161220a99418ce4487cc29325cbae897f28d0e44ae07e1dfbfaac2cbc53a4ff9", "time_setup_models_and_sims.TimeBuildSPMe.time_setup_SPMe": "6083f5ff944353395eb4b21c97b02af555fe6528de3cd5283f5e139943945235", "time_setup_models_and_sims.TimeBuildSPMeSimulation.time_setup_SPMe_simulation": "530563cb559427795e3648d9648df9250ae100b7721f69eec356bdda7798c55e", "time_solve_models.TimeSolveDFN.time_solve_model": "914137228e20e5900cec36b0d3865f1faa2f5d479c7d6c2539514791f9ec4430", "time_solve_models.TimeSolveSPM.time_solve_model": "ef1bb5f8d1ddfa59650e20438c4b252d73e5a062714848ce1d6d5269382bc598", "time_solve_models.TimeSolveSPMe.time_solve_model": "20672028872f4620ce85e909bae705d9490de441e926510b2b0e53ff0881d87b"}, "version": 1}