{"results": {"time_setup_models_and_sims.TimeBuildDFN.time_setup_DFN": {"result": [0.9463599914997758], "stats": [{"ci_99": [0.9365545780001412, 0.9548457939999935], "q_25": 0.945202836999897, "q_75": 0.9506676762500774, "min": 0.9365545780001412, "max": 0.9548457939999935, "mean": 0.9468498436998743, "std": 0.00531534854517591, "repeat": 10, "number": 1}]}, "time_setup_models_and_sims.TimeBuildDFNSimulation.time_setup_DFN_simulation": {"result": [0.23495803399964643, 0.46070430850022603], "stats": [{"ci_99": [0.23344916499991086, 0.24187923800036515], "q_25": 0.23422138975001872, "q_75": 0.23685975074999988, "min": 0.23344916499991086, "max": 0.24187923800036515, "mean": 0.23593411029987693, "std": 0.0025086908683106773, "repeat": 10, "number": 1}, {"ci_99": [0.3967622219997793, 0.4723875629997565], "q_25": 0.4101818064998497, "q_75": 0.46801676050017704, "min": 0.3967622219997793, "max": 0.4723875629997565, "mean": 0.4422324010000921, "std": 0.030834978725066284, "repeat": 10, "number": 1}], "params": [["False", "True"]]}, "time_setup_models_and_sims.TimeBuildSPM.time_setup_SPM": {"result": [0.6514979610001319], "stats": [{"ci_99": [0.6339381730003879, 0.679049612000199], "q_25": 0.6386169785000675, "q_75": 0.6608345729994198, "min": 0.6339381730003879, "max": 0.679049612000199, "mean": 0.6524531174999538, "std": 0.014750130514210463, "repeat": 10, "number": 1}]}, "time_setup_models_and_sims.TimeBuildSPMSimulation.time_setup_SPM_simulation": {"result": [0.31202646849988014, 0.6014595670003473], "stats": [{"ci_99": [0.3087154349996126, 0.3203743329995632], "q_25": 0.3103029197502565, "q_75": 0.3135519907500566, "min": 0.3087154349996126, "max": 0.3203743329995632, "mean": 0.31262471209993237, "std": 0.0032821098465517307, "repeat": 10, "number": 1}, {"ci_99": [0.5967196380006499, 0.6117962829994212], "q_25": 0.5999077700002999, "q_75": 0.605688081000153, "min": 0.5967196380006499, "max": 0.6117962829994212, "mean": 0.6029200812003183, "std": 0.004537102095684254, "repeat": 10, "number": 1}], "params": [["False", "True"]]}, "time_setup_models_and_sims.TimeBuildSPMe.time_setup_SPMe": {"result": [0.7923805914997502], "stats": [{"ci_99": [0.7810194879994015, 0.8076747220002289], "q_25": 0.7864397730002111, "q_75": 0.7972608802499508, "min": 0.7810194879994015, "max": 0.8076747220002289, "mean": 0.7925041030000102, "std": 0.007596001499823287, "repeat": 10, "number": 1}]}, "time_setup_models_and_sims.TimeBuildSPMeSimulation.time_setup_SPMe_simulation": {"result": [0.2500760345001254, 0.49764341250011057], "stats": [{"ci_99": [0.2478109499998027, 0.25254790100007085], "q_25": 0.2487190560000272, "q_75": 0.2513785679998364, "min": 0.2478109499998027, "max": 0.25254790100007085, "mean": 0.2501408150000316, "std": 0.0015667705547634892, "repeat": 10, "number": 1}, {"ci_99": [0.4934973859999445, 0.49956376400041336], "q_25": 0.4951739769996948, "q_75": 0.49830242149960213, "min": 0.4934973859999445, "max": 0.49956376400041336, "mean": 0.4968315871999039, "std": 0.0019596618223705863, "repeat": 10, "number": 1}], "params": [["False", "True"]]}, "time_solve_models.TimeSolveDFN.time_solve_model": {"result": [1.19346900049959, 1.408187431499755], "stats": [{"ci_99": [1.171285140141719, 1.221142159857607], "q_25": 1.183742162249473, "q_75": 1.2094840277502499, "min": 1.178679660999478, "max": 1.216341984999417, "mean": 1.1962136499996632, "std": 0.01455574132525238, "repeat": 6, "number": 1}, {"ci_99": [1.3811282149999897, 1.4367360710002686], "q_25": 1.390909896249923, "q_75": 1.4200248309996368, "min": 1.3811282149999897, "max": 1.4367360710002686, "mean": 1.407163626499937, "std": 0.01851462296040892, "repeat": 8, "number": 1}], "params": [["True", "False"]]}, "time_solve_models.TimeSolveSPM.time_solve_model": {"result": [0.05324173400003929, 0.09116842050025298], "stats": [{"ci_99": [0.0515410250000059, 0.05929626899978757], "q_25": 0.052856929000427044, "q_75": 0.053928289499708626, "min": 0.0515410250000059, "max": 0.05929626899978757, "mean": 0.05375697680001394, "std": 0.0019744707073580565, "repeat": 10, "number": 1}, {"ci_99": [0.08561103900046874, 0.09664550800061988], "q_25": 0.08988520900015828, "q_75": 0.09162847199968382, "min": 0.08561103900046874, "max": 0.09664550800061988, "mean": 0.09092479890014146, "std": 0.002612004869639237, "repeat": 10, "number": 1}], "params": [["True", "False"]]}, "time_solve_models.TimeSolveSPMe.time_solve_model": {"result": [0.08814619799977663, 0.15010499350046302], "stats": [{"ci_99": [0.07714678499996808, 0.09871821399974579], "q_25": 0.08482660224967731, "q_75": 0.0924810060002983, "min": 0.07714678499996808, "max": 0.09871821399974579, "mean": 0.08799572019997867, "std": 0.006091276136332153, "repeat": 10, "number": 1}, {"ci_99": [0.14554220399986662, 0.1647671350001474], "q_25": 0.14760729149952567, "q_75": 0.1519245295003202, "min": 0.14554220399986662, "max": 0.1647671350001474, "mean": 0.15113465430013093, "std": 0.0051532743642620825, "repeat": 10, "number": 1}], "params": [["True", "False"]]}}, "params": {"machine": "GitHubRunner", "python": "3.8"}, "requirements": {}, "commit_hash": "a975b9f3e8932956ea81f4422ed375a3c616571c", "date": 1603638305000, "env_name": "virtualenv-py3.8", "python": "3.8", "profiles": {}, "started_at": {"time_setup_models_and_sims.TimeBuildDFN.time_setup_DFN": 1613578971642, "time_setup_models_and_sims.TimeBuildDFNSimulation.time_setup_DFN_simulation": 1613578977615, "time_setup_models_and_sims.TimeBuildSPM.time_setup_SPM": 1613578982139, "time_setup_models_and_sims.TimeBuildSPMSimulation.time_setup_SPM_simulation": 1613578986307, "time_setup_models_and_sims.TimeBuildSPMe.time_setup_SPMe": 1613578992133, "time_setup_models_and_sims.TimeBuildSPMeSimulation.time_setup_SPMe_simulation": 1613578997152, "time_solve_models.TimeSolveDFN.time_solve_model": 1613579001925, "time_solve_models.TimeSolveSPM.time_solve_model": 1613579029122, "time_solve_models.TimeSolveSPMe.time_solve_model": 1613579040315}, "ended_at": {"time_setup_models_and_sims.TimeBuildDFN.time_setup_DFN": 1613578977615, "time_setup_models_and_sims.TimeBuildDFNSimulation.time_setup_DFN_simulation": 1613578982138, "time_setup_models_and_sims.TimeBuildSPM.time_setup_SPM": 1613578986306, "time_setup_models_and_sims.TimeBuildSPMSimulation.time_setup_SPM_simulation": 1613578992132, "time_setup_models_and_sims.TimeBuildSPMe.time_setup_SPMe": 1613578997152, "time_setup_models_and_sims.TimeBuildSPMeSimulation.time_setup_SPMe_simulation": 1613579001924, "time_solve_models.TimeSolveDFN.time_solve_model": 1613579029121, "time_solve_models.TimeSolveSPM.time_solve_model": 1613579040314, "time_solve_models.TimeSolveSPMe.time_solve_model": 1613579054466}, "benchmark_version": {"time_setup_models_and_sims.TimeBuildDFN.time_setup_DFN": "5f322e51e6b7e66125ee6949bdf25746005db467e8ffcfdcb3ace170e92bbc3d", "time_setup_models_and_sims.TimeBuildDFNSimulation.time_setup_DFN_simulation": "8de44bc542fa7d4ba28a80f24414a9444b5436673aaebba674918f5f0bfd0ebb", "time_setup_models_and_sims.TimeBuildSPM.time_setup_SPM": "0d0b3f5c67fc2da9a5794c66b70af5a45a09558d1ee95f738745385adb84fbca", "time_setup_models_and_sims.TimeBuildSPMSimulation.time_setup_SPM_simulation": "161220a99418ce4487cc29325cbae897f28d0e44ae07e1dfbfaac2cbc53a4ff9", "time_setup_models_and_sims.TimeBuildSPMe.time_setup_SPMe": "6083f5ff944353395eb4b21c97b02af555fe6528de3cd5283f5e139943945235", "time_setup_models_and_sims.TimeBuildSPMeSimulation.time_setup_SPMe_simulation": "530563cb559427795e3648d9648df9250ae100b7721f69eec356bdda7798c55e", "time_solve_models.TimeSolveDFN.time_solve_model": "914137228e20e5900cec36b0d3865f1faa2f5d479c7d6c2539514791f9ec4430", "time_solve_models.TimeSolveSPM.time_solve_model": "ef1bb5f8d1ddfa59650e20438c4b252d73e5a062714848ce1d6d5269382bc598", "time_solve_models.TimeSolveSPMe.time_solve_model": "20672028872f4620ce85e909bae705d9490de441e926510b2b0e53ff0881d87b"}, "version": 1}