{"results": {"time_setup_models_and_sims.TimeBuildDFN.time_setup_DFN": {"result": [0.9422365435000017], "stats": [{"ci_99": [0.8032629159999942, 0.9662574719999952], "q_25": 0.9341909082500024, "q_75": 0.9573851344999724, "min": 0.8032629159999942, "max": 0.9662574719999952, "mean": 0.9309245008000004, "std": 0.04541614517574375, "repeat": 10, "number": 1}]}, "time_setup_models_and_sims.TimeBuildDFNSimulation.time_setup_DFN_simulation": {"result": [0.11578780849995951, 0.18912597950000531], "stats": [{"ci_99": [0.11441877800001521, 0.12351057999995874], "q_25": 0.11525824724998301, "q_75": 0.11668626074997235, "min": 0.11441877800001521, "max": 0.12351057999995874, "mean": 0.11659581919998345, "std": 0.002527165666229241, "repeat": 10, "number": 1}, {"ci_99": [0.17810199699999885, 0.19728079199995818], "q_25": 0.1815840320000035, "q_75": 0.19528079700002365, "min": 0.17810199699999885, "max": 0.19728079199995818, "mean": 0.18829363740000532, "std": 0.007193270020931763, "repeat": 10, "number": 1}], "params": [["False", "True"]]}, "time_setup_models_and_sims.TimeBuildSPM.time_setup_SPM": {"result": [0.5283795894999628], "stats": [{"ci_99": [0.5210072460000106, 0.5398892039999623], "q_25": 0.52407745699999, "q_75": 0.531493131500028, "min": 0.5210072460000106, "max": 0.5398892039999623, "mean": 0.5284336157999917, "std": 0.0054760301714094515, "repeat": 10, "number": 1}]}, "time_setup_models_and_sims.TimeBuildSPMSimulation.time_setup_SPM_simulation": {"result": [0.11217196999999146, 0.17157505250000327], "stats": [{"ci_99": [0.11035439500000166, 0.11534411999997474], "q_25": 0.11124187875002178, "q_75": 0.11261007149997226, "min": 0.11035439500000166, "max": 0.11534411999997474, "mean": 0.11215882199999214, "std": 0.001361442594538226, "repeat": 10, "number": 1}, {"ci_99": [0.16863736599998447, 0.17567289100003336], "q_25": 0.17058210175, "q_75": 0.17307562750002603, "min": 0.16863736599998447, "max": 0.17567289100003336, "mean": 0.171658487600007, "std": 0.00206513047668111, "repeat": 10, "number": 1}], "params": [["False", "True"]]}, "time_setup_models_and_sims.TimeBuildSPMe.time_setup_SPMe": {"result": [0.7737535395000066], "stats": [{"ci_99": [0.7606020349999767, 0.7792230969999991], "q_25": 0.7717891475000016, "q_75": 0.7767394300000063, "min": 0.7606020349999767, "max": 0.7792230969999991, "mean": 0.7732748249999986, "std": 0.005223874498139731, "repeat": 10, "number": 1}]}, "time_setup_models_and_sims.TimeBuildSPMeSimulation.time_setup_SPMe_simulation": {"result": [0.12239255950001393, 0.2096293815000081], "stats": [{"ci_99": [0.1217302709999899, 0.12826105100003815], "q_25": 0.12195057050001878, "q_75": 0.12333915050000144, "min": 0.1217302709999899, "max": 0.12826105100003815, "mean": 0.12308033960000557, "std": 0.0018524577512060072, "repeat": 10, "number": 1}, {"ci_99": [0.20682935799999314, 0.21622739000002866], "q_25": 0.2078675654999671, "q_75": 0.21089682500002027, "min": 0.20682935799999314, "max": 0.21622739000002866, "mean": 0.20987132220000718, "std": 0.002598723594860372, "repeat": 10, "number": 1}], "params": [["False", "True"]]}, "time_solve_models.TimeSolveDFN.time_solve_model": {"result": [0.7540135555000234, 0.8880725595000172], "stats": [{"ci_99": [0.7362045209999906, 0.7610050449999903], "q_25": 0.740463286750014, "q_75": 0.7559396264999805, "min": 0.7362045209999906, "max": 0.7610050449999903, "mean": 0.7496426595000045, "std": 0.008944685846037559, "repeat": 8, "number": 1}, {"ci_99": [0.8615313639999727, 0.9056180380000569], "q_25": 0.8797966719999835, "q_75": 0.8942782579999857, "min": 0.8615313639999727, "max": 0.9056180380000569, "mean": 0.8855228711999927, "std": 0.012410094464361775, "repeat": 10, "number": 1}], "params": [["True", "False"]]}, "time_solve_models.TimeSolveSPM.time_solve_model": {"result": [0.03889629700000796, 0.06475263849995372], "stats": [{"ci_99": [0.03786619900000687, 0.039621948999979395], "q_25": 0.038632058250016144, "q_75": 0.0389897492500495, "min": 0.03786619900000687, "max": 0.039621948999979395, "mean": 0.03883023310000908, "std": 0.0005271729075670332, "repeat": 10, "number": 1}, {"ci_99": [0.06325390199998537, 0.06670164100000875], "q_25": 0.0642585529999451, "q_75": 0.06502501949998418, "min": 0.06325390199998537, "max": 0.06670164100000875, "mean": 0.06478735169998799, "std": 0.0009999062227829898, "repeat": 10, "number": 1}], "params": [["True", "False"]]}, "time_solve_models.TimeSolveSPMe.time_solve_model": {"result": [0.05369150899997521, 0.10106381449998025], "stats": [{"ci_99": [0.05286245399997824, 0.05965930800005026], "q_25": 0.0533226267500595, "q_75": 0.054028730250010426, "min": 0.05286245399997824, "max": 0.05965930800005026, "mean": 0.054285520000001954, "std": 0.0018807031337607933, "repeat": 10, "number": 1}, {"ci_99": [0.09392088599997805, 0.11365164800002958], "q_25": 0.09719761999998866, "q_75": 0.10211106075001908, "min": 0.09392088599997805, "max": 0.11365164800002958, "mean": 0.10074996440000064, "std": 0.0052344259500731755, "repeat": 10, "number": 1}], "params": [["True", "False"]]}}, "params": {"machine": "GitHubRunner", "python": "3.8"}, "requirements": {}, "commit_hash": "aa3747ee879327ae22f8484909022654422f8772", "date": 1612976236000, "env_name": "virtualenv-py3.8", "python": "3.8", "profiles": {}, "started_at": {"time_setup_models_and_sims.TimeBuildDFN.time_setup_DFN": 1613574049102, "time_setup_models_and_sims.TimeBuildDFNSimulation.time_setup_DFN_simulation": 1613574054878, "time_setup_models_and_sims.TimeBuildSPM.time_setup_SPM": 1613574056994, "time_setup_models_and_sims.TimeBuildSPMSimulation.time_setup_SPM_simulation": 1613574060465, "time_setup_models_and_sims.TimeBuildSPMe.time_setup_SPMe": 1613574062379, "time_setup_models_and_sims.TimeBuildSPMeSimulation.time_setup_SPMe_simulation": 1613574067401, "time_solve_models.TimeSolveDFN.time_solve_model": 1613574069666, "time_solve_models.TimeSolveSPM.time_solve_model": 1613574096205, "time_solve_models.TimeSolveSPMe.time_solve_model": 1613574105642}, "ended_at": {"time_setup_models_and_sims.TimeBuildDFN.time_setup_DFN": 1613574054878, "time_setup_models_and_sims.TimeBuildDFNSimulation.time_setup_DFN_simulation": 1613574056993, "time_setup_models_and_sims.TimeBuildSPM.time_setup_SPM": 1613574060465, "time_setup_models_and_sims.TimeBuildSPMSimulation.time_setup_SPM_simulation": 1613574062378, "time_setup_models_and_sims.TimeBuildSPMe.time_setup_SPMe": 1613574067401, "time_setup_models_and_sims.TimeBuildSPMeSimulation.time_setup_SPMe_simulation": 1613574069666, "time_solve_models.TimeSolveDFN.time_solve_model": 1613574096204, "time_solve_models.TimeSolveSPM.time_solve_model": 1613574105642, "time_solve_models.TimeSolveSPMe.time_solve_model": 1613574119393}, "benchmark_version": {"time_setup_models_and_sims.TimeBuildDFN.time_setup_DFN": "5f322e51e6b7e66125ee6949bdf25746005db467e8ffcfdcb3ace170e92bbc3d", "time_setup_models_and_sims.TimeBuildDFNSimulation.time_setup_DFN_simulation": "8de44bc542fa7d4ba28a80f24414a9444b5436673aaebba674918f5f0bfd0ebb", "time_setup_models_and_sims.TimeBuildSPM.time_setup_SPM": "0d0b3f5c67fc2da9a5794c66b70af5a45a09558d1ee95f738745385adb84fbca", "time_setup_models_and_sims.TimeBuildSPMSimulation.time_setup_SPM_simulation": "161220a99418ce4487cc29325cbae897f28d0e44ae07e1dfbfaac2cbc53a4ff9", "time_setup_models_and_sims.TimeBuildSPMe.time_setup_SPMe": "6083f5ff944353395eb4b21c97b02af555fe6528de3cd5283f5e139943945235", "time_setup_models_and_sims.TimeBuildSPMeSimulation.time_setup_SPMe_simulation": "530563cb559427795e3648d9648df9250ae100b7721f69eec356bdda7798c55e", "time_solve_models.TimeSolveDFN.time_solve_model": "914137228e20e5900cec36b0d3865f1faa2f5d479c7d6c2539514791f9ec4430", "time_solve_models.TimeSolveSPM.time_solve_model": "ef1bb5f8d1ddfa59650e20438c4b252d73e5a062714848ce1d6d5269382bc598", "time_solve_models.TimeSolveSPMe.time_solve_model": "20672028872f4620ce85e909bae705d9490de441e926510b2b0e53ff0881d87b"}, "version": 1}