{"results": {"time_setup_models_and_sims.TimeBuildDFN.time_setup_DFN": {"result": [0.9450687385000265], "stats": [{"ci_99": [0.9126442589999897, 0.9846898969999529], "q_25": 0.9272407282500126, "q_75": 0.9712169215000017, "min": 0.9126442589999897, "max": 0.9846898969999529, "mean": 0.9487498265999988, "std": 0.024862290534640053, "repeat": 10, "number": 1}]}, "time_setup_models_and_sims.TimeBuildDFNSimulation.time_setup_DFN_simulation": {"result": [0.11734718800005339, 0.19662619799993308], "stats": [{"ci_99": [0.1103284949999761, 0.12442079099992043], "q_25": 0.11455745474995638, "q_75": 0.11805124800002886, "min": 0.1103284949999761, "max": 0.12442079099992043, "mean": 0.11669210929999281, "std": 0.0035800282980606034, "repeat": 10, "number": 1}, {"ci_99": [0.1895705329999373, 0.20124783500000376], "q_25": 0.1957288117499445, "q_75": 0.1993678232499292, "min": 0.1895705329999373, "max": 0.20124783500000376, "mean": 0.19688882879995617, "std": 0.0031443942279894867, "repeat": 10, "number": 1}], "params": [["False", "True"]]}, "time_setup_models_and_sims.TimeBuildSPM.time_setup_SPM": {"result": [0.5257102795000037], "stats": [{"ci_99": [0.4950336839999636, 0.546661290999964], "q_25": 0.5127151622500037, "q_75": 0.5405971405000969, "min": 0.4950336839999636, "max": 0.546661290999964, "mean": 0.5250951836000126, "std": 0.016687881055761102, "repeat": 10, "number": 1}]}, "time_setup_models_and_sims.TimeBuildSPMSimulation.time_setup_SPM_simulation": {"result": [0.11461296600003834, 0.176667198500013], "stats": [{"ci_99": [0.11121079300005476, 0.12466918299992358], "q_25": 0.11199927399999865, "q_75": 0.11570749550003256, "min": 0.11121079300005476, "max": 0.12466918299992358, "mean": 0.11490428720002228, "std": 0.00373192410673796, "repeat": 10, "number": 1}, {"ci_99": [0.17272418400000333, 0.18770302799998717], "q_25": 0.17468980825015024, "q_75": 0.17859832999994296, "min": 0.17272418400000333, "max": 0.18770302799998717, "mean": 0.17757555870000488, "std": 0.0041293635891134235, "repeat": 10, "number": 1}], "params": [["False", "True"]]}, "time_setup_models_and_sims.TimeBuildSPMe.time_setup_SPMe": {"result": [0.788057464499957], "stats": [{"ci_99": [0.7681606249998367, 0.8078733940001257], "q_25": 0.7823806522500263, "q_75": 0.7990190037500611, "min": 0.7681606249998367, "max": 0.8078733940001257, "mean": 0.7895186428999977, "std": 0.012695999620447129, "repeat": 10, "number": 1}]}, "time_setup_models_and_sims.TimeBuildSPMeSimulation.time_setup_SPMe_simulation": {"result": [0.12367511499996908, 0.21279853399994408], "stats": [{"ci_99": [0.11803603600014867, 0.13483754499998213], "q_25": 0.1207970324999792, "q_75": 0.12492116149991261, "min": 0.11803603600014867, "max": 0.13483754499998213, "mean": 0.12375321239999267, "std": 0.004337773345164948, "repeat": 10, "number": 1}, {"ci_99": [0.2047046190000401, 0.22547557699999743], "q_25": 0.2076301162501295, "q_75": 0.21734469300002957, "min": 0.2047046190000401, "max": 0.22547557699999743, "mean": 0.2136645384000076, "std": 0.007207542122757658, "repeat": 10, "number": 1}], "params": [["False", "True"]]}, "time_solve_models.TimeSolveDFN.time_solve_model": {"result": [0.7300394100000176, 0.8892632739999726], "stats": [{"ci_99": [0.7211401700001261, 0.7500624110000444], "q_25": 0.7248570987500216, "q_75": 0.738883323749917, "min": 0.7211401700001261, "max": 0.7500624110000444, "mean": 0.7325188011250248, "std": 0.009765103962838887, "repeat": 8, "number": 1}, {"ci_99": [0.8782066629999008, 0.9071878620000007], "q_25": 0.8858389527500208, "q_75": 0.9003221552499099, "min": 0.8782066629999008, "max": 0.9071878620000007, "mean": 0.89151452589997, "std": 0.009950110162190186, "repeat": 10, "number": 1}], "params": [["True", "False"]]}, "time_solve_models.TimeSolveSPM.time_solve_model": {"result": [0.0390843264999603, 0.06459130450002704], "stats": [{"ci_99": [0.0347306319999916, 0.0462739459999284], "q_25": 0.03761145025003998, "q_75": 0.039792348999981186, "min": 0.0347306319999916, "max": 0.0462739459999284, "mean": 0.0390869875999897, "std": 0.002938190328048347, "repeat": 10, "number": 1}, {"ci_99": [0.06309841899997082, 0.07155783100006374], "q_25": 0.06369714724996811, "q_75": 0.06573701224994011, "min": 0.06309841899997082, "max": 0.07155783100006374, "mean": 0.06526841929999136, "std": 0.002329378604483319, "repeat": 10, "number": 1}], "params": [["True", "False"]]}, "time_solve_models.TimeSolveSPMe.time_solve_model": {"result": [0.05388964650001071, 0.10305035950011643], "stats": [{"ci_99": [0.05273858800001108, 0.05605201000003035], "q_25": 0.05361652550004692, "q_75": 0.054654844749904896, "min": 0.05273858800001108, "max": 0.05605201000003035, "mean": 0.05411441619996822, "std": 0.0010427725674708925, "repeat": 10, "number": 1}, {"ci_99": [0.0997226250001404, 0.11446493399989777], "q_25": 0.10247906524989503, "q_75": 0.10480988999995589, "min": 0.0997226250001404, "max": 0.11446493399989777, "mean": 0.1043352984999956, "std": 0.0037894379795178935, "repeat": 10, "number": 1}], "params": [["True", "False"]]}}, "params": {"machine": "GitHubRunner", "python": "3.8"}, "requirements": {}, "commit_hash": "afb920a5957a904ba833c8483385c31de42bb4d9", "date": 1612465198000, "env_name": "virtualenv-py3.8", "python": "3.8", "profiles": {}, "started_at": {"time_setup_models_and_sims.TimeBuildDFN.time_setup_DFN": 1613574639361, "time_setup_models_and_sims.TimeBuildDFNSimulation.time_setup_DFN_simulation": 1613574645586, "time_setup_models_and_sims.TimeBuildSPM.time_setup_SPM": 1613574647700, "time_setup_models_and_sims.TimeBuildSPMSimulation.time_setup_SPM_simulation": 1613574651216, "time_setup_models_and_sims.TimeBuildSPMe.time_setup_SPMe": 1613574653230, "time_setup_models_and_sims.TimeBuildSPMeSimulation.time_setup_SPMe_simulation": 1613574658451, "time_solve_models.TimeSolveDFN.time_solve_model": 1613574660768, "time_solve_models.TimeSolveSPM.time_solve_model": 1613574687109, "time_solve_models.TimeSolveSPMe.time_solve_model": 1613574696446}, "ended_at": {"time_setup_models_and_sims.TimeBuildDFN.time_setup_DFN": 1613574645586, "time_setup_models_and_sims.TimeBuildDFNSimulation.time_setup_DFN_simulation": 1613574647699, "time_setup_models_and_sims.TimeBuildSPM.time_setup_SPM": 1613574651216, "time_setup_models_and_sims.TimeBuildSPMSimulation.time_setup_SPM_simulation": 1613574653229, "time_setup_models_and_sims.TimeBuildSPMe.time_setup_SPMe": 1613574658451, "time_setup_models_and_sims.TimeBuildSPMeSimulation.time_setup_SPMe_simulation": 1613574660767, "time_solve_models.TimeSolveDFN.time_solve_model": 1613574687109, "time_solve_models.TimeSolveSPM.time_solve_model": 1613574696446, "time_solve_models.TimeSolveSPMe.time_solve_model": 1613574710194}, "benchmark_version": {"time_setup_models_and_sims.TimeBuildDFN.time_setup_DFN": "5f322e51e6b7e66125ee6949bdf25746005db467e8ffcfdcb3ace170e92bbc3d", "time_setup_models_and_sims.TimeBuildDFNSimulation.time_setup_DFN_simulation": "8de44bc542fa7d4ba28a80f24414a9444b5436673aaebba674918f5f0bfd0ebb", "time_setup_models_and_sims.TimeBuildSPM.time_setup_SPM": "0d0b3f5c67fc2da9a5794c66b70af5a45a09558d1ee95f738745385adb84fbca", "time_setup_models_and_sims.TimeBuildSPMSimulation.time_setup_SPM_simulation": "161220a99418ce4487cc29325cbae897f28d0e44ae07e1dfbfaac2cbc53a4ff9", "time_setup_models_and_sims.TimeBuildSPMe.time_setup_SPMe": "6083f5ff944353395eb4b21c97b02af555fe6528de3cd5283f5e139943945235", "time_setup_models_and_sims.TimeBuildSPMeSimulation.time_setup_SPMe_simulation": "530563cb559427795e3648d9648df9250ae100b7721f69eec356bdda7798c55e", "time_solve_models.TimeSolveDFN.time_solve_model": "914137228e20e5900cec36b0d3865f1faa2f5d479c7d6c2539514791f9ec4430", "time_solve_models.TimeSolveSPM.time_solve_model": "ef1bb5f8d1ddfa59650e20438c4b252d73e5a062714848ce1d6d5269382bc598", "time_solve_models.TimeSolveSPMe.time_solve_model": "20672028872f4620ce85e909bae705d9490de441e926510b2b0e53ff0881d87b"}, "version": 1}