{"results": {"time_setup_models_and_sims.TimeBuildDFN.time_setup_DFN": {"result": [0.790619982500175], "stats": [{"ci_99": [0.7789754120003636, 0.8091463939999812], "q_25": 0.7861520807505258, "q_75": 0.7941324287503448, "min": 0.7789754120003636, "max": 0.8091463939999812, "mean": 0.7918721699999878, "std": 0.008961384034239505, "repeat": 10, "number": 1}]}, "time_setup_models_and_sims.TimeBuildDFNSimulation.time_setup_DFN_simulation": {"result": [0.07365009549994284, 0.1444431239997357], "stats": [{"ci_99": [0.07291324099969643, 0.07785387100011576], "q_25": 0.07343914424973264, "q_75": 0.07438287525019405, "min": 0.07291324099969643, "max": 0.07785387100011576, "mean": 0.07416345870005898, "std": 0.0013366397899215786, "repeat": 10, "number": 1}, {"ci_99": [0.14168915700065554, 0.1516232170015428], "q_25": 0.14315439100028016, "q_75": 0.14552790474863286, "min": 0.14168915700065554, "max": 0.1516232170015428, "mean": 0.14476202569985616, "std": 0.0027080367612203797, "repeat": 10, "number": 1}], "params": [["False", "True"]]}, "time_setup_models_and_sims.TimeBuildSPM.time_setup_SPM": {"result": [0.5212949030001255], "stats": [{"ci_99": [0.5116855950000172, 0.5320358179997129], "q_25": 0.5182518597503076, "q_75": 0.5228345617501873, "min": 0.5116855950000172, "max": 0.5320358179997129, "mean": 0.5211183019002419, "std": 0.005358121078972137, "repeat": 10, "number": 1}]}, "time_setup_models_and_sims.TimeBuildSPMSimulation.time_setup_SPM_simulation": {"result": [0.18399136300013197, 0.3472493509998458], "stats": [{"ci_99": [0.1781052770002134, 0.19218166199971165], "q_25": 0.1828510057493986, "q_75": 0.18528444574940295, "min": 0.1781052770002134, "max": 0.19218166199971165, "mean": 0.1841275835999113, "std": 0.0034526404816320523, "repeat": 10, "number": 1}, {"ci_99": [0.33104450200153224, 0.3595616750008048], "q_25": 0.34310807575138824, "q_75": 0.3516532272501536, "min": 0.33104450200153224, "max": 0.3595616750008048, "mean": 0.3472518607004531, "std": 0.007618771041284373, "repeat": 10, "number": 1}], "params": [["False", "True"]]}, "time_setup_models_and_sims.TimeBuildSPMe.time_setup_SPMe": {"result": [0.6443115470010525], "stats": [{"ci_99": [0.6200011509990873, 0.6871794569997292], "q_25": 0.6288266289998319, "q_75": 0.6673917859993708, "min": 0.6200011509990873, "max": 0.6871794569997292, "mean": 0.6487452241000937, "std": 0.023435026582151238, "repeat": 10, "number": 1}]}, "time_setup_models_and_sims.TimeBuildSPMeSimulation.time_setup_SPMe_simulation": {"result": [0.09391051849979704, 0.18041444099890214], "stats": [{"ci_99": [0.0919006559997797, 0.10337302500010992], "q_25": 0.09263598599955003, "q_75": 0.0954843522504234, "min": 0.0919006559997797, "max": 0.10337302500010992, "mean": 0.09473435310010245, "std": 0.003179297895966107, "repeat": 10, "number": 1}, {"ci_99": [0.15537224000036076, 0.18994544899942412], "q_25": 0.17725779700140265, "q_75": 0.18275463024929195, "min": 0.15537224000036076, "max": 0.18994544899942412, "mean": 0.1786606005998692, "std": 0.008603078540994822, "repeat": 10, "number": 1}], "params": [["False", "True"]]}, "time_solve_models.TimeSolveDFN.time_solve_model": {"result": [1.1685023674999684, 1.3111262299989903], "stats": [{"ci_99": [1.1129774319997523, 1.214306116042905], "q_25": 1.1516276407514852, "q_75": 1.1889669902493551, "min": 1.1129774319997523, "max": 1.2040729820000706, "mean": 1.1659744020001501, "std": 0.030104840580028314, "repeat": 6, "number": 1}, {"ci_99": [1.2829284580002422, 1.3393861000004108], "q_25": 1.3040604869984236, "q_75": 1.3326912610009458, "min": 1.2829284580002422, "max": 1.3393861000004108, "mean": 1.3147045734442346, "std": 0.01857218593951561, "repeat": 9, "number": 1}], "params": [["True", "False"]]}, "time_solve_models.TimeSolveSPM.time_solve_model": {"result": [0.0555204854999829, 0.09309376350029197], "stats": [{"ci_99": [0.05345152299923939, 0.0654123950007488], "q_25": 0.055098458249176474, "q_75": 0.05600518875007765, "min": 0.05345152299923939, "max": 0.0654123950007488, "mean": 0.05629935039996781, "std": 0.003159078485615592, "repeat": 10, "number": 1}, {"ci_99": [0.0922771580007975, 0.09355906500059064], "q_25": 0.09245370925009411, "q_75": 0.09337933974939006, "min": 0.0922771580007975, "max": 0.09355906500059064, "mean": 0.09295481220015063, "std": 0.00046939949700525836, "repeat": 10, "number": 1}], "params": [["True", "False"]]}, "time_solve_models.TimeSolveSPMe.time_solve_model": {"result": [0.08955164199960564, 0.14997035699980188], "stats": [{"ci_99": [0.08869953700013866, 0.09126035200097249], "q_25": 0.08927151500074615, "q_75": 0.09098432525024691, "min": 0.08869953700013866, "max": 0.09126035200097249, "mean": 0.08995104410005297, "std": 0.0009367440332425273, "repeat": 10, "number": 1}, {"ci_99": [0.14310436500090873, 0.1608102720001625], "q_25": 0.14837409699975979, "q_75": 0.15269957425061875, "min": 0.14310436500090873, "max": 0.1608102720001625, "mean": 0.15085594230022253, "std": 0.004673408930827834, "repeat": 10, "number": 1}], "params": [["True", "False"]]}}, "params": {"machine": "GitHubRunner", "python": "3.8"}, "requirements": {}, "commit_hash": "bba27b96305258770a331550b882ec06f84a35a8", "date": 1589818199000, "env_name": "virtualenv-py3.8", "python": "3.8", "profiles": {}, "started_at": {"time_setup_models_and_sims.TimeBuildDFN.time_setup_DFN": 1613584699071, "time_setup_models_and_sims.TimeBuildDFNSimulation.time_setup_DFN_simulation": 1613584704092, "time_setup_models_and_sims.TimeBuildSPM.time_setup_SPM": 1613584705653, "time_setup_models_and_sims.TimeBuildSPMSimulation.time_setup_SPM_simulation": 1613584709068, "time_setup_models_and_sims.TimeBuildSPMe.time_setup_SPMe": 1613584712539, "time_setup_models_and_sims.TimeBuildSPMeSimulation.time_setup_SPMe_simulation": 1613584716808, "time_solve_models.TimeSolveDFN.time_solve_model": 1613584718673, "time_solve_models.TimeSolveSPM.time_solve_model": 1613584746229, "time_solve_models.TimeSolveSPMe.time_solve_model": 1613584755728}, "ended_at": {"time_setup_models_and_sims.TimeBuildDFN.time_setup_DFN": 1613584704091, "time_setup_models_and_sims.TimeBuildDFNSimulation.time_setup_DFN_simulation": 1613584705653, "time_setup_models_and_sims.TimeBuildSPM.time_setup_SPM": 1613584709067, "time_setup_models_and_sims.TimeBuildSPMSimulation.time_setup_SPM_simulation": 1613584712538, "time_setup_models_and_sims.TimeBuildSPMe.time_setup_SPMe": 1613584716807, "time_setup_models_and_sims.TimeBuildSPMeSimulation.time_setup_SPMe_simulation": 1613584718672, "time_solve_models.TimeSolveDFN.time_solve_model": 1613584746228, "time_solve_models.TimeSolveSPM.time_solve_model": 1613584755728, "time_solve_models.TimeSolveSPMe.time_solve_model": 1613584767979}, "benchmark_version": {"time_setup_models_and_sims.TimeBuildDFN.time_setup_DFN": "5f322e51e6b7e66125ee6949bdf25746005db467e8ffcfdcb3ace170e92bbc3d", "time_setup_models_and_sims.TimeBuildDFNSimulation.time_setup_DFN_simulation": "8de44bc542fa7d4ba28a80f24414a9444b5436673aaebba674918f5f0bfd0ebb", "time_setup_models_and_sims.TimeBuildSPM.time_setup_SPM": "0d0b3f5c67fc2da9a5794c66b70af5a45a09558d1ee95f738745385adb84fbca", "time_setup_models_and_sims.TimeBuildSPMSimulation.time_setup_SPM_simulation": "161220a99418ce4487cc29325cbae897f28d0e44ae07e1dfbfaac2cbc53a4ff9", "time_setup_models_and_sims.TimeBuildSPMe.time_setup_SPMe": "6083f5ff944353395eb4b21c97b02af555fe6528de3cd5283f5e139943945235", "time_setup_models_and_sims.TimeBuildSPMeSimulation.time_setup_SPMe_simulation": "530563cb559427795e3648d9648df9250ae100b7721f69eec356bdda7798c55e", "time_solve_models.TimeSolveDFN.time_solve_model": "914137228e20e5900cec36b0d3865f1faa2f5d479c7d6c2539514791f9ec4430", "time_solve_models.TimeSolveSPM.time_solve_model": "ef1bb5f8d1ddfa59650e20438c4b252d73e5a062714848ce1d6d5269382bc598", "time_solve_models.TimeSolveSPMe.time_solve_model": "20672028872f4620ce85e909bae705d9490de441e926510b2b0e53ff0881d87b"}, "version": 1}