{"results": {"time_setup_models_and_sims.TimeBuildDFN.time_setup_DFN": {"result": [0.7004536165004538], "stats": [{"ci_99": [0.6604601250000997, 0.7158442630006903], "q_25": 0.6886593680010265, "q_75": 0.7127525690002585, "min": 0.6604601250000997, "max": 0.7158442630006903, "mean": 0.6970201265003197, "std": 0.017653434649804782, "repeat": 10, "number": 1}]}, "time_setup_models_and_sims.TimeBuildDFNSimulation.time_setup_DFN_simulation": {"result": [0.08159508549942984, 0.16039310449923505], "stats": [{"ci_99": [0.07813586500014935, 0.0866198150015407], "q_25": 0.0809226310007034, "q_75": 0.08218138925076346, "min": 0.07813586500014935, "max": 0.0866198150015407, "mean": 0.08156523530033155, "std": 0.002219764664033572, "repeat": 10, "number": 1}, {"ci_99": [0.14601806799873884, 0.1653225840000232], "q_25": 0.15993232525033818, "q_75": 0.16109498400101074, "min": 0.14601806799873884, "max": 0.1653225840000232, "mean": 0.15933938799989847, "std": 0.0047900477052355995, "repeat": 10, "number": 1}], "params": [["False", "True"]]}, "time_setup_models_and_sims.TimeBuildSPM.time_setup_SPM": {"result": [0.5236415155004579], "stats": [{"ci_99": [0.513586753000709, 0.5472868590004509], "q_25": 0.5151136125004996, "q_75": 0.5337865797505401, "min": 0.513586753000709, "max": 0.5472868590004509, "mean": 0.5256580777004274, "std": 0.011336215094767468, "repeat": 10, "number": 1}]}, "time_setup_models_and_sims.TimeBuildSPMSimulation.time_setup_SPM_simulation": {"result": [0.2122916130001613, 0.40261774549981055], "stats": [{"ci_99": [0.20723313200142002, 0.21793339800024114], "q_25": 0.21050700149953627, "q_75": 0.21397397375039873, "min": 0.20723313200142002, "max": 0.21793339800024114, "mean": 0.2122932631004005, "std": 0.002968576401287774, "repeat": 10, "number": 1}, {"ci_99": [0.39653905799968925, 0.41536067299966817], "q_25": 0.4006004310008393, "q_75": 0.4077844032494795, "min": 0.39653905799968925, "max": 0.41536067299966817, "mean": 0.40454003689992535, "std": 0.005917295977916437, "repeat": 10, "number": 1}], "params": [["False", "True"]]}, "time_setup_models_and_sims.TimeBuildSPMe.time_setup_SPMe": {"result": [0.6316076590001103], "stats": [{"ci_99": [0.6073960119992989, 0.6516432810003607], "q_25": 0.6178514734997407, "q_75": 0.6388743049992627, "min": 0.6073960119992989, "max": 0.6516432810003607, "mean": 0.6292984250998416, "std": 0.013226470921324724, "repeat": 10, "number": 1}]}, "time_setup_models_and_sims.TimeBuildSPMeSimulation.time_setup_SPMe_simulation": {"result": [0.10358201600047323, 0.20172005199947307], "stats": [{"ci_99": [0.09882018800090009, 0.10513332600021386], "q_25": 0.1033008897493346, "q_75": 0.10491262449977512, "min": 0.09882018800090009, "max": 0.10513332600021386, "mean": 0.10314291370013962, "std": 0.0022234151929290216, "repeat": 10, "number": 1}, {"ci_99": [0.19679087000076834, 0.20541182399938407], "q_25": 0.20085401975029527, "q_75": 0.2028276584997002, "min": 0.19679087000076834, "max": 0.20541182399938407, "mean": 0.2016086900997834, "std": 0.0021894462173135637, "repeat": 10, "number": 1}], "params": [["False", "True"]]}, "time_solve_models.TimeSolveDFN.time_solve_model": {"result": [1.1680361099997754, 1.3098800494999523], "stats": [{"ci_99": [1.1409831880009733, 1.1851251469713189], "q_25": 1.1635054742491775, "q_75": 1.1721351740006867, "min": 1.1409831880009733, "max": 1.183542753000438, "mean": 1.1660158253334885, "std": 0.013001784101509817, "repeat": 6, "number": 1}, {"ci_99": [1.2891681700002664, 1.3210863749991404], "q_25": 1.3018359735001468, "q_75": 1.3179988207498354, "min": 1.2891681700002664, "max": 1.3210863749991404, "mean": 1.3082960911000554, "std": 0.010455723417028086, "repeat": 10, "number": 1}], "params": [["True", "False"]]}, "time_solve_models.TimeSolveSPM.time_solve_model": {"result": [0.053105066000171064, 0.08700076750028529], "stats": [{"ci_99": [0.048833590999493026, 0.05432492399995681], "q_25": 0.052197235499534145, "q_75": 0.05358514425006433, "min": 0.048833590999493026, "max": 0.05432492399995681, "mean": 0.05253298289990198, "std": 0.0015532874691136715, "repeat": 10, "number": 1}, {"ci_99": [0.08309179500065511, 0.09000413700050558], "q_25": 0.08507620675027283, "q_75": 0.08928105750101167, "min": 0.08309179500065511, "max": 0.09000413700050558, "mean": 0.08710371890028909, "std": 0.0023291048595410293, "repeat": 10, "number": 1}], "params": [["True", "False"]]}, "time_solve_models.TimeSolveSPMe.time_solve_model": {"result": [0.08725937050076027, 0.14800453249972634], "stats": [{"ci_99": [0.08375529799923243, 0.09062473999983922], "q_25": 0.08681651824917935, "q_75": 0.08819895024953439, "min": 0.08375529799923243, "max": 0.09062473999983922, "mean": 0.08741775099970255, "std": 0.00172985251081074, "repeat": 10, "number": 1}, {"ci_99": [0.14071133699872007, 0.1629631710002286], "q_25": 0.14623962150062653, "q_75": 0.15073607200065453, "min": 0.14071133699872007, "max": 0.1629631710002286, "mean": 0.14998881350002194, "std": 0.007003097071678047, "repeat": 10, "number": 1}], "params": [["True", "False"]]}}, "params": {"machine": "GitHubRunner", "python": "3.8"}, "requirements": {}, "commit_hash": "bce58417b94e0ba605f24211ca8c22ec6578b6dc", "date": 1593000646000, "env_name": "virtualenv-py3.8", "python": "3.8", "profiles": {}, "started_at": {"time_setup_models_and_sims.TimeBuildDFN.time_setup_DFN": 1613582599766, "time_setup_models_and_sims.TimeBuildDFNSimulation.time_setup_DFN_simulation": 1613582604286, "time_setup_models_and_sims.TimeBuildSPM.time_setup_SPM": 1613582606100, "time_setup_models_and_sims.TimeBuildSPMSimulation.time_setup_SPM_simulation": 1613582609614, "time_setup_models_and_sims.TimeBuildSPMe.time_setup_SPMe": 1613582613835, "time_setup_models_and_sims.TimeBuildSPMeSimulation.time_setup_SPMe_simulation": 1613582618003, "time_solve_models.TimeSolveDFN.time_solve_model": 1613582620117, "time_solve_models.TimeSolveSPM.time_solve_model": 1613582646558, "time_solve_models.TimeSolveSPMe.time_solve_model": 1613582655995}, "ended_at": {"time_setup_models_and_sims.TimeBuildDFN.time_setup_DFN": 1613582604286, "time_setup_models_and_sims.TimeBuildDFNSimulation.time_setup_DFN_simulation": 1613582606099, "time_setup_models_and_sims.TimeBuildSPM.time_setup_SPM": 1613582609614, "time_setup_models_and_sims.TimeBuildSPMSimulation.time_setup_SPM_simulation": 1613582613835, "time_setup_models_and_sims.TimeBuildSPMe.time_setup_SPMe": 1613582618002, "time_setup_models_and_sims.TimeBuildSPMeSimulation.time_setup_SPMe_simulation": 1613582620116, "time_solve_models.TimeSolveDFN.time_solve_model": 1613582646558, "time_solve_models.TimeSolveSPM.time_solve_model": 1613582655994, "time_solve_models.TimeSolveSPMe.time_solve_model": 1613582667990}, "benchmark_version": {"time_setup_models_and_sims.TimeBuildDFN.time_setup_DFN": "5f322e51e6b7e66125ee6949bdf25746005db467e8ffcfdcb3ace170e92bbc3d", "time_setup_models_and_sims.TimeBuildDFNSimulation.time_setup_DFN_simulation": "8de44bc542fa7d4ba28a80f24414a9444b5436673aaebba674918f5f0bfd0ebb", "time_setup_models_and_sims.TimeBuildSPM.time_setup_SPM": "0d0b3f5c67fc2da9a5794c66b70af5a45a09558d1ee95f738745385adb84fbca", "time_setup_models_and_sims.TimeBuildSPMSimulation.time_setup_SPM_simulation": "161220a99418ce4487cc29325cbae897f28d0e44ae07e1dfbfaac2cbc53a4ff9", "time_setup_models_and_sims.TimeBuildSPMe.time_setup_SPMe": "6083f5ff944353395eb4b21c97b02af555fe6528de3cd5283f5e139943945235", "time_setup_models_and_sims.TimeBuildSPMeSimulation.time_setup_SPMe_simulation": "530563cb559427795e3648d9648df9250ae100b7721f69eec356bdda7798c55e", "time_solve_models.TimeSolveDFN.time_solve_model": "914137228e20e5900cec36b0d3865f1faa2f5d479c7d6c2539514791f9ec4430", "time_solve_models.TimeSolveSPM.time_solve_model": "ef1bb5f8d1ddfa59650e20438c4b252d73e5a062714848ce1d6d5269382bc598", "time_solve_models.TimeSolveSPMe.time_solve_model": "20672028872f4620ce85e909bae705d9490de441e926510b2b0e53ff0881d87b"}, "version": 1}