{"results": {"time_setup_models_and_sims.TimeBuildDFN.time_setup_DFN": {"result": [0.8051137725005901], "stats": [{"ci_99": [0.7190185510007723, 0.8303139239997108], "q_25": 0.7991547857491241, "q_75": 0.809410324250166, "min": 0.7190185510007723, "max": 0.8303139239997108, "mean": 0.7926358466998863, "std": 0.03617567985201879, "repeat": 10, "number": 1}]}, "time_setup_models_and_sims.TimeBuildDFNSimulation.time_setup_DFN_simulation": {"result": [0.07490915349899296, 0.14228071050001745], "stats": [{"ci_99": [0.07166303399935714, 0.0784359739991487], "q_25": 0.07452275124933294, "q_75": 0.07582358375066178, "min": 0.07166303399935714, "max": 0.0784359739991487, "mean": 0.07491518349961553, "std": 0.0018817713800854423, "repeat": 10, "number": 1}, {"ci_99": [0.12366744899918558, 0.1543073339998955], "q_25": 0.1285638272502183, "q_75": 0.1466810627493942, "min": 0.12366744899918558, "max": 0.1543073339998955, "mean": 0.1389085904998865, "std": 0.010233099091299795, "repeat": 10, "number": 1}], "params": [["False", "True"]]}, "time_setup_models_and_sims.TimeBuildSPM.time_setup_SPM": {"result": [0.522096609500295], "stats": [{"ci_99": [0.4563226610007405, 0.5796888080003555], "q_25": 0.513174505249026, "q_75": 0.5258271072493699, "min": 0.4563226610007405, "max": 0.5796888080003555, "mean": 0.5164806454000427, "std": 0.031808107449439314, "repeat": 10, "number": 1}]}, "time_setup_models_and_sims.TimeBuildSPMSimulation.time_setup_SPM_simulation": {"result": [0.18899169299857022, 0.3508835735010507], "stats": [{"ci_99": [0.18497221999859903, 0.19933200600098644], "q_25": 0.18584714974940653, "q_75": 0.1906831779992899, "min": 0.18497221999859903, "max": 0.19933200600098644, "mean": 0.1893711856995651, "std": 0.004160199495294625, "repeat": 10, "number": 1}, {"ci_99": [0.2925436700006685, 0.3618052890014951], "q_25": 0.3239887605000149, "q_75": 0.3549571477506106, "min": 0.2925436700006685, "max": 0.3618052890014951, "mean": 0.3396483153004738, "std": 0.023313768449685836, "repeat": 10, "number": 1}], "params": [["False", "True"]]}, "time_setup_models_and_sims.TimeBuildSPMe.time_setup_SPMe": {"result": [0.6069967729999917], "stats": [{"ci_99": [0.5220791589999862, 0.6499001330012106], "q_25": 0.5597000117504649, "q_75": 0.6441724732499097, "min": 0.5220791589999862, "max": 0.6499001330012106, "mean": 0.600419733200215, "std": 0.04652957566020506, "repeat": 10, "number": 1}]}, "time_setup_models_and_sims.TimeBuildSPMeSimulation.time_setup_SPMe_simulation": {"result": [0.08965729249939614, 0.17044743150017894], "stats": [{"ci_99": [0.08173869399979594, 0.0946978729989496], "q_25": 0.08222174725051445, "q_75": 0.09423362050074502, "min": 0.08173869399979594, "max": 0.0946978729989496, "mean": 0.08855154579978261, "std": 0.0058725283219390285, "repeat": 10, "number": 1}, {"ci_99": [0.15601224300007743, 0.18539802200029953], "q_25": 0.1579248802499933, "q_75": 0.18183297575069446, "min": 0.15601224300007743, "max": 0.18539802200029953, "mean": 0.17025230020026355, "std": 0.012492364857379052, "repeat": 10, "number": 1}], "params": [["False", "True"]]}, "time_solve_models.TimeSolveDFN.time_solve_model": {"result": [1.1559054945009848, 1.3144323540000187], "stats": [{"ci_99": [0.9511878550001711, 1.2395784142411443], "q_25": 1.0953765535005004, "q_75": 1.1741267554998558, "min": 0.9511878550001711, "max": 1.1934774209985335, "mean": 1.1186461690000822, "std": 0.08337855075350667, "repeat": 6, "number": 1}, {"ci_99": [1.1922777139989194, 1.3317350569996051], "q_25": 1.26549545799935, "q_75": 1.3217740970012528, "min": 1.1922777139989194, "max": 1.3317350569996051, "mean": 1.2864851842221268, "std": 0.05225635649772764, "repeat": 9, "number": 1}], "params": [["True", "False"]]}, "time_solve_models.TimeSolveSPM.time_solve_model": {"result": [0.05305872100052511, 0.09199205699951563], "stats": [{"ci_99": [0.04926659800003108, 0.05636154100102431], "q_25": 0.050431755750651064, "q_75": 0.0559745885002485, "min": 0.04926659800003108, "max": 0.05636154100102431, "mean": 0.05311648140050238, "std": 0.0026834587779795767, "repeat": 10, "number": 1}, {"ci_99": [0.0810769910003728, 0.10300432300027751], "q_25": 0.08676607500092359, "q_75": 0.09215718199948242, "min": 0.0810769910003728, "max": 0.10300432300027751, "mean": 0.0908287496000412, "std": 0.005964678371397291, "repeat": 10, "number": 1}], "params": [["True", "False"]]}, "time_solve_models.TimeSolveSPMe.time_solve_model": {"result": [0.08956319199933205, 0.14903125150067353], "stats": [{"ci_99": [0.07770037099908222, 0.10929476199999044], "q_25": 0.08368130624967307, "q_75": 0.0937519422495825, "min": 0.07770037099908222, "max": 0.10929476199999044, "mean": 0.09014687559974846, "std": 0.009464230227187653, "repeat": 10, "number": 1}, {"ci_99": [0.12399465000089549, 0.1556057409998175], "q_25": 0.13635470025019458, "q_75": 0.1523157715000707, "min": 0.12399465000089549, "max": 0.1556057409998175, "mean": 0.14403270140028326, "std": 0.011422004704444216, "repeat": 10, "number": 1}], "params": [["True", "False"]]}}, "params": {"machine": "GitHubRunner", "python": "3.8"}, "requirements": {}, "commit_hash": "bdc515181e885cec7eca5d6266bf5f6d04837a99", "date": 1589828109000, "env_name": "virtualenv-py3.8", "python": "3.8", "profiles": {}, "started_at": {"time_setup_models_and_sims.TimeBuildDFN.time_setup_DFN": 1613584563501, "time_setup_models_and_sims.TimeBuildDFNSimulation.time_setup_DFN_simulation": 1613584568330, "time_setup_models_and_sims.TimeBuildSPM.time_setup_SPM": 1613584569845, "time_setup_models_and_sims.TimeBuildSPMSimulation.time_setup_SPM_simulation": 1613584573110, "time_setup_models_and_sims.TimeBuildSPMe.time_setup_SPMe": 1613584576532, "time_setup_models_and_sims.TimeBuildSPMeSimulation.time_setup_SPMe_simulation": 1613584580048, "time_solve_models.TimeSolveDFN.time_solve_model": 1613584581812, "time_solve_models.TimeSolveSPM.time_solve_model": 1613584606250, "time_solve_models.TimeSolveSPMe.time_solve_model": 1613584615741}, "ended_at": {"time_setup_models_and_sims.TimeBuildDFN.time_setup_DFN": 1613584568329, "time_setup_models_and_sims.TimeBuildDFNSimulation.time_setup_DFN_simulation": 1613584569844, "time_setup_models_and_sims.TimeBuildSPM.time_setup_SPM": 1613584573109, "time_setup_models_and_sims.TimeBuildSPMSimulation.time_setup_SPM_simulation": 1613584576531, "time_setup_models_and_sims.TimeBuildSPMe.time_setup_SPMe": 1613584580047, "time_setup_models_and_sims.TimeBuildSPMeSimulation.time_setup_SPMe_simulation": 1613584581811, "time_solve_models.TimeSolveDFN.time_solve_model": 1613584606249, "time_solve_models.TimeSolveSPM.time_solve_model": 1613584615740, "time_solve_models.TimeSolveSPMe.time_solve_model": 1613584627841}, "benchmark_version": {"time_setup_models_and_sims.TimeBuildDFN.time_setup_DFN": "5f322e51e6b7e66125ee6949bdf25746005db467e8ffcfdcb3ace170e92bbc3d", "time_setup_models_and_sims.TimeBuildDFNSimulation.time_setup_DFN_simulation": "8de44bc542fa7d4ba28a80f24414a9444b5436673aaebba674918f5f0bfd0ebb", "time_setup_models_and_sims.TimeBuildSPM.time_setup_SPM": "0d0b3f5c67fc2da9a5794c66b70af5a45a09558d1ee95f738745385adb84fbca", "time_setup_models_and_sims.TimeBuildSPMSimulation.time_setup_SPM_simulation": "161220a99418ce4487cc29325cbae897f28d0e44ae07e1dfbfaac2cbc53a4ff9", "time_setup_models_and_sims.TimeBuildSPMe.time_setup_SPMe": "6083f5ff944353395eb4b21c97b02af555fe6528de3cd5283f5e139943945235", "time_setup_models_and_sims.TimeBuildSPMeSimulation.time_setup_SPMe_simulation": "530563cb559427795e3648d9648df9250ae100b7721f69eec356bdda7798c55e", "time_solve_models.TimeSolveDFN.time_solve_model": "914137228e20e5900cec36b0d3865f1faa2f5d479c7d6c2539514791f9ec4430", "time_solve_models.TimeSolveSPM.time_solve_model": "ef1bb5f8d1ddfa59650e20438c4b252d73e5a062714848ce1d6d5269382bc598", "time_solve_models.TimeSolveSPMe.time_solve_model": "20672028872f4620ce85e909bae705d9490de441e926510b2b0e53ff0881d87b"}, "version": 1}