{"results": {"time_setup_models_and_sims.TimeBuildDFN.time_setup_DFN": {"result": [0.9305520204998174], "stats": [{"ci_99": [0.9227007649997176, 0.9427830990007351], "q_25": 0.9283673327499855, "q_75": 0.9347052447499209, "min": 0.9227007649997176, "max": 0.9427830990007351, "mean": 0.9315506769999956, "std": 0.005832667240877318, "repeat": 10, "number": 1}]}, "time_setup_models_and_sims.TimeBuildDFNSimulation.time_setup_DFN_simulation": {"result": [0.23333407149993945, 0.4691817070001889], "stats": [{"ci_99": [0.231401322000238, 0.23567044899937173], "q_25": 0.23223593300053835, "q_75": 0.2342736705002153, "min": 0.231401322000238, "max": 0.23567044899937173, "mean": 0.23331458120019305, "std": 0.0012883674867257633, "repeat": 10, "number": 1}, {"ci_99": [0.46285149000050296, 0.47340425700076594], "q_25": 0.4651614070003234, "q_75": 0.47011080099991887, "min": 0.46285149000050296, "max": 0.47340425700076594, "mean": 0.4681900305002273, "std": 0.003331544205568605, "repeat": 10, "number": 1}], "params": [["False", "True"]]}, "time_setup_models_and_sims.TimeBuildSPM.time_setup_SPM": {"result": [0.6301650535006047], "stats": [{"ci_99": [0.5693354740005816, 0.6473761520001062], "q_25": 0.5752677887494428, "q_75": 0.6423797417498918, "min": 0.5693354740005816, "max": 0.6473761520001062, "mean": 0.6130066527000053, "std": 0.033152805722548535, "repeat": 10, "number": 1}]}, "time_setup_models_and_sims.TimeBuildSPMSimulation.time_setup_SPM_simulation": {"result": [0.2891502815000422, 0.6020173649999379], "stats": [{"ci_99": [0.2569951579998815, 0.30974693300049694], "q_25": 0.2782936202495421, "q_75": 0.296064718249454, "min": 0.2569951579998815, "max": 0.30974693300049694, "mean": 0.2865271951999603, "std": 0.01670844977636659, "repeat": 10, "number": 1}, {"ci_99": [0.5901021709996712, 0.6137510560001829], "q_25": 0.599310580500287, "q_75": 0.6047740744995735, "min": 0.5901021709996712, "max": 0.6137510560001829, "mean": 0.6022893163998561, "std": 0.005894148042740653, "repeat": 10, "number": 1}], "params": [["False", "True"]]}, "time_setup_models_and_sims.TimeBuildSPMe.time_setup_SPMe": {"result": [0.7975286819996654], "stats": [{"ci_99": [0.7818787200003499, 0.8162264599995979], "q_25": 0.7942417540000406, "q_75": 0.7998290507496222, "min": 0.7818787200003499, "max": 0.8162264599995979, "mean": 0.7977487820998249, "std": 0.010227801402254752, "repeat": 10, "number": 1}]}, "time_setup_models_and_sims.TimeBuildSPMeSimulation.time_setup_SPMe_simulation": {"result": [0.25012283749993003, 0.4971194760000799], "stats": [{"ci_99": [0.24750722099997802, 0.2573912569996537], "q_25": 0.24973558950046026, "q_75": 0.25133781775025454, "min": 0.24750722099997802, "max": 0.2573912569996537, "mean": 0.25107567000004566, "std": 0.0029544689248120143, "repeat": 10, "number": 1}, {"ci_99": [0.4911676140000054, 0.505550654000217], "q_25": 0.49549906775041563, "q_75": 0.5003092195004228, "min": 0.4911676140000054, "max": 0.505550654000217, "mean": 0.49754875880016697, "std": 0.004324537982216268, "repeat": 10, "number": 1}], "params": [["False", "True"]]}, "time_solve_models.TimeSolveDFN.time_solve_model": {"result": [1.1856510354996317, 1.4008548934998544], "stats": [{"ci_99": [1.1146952841663336, 1.2886347679996106], "q_25": 1.1627754687503966, "q_75": 1.2249045990001832, "min": 1.131617665999329, "max": 1.2886347679996106, "mean": 1.197448984166537, "std": 0.05216490152889422, "repeat": 6, "number": 1}, {"ci_99": [1.234909945000254, 1.4578911450007581], "q_25": 1.3490742907495132, "q_75": 1.412359361000199, "min": 1.234909945000254, "max": 1.4578911450007581, "mean": 1.3764594997500126, "std": 0.0638510641881383, "repeat": 8, "number": 1}], "params": [["True", "False"]]}, "time_solve_models.TimeSolveSPM.time_solve_model": {"result": [0.051546582000355556, 0.0896219769997515], "stats": [{"ci_99": [0.05073312900003657, 0.05570676200022717], "q_25": 0.05125110225003482, "q_75": 0.052986742749908444, "min": 0.05073312900003657, "max": 0.05570676200022717, "mean": 0.052286686900151834, "std": 0.0014751584046631106, "repeat": 10, "number": 1}, {"ci_99": [0.08708896600001026, 0.09098918099971343], "q_25": 0.08937222324971117, "q_75": 0.09036755175020517, "min": 0.08708896600001026, "max": 0.09098918099971343, "mean": 0.08964551709996157, "std": 0.001025936792218762, "repeat": 10, "number": 1}], "params": [["True", "False"]]}, "time_solve_models.TimeSolveSPMe.time_solve_model": {"result": [0.08394048999934967, 0.14720578849983212], "stats": [{"ci_99": [0.07525978800003941, 0.08746835800047847], "q_25": 0.07889618650051489, "q_75": 0.08626477600000726, "min": 0.07525978800003941, "max": 0.08746835800047847, "mean": 0.08260223120005321, "std": 0.004243198166315726, "repeat": 10, "number": 1}, {"ci_99": [0.14515932600079395, 0.1522316860000501], "q_25": 0.1459395447504903, "q_75": 0.15046802074994048, "min": 0.14515932600079395, "max": 0.1522316860000501, "mean": 0.14816511210019598, "std": 0.0026099347861677593, "repeat": 10, "number": 1}], "params": [["True", "False"]]}}, "params": {"machine": "GitHubRunner", "python": "3.8"}, "requirements": {}, "commit_hash": "c074b3e9c85ad27b634ca1ac9ff678128e240b08", "date": 1603804931000, "env_name": "virtualenv-py3.8", "python": "3.8", "profiles": {}, "started_at": {"time_setup_models_and_sims.TimeBuildDFN.time_setup_DFN": 1613578799428, "time_setup_models_and_sims.TimeBuildDFNSimulation.time_setup_DFN_simulation": 1613578805305, "time_setup_models_and_sims.TimeBuildSPM.time_setup_SPM": 1613578809777, "time_setup_models_and_sims.TimeBuildSPMSimulation.time_setup_SPM_simulation": 1613578813643, "time_setup_models_and_sims.TimeBuildSPMe.time_setup_SPMe": 1613578819219, "time_setup_models_and_sims.TimeBuildSPMeSimulation.time_setup_SPMe_simulation": 1613578824391, "time_solve_models.TimeSolveDFN.time_solve_model": 1613578829265, "time_solve_models.TimeSolveSPM.time_solve_model": 1613578857063, "time_solve_models.TimeSolveSPMe.time_solve_model": 1613578868153}, "ended_at": {"time_setup_models_and_sims.TimeBuildDFN.time_setup_DFN": 1613578805304, "time_setup_models_and_sims.TimeBuildDFNSimulation.time_setup_DFN_simulation": 1613578809776, "time_setup_models_and_sims.TimeBuildSPM.time_setup_SPM": 1613578813643, "time_setup_models_and_sims.TimeBuildSPMSimulation.time_setup_SPM_simulation": 1613578819218, "time_setup_models_and_sims.TimeBuildSPMe.time_setup_SPMe": 1613578824390, "time_setup_models_and_sims.TimeBuildSPMeSimulation.time_setup_SPMe_simulation": 1613578829264, "time_solve_models.TimeSolveDFN.time_solve_model": 1613578857062, "time_solve_models.TimeSolveSPM.time_solve_model": 1613578868153, "time_solve_models.TimeSolveSPMe.time_solve_model": 1613578882256}, "benchmark_version": {"time_setup_models_and_sims.TimeBuildDFN.time_setup_DFN": "5f322e51e6b7e66125ee6949bdf25746005db467e8ffcfdcb3ace170e92bbc3d", "time_setup_models_and_sims.TimeBuildDFNSimulation.time_setup_DFN_simulation": "8de44bc542fa7d4ba28a80f24414a9444b5436673aaebba674918f5f0bfd0ebb", "time_setup_models_and_sims.TimeBuildSPM.time_setup_SPM": "0d0b3f5c67fc2da9a5794c66b70af5a45a09558d1ee95f738745385adb84fbca", "time_setup_models_and_sims.TimeBuildSPMSimulation.time_setup_SPM_simulation": "161220a99418ce4487cc29325cbae897f28d0e44ae07e1dfbfaac2cbc53a4ff9", "time_setup_models_and_sims.TimeBuildSPMe.time_setup_SPMe": "6083f5ff944353395eb4b21c97b02af555fe6528de3cd5283f5e139943945235", "time_setup_models_and_sims.TimeBuildSPMeSimulation.time_setup_SPMe_simulation": "530563cb559427795e3648d9648df9250ae100b7721f69eec356bdda7798c55e", "time_solve_models.TimeSolveDFN.time_solve_model": "914137228e20e5900cec36b0d3865f1faa2f5d479c7d6c2539514791f9ec4430", "time_solve_models.TimeSolveSPM.time_solve_model": "ef1bb5f8d1ddfa59650e20438c4b252d73e5a062714848ce1d6d5269382bc598", "time_solve_models.TimeSolveSPMe.time_solve_model": "20672028872f4620ce85e909bae705d9490de441e926510b2b0e53ff0881d87b"}, "version": 1}