{"results": {"time_setup_models_and_sims.TimeBuildDFN.time_setup_DFN": {"result": [0.938298372000645], "stats": [{"ci_99": [0.9269251010000517, 0.9435277530001258], "q_25": 0.9344876255001964, "q_75": 0.9407960355001705, "min": 0.9269251010000517, "max": 0.9435277530001258, "mean": 0.9371961004002515, "std": 0.0049853062129441164, "repeat": 10, "number": 1}]}, "time_setup_models_and_sims.TimeBuildDFNSimulation.time_setup_DFN_simulation": {"result": [0.23189959400042426, 0.46210557649965267], "stats": [{"ci_99": [0.23095259399997303, 0.23658901699946], "q_25": 0.231503738250467, "q_75": 0.23392863499998384, "min": 0.23095259399997303, "max": 0.23658901699946, "mean": 0.23273546930013253, "std": 0.0017124377872461216, "repeat": 10, "number": 1}, {"ci_99": [0.4545085400004609, 0.4699717140001667], "q_25": 0.4610313832495194, "q_75": 0.4650101820004693, "min": 0.4545085400004609, "max": 0.4699717140001667, "mean": 0.46240242849989954, "std": 0.004175334613842467, "repeat": 10, "number": 1}], "params": [["False", "True"]]}, "time_setup_models_and_sims.TimeBuildSPM.time_setup_SPM": {"result": [0.643571543500002], "stats": [{"ci_99": [0.6268729550001808, 0.655780904000494], "q_25": 0.6379799010003353, "q_75": 0.6488408097502543, "min": 0.6268729550001808, "max": 0.655780904000494, "mean": 0.6430356802000461, "std": 0.008709846157841115, "repeat": 10, "number": 1}]}, "time_setup_models_and_sims.TimeBuildSPMSimulation.time_setup_SPM_simulation": {"result": [0.3065348224995432, 0.5921423099998719], "stats": [{"ci_99": [0.3016274499996143, 0.3162224259995128], "q_25": 0.3036294382502547, "q_75": 0.3123904775000028, "min": 0.3016274499996143, "max": 0.3162224259995128, "mean": 0.3078087910999784, "std": 0.004916623500093724, "repeat": 10, "number": 1}, {"ci_99": [0.5865966920000574, 0.606374285000129], "q_25": 0.5899408622499323, "q_75": 0.6006174732494856, "min": 0.5865966920000574, "max": 0.606374285000129, "mean": 0.5953738609998254, "std": 0.006888359512737339, "repeat": 10, "number": 1}], "params": [["False", "True"]]}, "time_setup_models_and_sims.TimeBuildSPMe.time_setup_SPMe": {"result": [0.796923697499551], "stats": [{"ci_99": [0.7283589629996641, 0.8125720039997759], "q_25": 0.7864068555002177, "q_75": 0.8058660112499183, "min": 0.7283589629996641, "max": 0.8125720039997759, "mean": 0.7910628577998977, "std": 0.02295567797180125, "repeat": 10, "number": 1}]}, "time_setup_models_and_sims.TimeBuildSPMeSimulation.time_setup_SPMe_simulation": {"result": [0.2377202790003139, 0.48884535600018353], "stats": [{"ci_99": [0.22468153800036816, 0.2500181140003406], "q_25": 0.22735220575054882, "q_75": 0.24818652799967822, "min": 0.22468153800036816, "max": 0.2500181140003406, "mean": 0.23748201720009093, "std": 0.010807425884662658, "repeat": 10, "number": 1}, {"ci_99": [0.43342857399966306, 0.5105998679991899], "q_25": 0.45590289324945843, "q_75": 0.49184785024999655, "min": 0.43342857399966306, "max": 0.5105998679991899, "mean": 0.4769711363997885, "std": 0.024692245139500444, "repeat": 10, "number": 1}], "params": [["False", "True"]]}, "time_solve_models.TimeSolveDFN.time_solve_model": {"result": [1.1801144099999874, 1.360197909999897], "stats": [{"ci_99": [1.0968679666793584, 1.2980881989997215], "q_25": 1.1719344280002133, "q_75": 1.2367256720003752, "min": 1.099075329999323, "max": 1.2980881989997215, "mean": 1.1970327014999687, "std": 0.06387294450449256, "repeat": 6, "number": 1}, {"ci_99": [1.286623316999794, 1.397630895000475], "q_25": 1.3102240180003264, "q_75": 1.3804579682496296, "min": 1.286623316999794, "max": 1.397630895000475, "mean": 1.3477822806249833, "std": 0.039502341437346454, "repeat": 8, "number": 1}], "params": [["True", "False"]]}, "time_solve_models.TimeSolveSPM.time_solve_model": {"result": [0.05294499049978185, 0.08915627300029882], "stats": [{"ci_99": [0.05185663299926091, 0.05423694599994633], "q_25": 0.05233965875072499, "q_75": 0.053451393249588364, "min": 0.05185663299926091, "max": 0.05423694599994633, "mean": 0.05296977930001958, "std": 0.0007305410546364579, "repeat": 10, "number": 1}, {"ci_99": [0.08182652200048324, 0.09065917799944145], "q_25": 0.08799568675044611, "q_75": 0.08934277300068061, "min": 0.08182652200048324, "max": 0.09065917799944145, "mean": 0.08822365500027445, "std": 0.0023869634352941594, "repeat": 10, "number": 1}], "params": [["True", "False"]]}, "time_solve_models.TimeSolveSPMe.time_solve_model": {"result": [0.08593390199985151, 0.1446966255002735], "stats": [{"ci_99": [0.08138161899933039, 0.08733096099967952], "q_25": 0.08569832249986575, "q_75": 0.08674167775006936, "min": 0.08138161899933039, "max": 0.08733096099967952, "mean": 0.08576483889992233, "std": 0.0016011261996988163, "repeat": 10, "number": 1}, {"ci_99": [0.14073630299935758, 0.150211257000592], "q_25": 0.14393317449957976, "q_75": 0.14715266425037044, "min": 0.14073630299935758, "max": 0.150211257000592, "mean": 0.1452084987001399, "std": 0.0025877033213201873, "repeat": 10, "number": 1}], "params": [["True", "False"]]}}, "params": {"machine": "GitHubRunner", "python": "3.8"}, "requirements": {}, "commit_hash": "c320ad7700211606e53ccfe3ac867d30c495b9c5", "date": 1599481257000, "env_name": "virtualenv-py3.8", "python": "3.8", "profiles": {}, "started_at": {"time_setup_models_and_sims.TimeBuildDFN.time_setup_DFN": 1613580671119, "time_setup_models_and_sims.TimeBuildDFNSimulation.time_setup_DFN_simulation": 1613580677043, "time_setup_models_and_sims.TimeBuildSPM.time_setup_SPM": 1613580681515, "time_setup_models_and_sims.TimeBuildSPMSimulation.time_setup_SPM_simulation": 1613580685733, "time_setup_models_and_sims.TimeBuildSPMe.time_setup_SPMe": 1613580691562, "time_setup_models_and_sims.TimeBuildSPMeSimulation.time_setup_SPMe_simulation": 1613580696694, "time_solve_models.TimeSolveDFN.time_solve_model": 1613580701118, "time_solve_models.TimeSolveSPM.time_solve_model": 1613580727966, "time_solve_models.TimeSolveSPMe.time_solve_model": 1613580739058}, "ended_at": {"time_setup_models_and_sims.TimeBuildDFN.time_setup_DFN": 1613580677042, "time_setup_models_and_sims.TimeBuildDFNSimulation.time_setup_DFN_simulation": 1613580681514, "time_setup_models_and_sims.TimeBuildSPM.time_setup_SPM": 1613580685733, "time_setup_models_and_sims.TimeBuildSPMSimulation.time_setup_SPM_simulation": 1613580691561, "time_setup_models_and_sims.TimeBuildSPMe.time_setup_SPMe": 1613580696694, "time_setup_models_and_sims.TimeBuildSPMeSimulation.time_setup_SPMe_simulation": 1613580701117, "time_solve_models.TimeSolveDFN.time_solve_model": 1613580727966, "time_solve_models.TimeSolveSPM.time_solve_model": 1613580739057, "time_solve_models.TimeSolveSPMe.time_solve_model": 1613580752961}, "benchmark_version": {"time_setup_models_and_sims.TimeBuildDFN.time_setup_DFN": "5f322e51e6b7e66125ee6949bdf25746005db467e8ffcfdcb3ace170e92bbc3d", "time_setup_models_and_sims.TimeBuildDFNSimulation.time_setup_DFN_simulation": "8de44bc542fa7d4ba28a80f24414a9444b5436673aaebba674918f5f0bfd0ebb", "time_setup_models_and_sims.TimeBuildSPM.time_setup_SPM": "0d0b3f5c67fc2da9a5794c66b70af5a45a09558d1ee95f738745385adb84fbca", "time_setup_models_and_sims.TimeBuildSPMSimulation.time_setup_SPM_simulation": "161220a99418ce4487cc29325cbae897f28d0e44ae07e1dfbfaac2cbc53a4ff9", "time_setup_models_and_sims.TimeBuildSPMe.time_setup_SPMe": "6083f5ff944353395eb4b21c97b02af555fe6528de3cd5283f5e139943945235", "time_setup_models_and_sims.TimeBuildSPMeSimulation.time_setup_SPMe_simulation": "530563cb559427795e3648d9648df9250ae100b7721f69eec356bdda7798c55e", "time_solve_models.TimeSolveDFN.time_solve_model": "914137228e20e5900cec36b0d3865f1faa2f5d479c7d6c2539514791f9ec4430", "time_solve_models.TimeSolveSPM.time_solve_model": "ef1bb5f8d1ddfa59650e20438c4b252d73e5a062714848ce1d6d5269382bc598", "time_solve_models.TimeSolveSPMe.time_solve_model": "20672028872f4620ce85e909bae705d9490de441e926510b2b0e53ff0881d87b"}, "version": 1}