{"results": {"time_setup_models_and_sims.TimeBuildDFN.time_setup_DFN": {"result": [0.7063441709999552], "stats": [{"ci_99": [0.6789825500000006, 0.7197899200000393], "q_25": 0.6995397055001149, "q_75": 0.712047230750045, "min": 0.6789825500000006, "max": 0.7197899200000393, "mean": 0.7038796081000328, "std": 0.011479678686252732, "repeat": 10, "number": 1}]}, "time_setup_models_and_sims.TimeBuildDFNSimulation.time_setup_DFN_simulation": {"result": [0.09096081250004318, 0.15072466200012968], "stats": [{"ci_99": [0.08917045299995152, 0.09304126799997903], "q_25": 0.09010295674977442, "q_75": 0.09210111649974806, "min": 0.08917045299995152, "max": 0.09304126799997903, "mean": 0.09100872989997696, "std": 0.0012736366058777933, "repeat": 10, "number": 1}, {"ci_99": [0.14616514299996197, 0.15398848199993154], "q_25": 0.1478999239998302, "q_75": 0.15225586500014288, "min": 0.14616514299996197, "max": 0.15398848199993154, "mean": 0.15029089939998813, "std": 0.0025427369284798393, "repeat": 10, "number": 1}], "params": [["False", "True"]]}, "time_setup_models_and_sims.TimeBuildSPM.time_setup_SPM": {"result": [0.5037415940000756], "stats": [{"ci_99": [0.48248405100002856, 0.5085114539997448], "q_25": 0.4903266392500427, "q_75": 0.5062318680003273, "min": 0.48248405100002856, "max": 0.5085114539997448, "mean": 0.49880488900003, "std": 0.009073289807312469, "repeat": 10, "number": 1}]}, "time_setup_models_and_sims.TimeBuildSPMSimulation.time_setup_SPM_simulation": {"result": [0.22070706450017497, 0.2675363935002224], "stats": [{"ci_99": [0.21039786799974536, 0.22795224500032418], "q_25": 0.21803185649991974, "q_75": 0.22325864650019867, "min": 0.21039786799974536, "max": 0.22795224500032418, "mean": 0.22001311080002778, "std": 0.004861582278199015, "repeat": 10, "number": 1}, {"ci_99": [0.26253173199984303, 0.2713536760002171], "q_25": 0.26655501275013194, "q_75": 0.26964371850010593, "min": 0.26253173199984303, "max": 0.2713536760002171, "mean": 0.2676429008000468, "std": 0.0025317615006860755, "repeat": 10, "number": 1}], "params": [["False", "True"]]}, "time_setup_models_and_sims.TimeBuildSPMe.time_setup_SPMe": {"result": [0.596473293499912], "stats": [{"ci_99": [0.5813931480001884, 0.6062642419997246], "q_25": 0.5898890672500556, "q_75": 0.6003611695000473, "min": 0.5813931480001884, "max": 0.6062642419997246, "mean": 0.5955313441999806, "std": 0.007362118188271142, "repeat": 10, "number": 1}]}, "time_setup_models_and_sims.TimeBuildSPMeSimulation.time_setup_SPMe_simulation": {"result": [0.11242286399988188, 0.18012535849993583], "stats": [{"ci_99": [0.10508513300010236, 0.1140223719999085], "q_25": 0.10839747450006598, "q_75": 0.11321347000000515, "min": 0.10508513300010236, "max": 0.1140223719999085, "mean": 0.1109295094999652, "std": 0.0032049408144324497, "repeat": 10, "number": 1}, {"ci_99": [0.17516638799997963, 0.18832134399963252], "q_25": 0.1781869779998715, "q_75": 0.18238031425016743, "min": 0.17516638799997963, "max": 0.18832134399963252, "mean": 0.18047844980001174, "std": 0.003529080576884952, "repeat": 10, "number": 1}], "params": [["False", "True"]]}, "time_solve_models.TimeSolveDFN.time_solve_model": {"result": [0.9046784069998921, 1.0791566020000118], "stats": [{"ci_99": [0.8920621700003721, 0.9321046650002245], "q_25": 0.9007364302500491, "q_75": 0.9145145664998608, "min": 0.8920621700003721, "max": 0.9321046650002245, "mean": 0.9085227112500434, "std": 0.012253195508930245, "repeat": 8, "number": 1}, {"ci_99": [0.9570591840001725, 1.1326201589999982], "q_25": 1.022060160250021, "q_75": 1.0900104292500146, "min": 0.9570591840001725, "max": 1.1326201589999982, "mean": 1.0561665779000577, "std": 0.05674272045437753, "repeat": 10, "number": 1}], "params": [["True", "False"]]}, "time_solve_models.TimeSolveSPM.time_solve_model": {"result": [0.04841564449998259, 0.08495077549991947], "stats": [{"ci_99": [0.04690463700035252, 0.05811809099986931], "q_25": 0.04783496449999802, "q_75": 0.04895344500016563, "min": 0.04690463700035252, "max": 0.05811809099986931, "mean": 0.04919646720004493, "std": 0.0030667096901367385, "repeat": 10, "number": 1}, {"ci_99": [0.08122580899998866, 0.09503637900024842], "q_25": 0.08314219325029626, "q_75": 0.08562020224997013, "min": 0.08122580899998866, "max": 0.09503637900024842, "mean": 0.08523615730005077, "std": 0.003618844635456123, "repeat": 10, "number": 1}], "params": [["True", "False"]]}, "time_solve_models.TimeSolveSPMe.time_solve_model": {"result": [0.06674363449997145, 0.1244954730000245], "stats": [{"ci_99": [0.06570763099989563, 0.06903224400002728], "q_25": 0.06603228225003477, "q_75": 0.06773438900006568, "min": 0.06570763099989563, "max": 0.06903224400002728, "mean": 0.06704299600000922, "std": 0.0011415544976520911, "repeat": 10, "number": 1}, {"ci_99": [0.12291061799987801, 0.13781908700002532], "q_25": 0.1236124952499722, "q_75": 0.12548383000023478, "min": 0.12291061799987801, "max": 0.13781908700002532, "mean": 0.12580440980000276, "std": 0.004156532427215158, "repeat": 10, "number": 1}], "params": [["True", "False"]]}}, "params": {"machine": "GitHubRunner", "python": "3.8"}, "requirements": {}, "commit_hash": "c573c78b0cf70d9826b692e52ea94b2974e7e038", "date": 1609408032000, "env_name": "virtualenv-py3.8", "python": "3.8", "profiles": {}, "started_at": {"time_setup_models_and_sims.TimeBuildDFN.time_setup_DFN": 1613576727853, "time_setup_models_and_sims.TimeBuildDFNSimulation.time_setup_DFN_simulation": 1613576732375, "time_setup_models_and_sims.TimeBuildSPM.time_setup_SPM": 1613576734040, "time_setup_models_and_sims.TimeBuildSPMSimulation.time_setup_SPM_simulation": 1613576737353, "time_setup_models_and_sims.TimeBuildSPMe.time_setup_SPMe": 1613576740572, "time_setup_models_and_sims.TimeBuildSPMeSimulation.time_setup_SPMe_simulation": 1613576744438, "time_solve_models.TimeSolveDFN.time_solve_model": 1613576746401, "time_solve_models.TimeSolveSPM.time_solve_model": 1613576772138, "time_solve_models.TimeSolveSPMe.time_solve_model": 1613576781977}, "ended_at": {"time_setup_models_and_sims.TimeBuildDFN.time_setup_DFN": 1613576732375, "time_setup_models_and_sims.TimeBuildDFNSimulation.time_setup_DFN_simulation": 1613576734039, "time_setup_models_and_sims.TimeBuildSPM.time_setup_SPM": 1613576737353, "time_setup_models_and_sims.TimeBuildSPMSimulation.time_setup_SPM_simulation": 1613576740572, "time_setup_models_and_sims.TimeBuildSPMe.time_setup_SPMe": 1613576744438, "time_setup_models_and_sims.TimeBuildSPMeSimulation.time_setup_SPMe_simulation": 1613576746400, "time_solve_models.TimeSolveDFN.time_solve_model": 1613576772137, "time_solve_models.TimeSolveSPM.time_solve_model": 1613576781976, "time_solve_models.TimeSolveSPMe.time_solve_model": 1613576793621}, "benchmark_version": {"time_setup_models_and_sims.TimeBuildDFN.time_setup_DFN": "5f322e51e6b7e66125ee6949bdf25746005db467e8ffcfdcb3ace170e92bbc3d", "time_setup_models_and_sims.TimeBuildDFNSimulation.time_setup_DFN_simulation": "8de44bc542fa7d4ba28a80f24414a9444b5436673aaebba674918f5f0bfd0ebb", "time_setup_models_and_sims.TimeBuildSPM.time_setup_SPM": "0d0b3f5c67fc2da9a5794c66b70af5a45a09558d1ee95f738745385adb84fbca", "time_setup_models_and_sims.TimeBuildSPMSimulation.time_setup_SPM_simulation": "161220a99418ce4487cc29325cbae897f28d0e44ae07e1dfbfaac2cbc53a4ff9", "time_setup_models_and_sims.TimeBuildSPMe.time_setup_SPMe": "6083f5ff944353395eb4b21c97b02af555fe6528de3cd5283f5e139943945235", "time_setup_models_and_sims.TimeBuildSPMeSimulation.time_setup_SPMe_simulation": "530563cb559427795e3648d9648df9250ae100b7721f69eec356bdda7798c55e", "time_solve_models.TimeSolveDFN.time_solve_model": "914137228e20e5900cec36b0d3865f1faa2f5d479c7d6c2539514791f9ec4430", "time_solve_models.TimeSolveSPM.time_solve_model": "ef1bb5f8d1ddfa59650e20438c4b252d73e5a062714848ce1d6d5269382bc598", "time_solve_models.TimeSolveSPMe.time_solve_model": "20672028872f4620ce85e909bae705d9490de441e926510b2b0e53ff0881d87b"}, "version": 1}