{"results": {"time_setup_models_and_sims.TimeBuildDFN.time_setup_DFN": {"result": [0.7305355920000238], "stats": [{"ci_99": [0.7012569009998515, 0.7649506089996976], "q_25": 0.7122312024999928, "q_75": 0.7553637382502529, "min": 0.7012569009998515, "max": 0.7649506089996976, "mean": 0.7330943144999764, "std": 0.023543714890615894, "repeat": 10, "number": 1}]}, "time_setup_models_and_sims.TimeBuildDFNSimulation.time_setup_DFN_simulation": {"result": [0.07034883199980868, 0.13740579750015058], "stats": [{"ci_99": [0.06631331200014756, 0.08222598800011838], "q_25": 0.06975347824993605, "q_75": 0.07211666524995053, "min": 0.06631331200014756, "max": 0.08222598800011838, "mean": 0.07131744620000972, "std": 0.004246654150924058, "repeat": 10, "number": 1}, {"ci_99": [0.12955170999975962, 0.15027980900003968], "q_25": 0.13237214774994754, "q_75": 0.1417018432500754, "min": 0.12955170999975962, "max": 0.15027980900003968, "mean": 0.13783939950003515, "std": 0.006271164644744757, "repeat": 10, "number": 1}], "params": [["False", "True"]]}, "time_setup_models_and_sims.TimeBuildSPM.time_setup_SPM": {"result": [0.5119552119999753], "stats": [{"ci_99": [0.49303181999994194, 0.5331226139996943], "q_25": 0.5017679615000361, "q_75": 0.5260669312499431, "min": 0.49303181999994194, "max": 0.5331226139996943, "mean": 0.5131845077999969, "std": 0.013572720596987674, "repeat": 10, "number": 1}]}, "time_setup_models_and_sims.TimeBuildSPMSimulation.time_setup_SPM_simulation": {"result": [0.19941053799993824, 0.38127259599991703], "stats": [{"ci_99": [0.19191250299991225, 0.20903248500007976], "q_25": 0.195871873249871, "q_75": 0.20496634124992852, "min": 0.19191250299991225, "max": 0.20903248500007976, "mean": 0.20024370319993068, "std": 0.005455117415446587, "repeat": 10, "number": 1}, {"ci_99": [0.36802823200014245, 0.39291425300007177], "q_25": 0.3733286567498908, "q_75": 0.38215185224976267, "min": 0.36802823200014245, "max": 0.39291425300007177, "mean": 0.37912837599997146, "std": 0.007195015892992783, "repeat": 10, "number": 1}], "params": [["False", "True"]]}, "time_setup_models_and_sims.TimeBuildSPMe.time_setup_SPMe": {"result": [0.6038852444999065], "stats": [{"ci_99": [0.5566214190002938, 0.6265299540000342], "q_25": 0.581199559749848, "q_75": 0.6156643285000882, "min": 0.5566214190002938, "max": 0.6265299540000342, "mean": 0.5981522776000474, "std": 0.021707725537783613, "repeat": 10, "number": 1}]}, "time_setup_models_and_sims.TimeBuildSPMeSimulation.time_setup_SPMe_simulation": {"result": [0.08376614450003217, 0.16646368450028604], "stats": [{"ci_99": [0.07746506400008002, 0.09197533399992608], "q_25": 0.07933797325006253, "q_75": 0.08619260674993257, "min": 0.07746506400008002, "max": 0.09197533399992608, "mean": 0.08329935250003473, "std": 0.004354029568097482, "repeat": 10, "number": 1}, {"ci_99": [0.14363827499983017, 0.17286541499970554], "q_25": 0.155567481750154, "q_75": 0.17063550449995546, "min": 0.14363827499983017, "max": 0.17286541499970554, "mean": 0.1629377774000659, "std": 0.00947668675458258, "repeat": 10, "number": 1}], "params": [["False", "True"]]}, "time_solve_models.TimeSolveDFN.time_solve_model": {"result": [0.8701447970001936, 1.0424290554999516], "stats": [{"ci_99": [0.8525217189999239, 0.894064612999955], "q_25": 0.8621986552498129, "q_75": 0.878008810749975, "min": 0.8525217189999239, "max": 0.894064612999955, "mean": 0.8706596492500012, "std": 0.012806833786993781, "repeat": 8, "number": 1}, {"ci_99": [1.03244165399974, 1.0707973339999626], "q_25": 1.0361757550000448, "q_75": 1.0491412682499686, "min": 1.03244165399974, "max": 1.0707973339999626, "mean": 1.0454339600999447, "std": 0.01180426243000811, "repeat": 10, "number": 1}], "params": [["True", "False"]]}, "time_solve_models.TimeSolveSPM.time_solve_model": {"result": [0.04618081750004421, 0.08486529950005206], "stats": [{"ci_99": [0.042732501000045886, 0.0528235480001058], "q_25": 0.04577486549999321, "q_75": 0.04712554649972844, "min": 0.042732501000045886, "max": 0.0528235480001058, "mean": 0.046671209599981014, "std": 0.0024092282306379213, "repeat": 10, "number": 1}, {"ci_99": [0.08076388099971155, 0.0872205099999519], "q_25": 0.08329261700021107, "q_75": 0.08597805399961089, "min": 0.08076388099971155, "max": 0.0872205099999519, "mean": 0.08438980709993302, "std": 0.0020136496261097024, "repeat": 10, "number": 1}], "params": [["True", "False"]]}, "time_solve_models.TimeSolveSPMe.time_solve_model": {"result": [0.06658591349992093, 0.12519118899990644], "stats": [{"ci_99": [0.06306859699998313, 0.07328714499999478], "q_25": 0.0654195332499512, "q_75": 0.06769259349994172, "min": 0.06306859699998313, "max": 0.07328714499999478, "mean": 0.06674600410001404, "std": 0.002716963079642824, "repeat": 10, "number": 1}, {"ci_99": [0.11756395300017175, 0.13483723299987105], "q_25": 0.1237894322498505, "q_75": 0.12721737300012137, "min": 0.11756395300017175, "max": 0.13483723299987105, "mean": 0.1252017486999648, "std": 0.004506966181466779, "repeat": 10, "number": 1}], "params": [["True", "False"]]}}, "params": {"machine": "GitHubRunner", "python": "3.8"}, "requirements": {}, "commit_hash": "c6c07f0ef9c49e02ee88bdde99eb2fadfb5bacfc", "date": 1606088179000, "env_name": "virtualenv-py3.8", "python": "3.8", "profiles": {}, "started_at": {"time_setup_models_and_sims.TimeBuildDFN.time_setup_DFN": 1613577555512, "time_setup_models_and_sims.TimeBuildDFNSimulation.time_setup_DFN_simulation": 1613577560031, "time_setup_models_and_sims.TimeBuildSPM.time_setup_SPM": 1613577561493, "time_setup_models_and_sims.TimeBuildSPMSimulation.time_setup_SPM_simulation": 1613577564757, "time_setup_models_and_sims.TimeBuildSPMe.time_setup_SPMe": 1613577568525, "time_setup_models_and_sims.TimeBuildSPMeSimulation.time_setup_SPMe_simulation": 1613577572289, "time_solve_models.TimeSolveDFN.time_solve_model": 1613577574001, "time_solve_models.TimeSolveSPM.time_solve_model": 1613577599382, "time_solve_models.TimeSolveSPMe.time_solve_model": 1613577608920}, "ended_at": {"time_setup_models_and_sims.TimeBuildDFN.time_setup_DFN": 1613577560030, "time_setup_models_and_sims.TimeBuildDFNSimulation.time_setup_DFN_simulation": 1613577561492, "time_setup_models_and_sims.TimeBuildSPM.time_setup_SPM": 1613577564757, "time_setup_models_and_sims.TimeBuildSPMSimulation.time_setup_SPM_simulation": 1613577568524, "time_setup_models_and_sims.TimeBuildSPMe.time_setup_SPMe": 1613577572289, "time_setup_models_and_sims.TimeBuildSPMeSimulation.time_setup_SPMe_simulation": 1613577574000, "time_solve_models.TimeSolveDFN.time_solve_model": 1613577599382, "time_solve_models.TimeSolveSPM.time_solve_model": 1613577608919, "time_solve_models.TimeSolveSPMe.time_solve_model": 1613577620465}, "benchmark_version": {"time_setup_models_and_sims.TimeBuildDFN.time_setup_DFN": "5f322e51e6b7e66125ee6949bdf25746005db467e8ffcfdcb3ace170e92bbc3d", "time_setup_models_and_sims.TimeBuildDFNSimulation.time_setup_DFN_simulation": "8de44bc542fa7d4ba28a80f24414a9444b5436673aaebba674918f5f0bfd0ebb", "time_setup_models_and_sims.TimeBuildSPM.time_setup_SPM": "0d0b3f5c67fc2da9a5794c66b70af5a45a09558d1ee95f738745385adb84fbca", "time_setup_models_and_sims.TimeBuildSPMSimulation.time_setup_SPM_simulation": "161220a99418ce4487cc29325cbae897f28d0e44ae07e1dfbfaac2cbc53a4ff9", "time_setup_models_and_sims.TimeBuildSPMe.time_setup_SPMe": "6083f5ff944353395eb4b21c97b02af555fe6528de3cd5283f5e139943945235", "time_setup_models_and_sims.TimeBuildSPMeSimulation.time_setup_SPMe_simulation": "530563cb559427795e3648d9648df9250ae100b7721f69eec356bdda7798c55e", "time_solve_models.TimeSolveDFN.time_solve_model": "914137228e20e5900cec36b0d3865f1faa2f5d479c7d6c2539514791f9ec4430", "time_solve_models.TimeSolveSPM.time_solve_model": "ef1bb5f8d1ddfa59650e20438c4b252d73e5a062714848ce1d6d5269382bc598", "time_solve_models.TimeSolveSPMe.time_solve_model": "20672028872f4620ce85e909bae705d9490de441e926510b2b0e53ff0881d87b"}, "version": 1}