{"results": {"time_setup_models_and_sims.TimeBuildDFN.time_setup_DFN": {"result": [0.9336846354995032], "stats": [{"ci_99": [0.9215224010004022, 0.9469878710006014], "q_25": 0.9313199129999248, "q_75": 0.9380080845000975, "min": 0.9215224010004022, "max": 0.9469878710006014, "mean": 0.9342683156000021, "std": 0.006496813046763525, "repeat": 10, "number": 1}]}, "time_setup_models_and_sims.TimeBuildDFNSimulation.time_setup_DFN_simulation": {"result": [0.23223333699979776, 0.4650274740001805], "stats": [{"ci_99": [0.22967704399979993, 0.23582971099949646], "q_25": 0.2307717512499039, "q_75": 0.23362300225016952, "min": 0.22967704399979993, "max": 0.23582971099949646, "mean": 0.23240218509990881, "std": 0.0018873151314183537, "repeat": 10, "number": 1}, {"ci_99": [0.45475895599975047, 0.4694017049996546], "q_25": 0.4647772599998916, "q_75": 0.4662026332498499, "min": 0.45475895599975047, "max": 0.4694017049996546, "mean": 0.46478362819998437, "std": 0.0038220992467313127, "repeat": 10, "number": 1}], "params": [["False", "True"]]}, "time_setup_models_and_sims.TimeBuildSPM.time_setup_SPM": {"result": [0.6405648364993795], "stats": [{"ci_99": [0.6327966479993847, 0.644979202000286], "q_25": 0.6372953059997144, "q_75": 0.6436294479997287, "min": 0.6327966479993847, "max": 0.644979202000286, "mean": 0.6400496025998109, "std": 0.004096393624541832, "repeat": 10, "number": 1}]}, "time_setup_models_and_sims.TimeBuildSPMSimulation.time_setup_SPM_simulation": {"result": [0.3069912269997985, 0.597318169999653], "stats": [{"ci_99": [0.29914410800029145, 0.3135042379999504], "q_25": 0.3036246122501325, "q_75": 0.30966441200007466, "min": 0.29914410800029145, "max": 0.3135042379999504, "mean": 0.30655980410001576, "std": 0.004137784420722856, "repeat": 10, "number": 1}, {"ci_99": [0.5743813519993637, 0.608374946999902], "q_25": 0.5895181287496598, "q_75": 0.6012013482502425, "min": 0.5743813519993637, "max": 0.608374946999902, "mean": 0.5954248858999562, "std": 0.009635210020590802, "repeat": 10, "number": 1}], "params": [["False", "True"]]}, "time_setup_models_and_sims.TimeBuildSPMe.time_setup_SPMe": {"result": [0.778900961999625], "stats": [{"ci_99": [0.7558107630002269, 0.7887718709998808], "q_25": 0.7705319642498125, "q_75": 0.7868753312495755, "min": 0.7558107630002269, "max": 0.7887718709998808, "mean": 0.7770986397998059, "std": 0.010355321212697938, "repeat": 10, "number": 1}]}, "time_setup_models_and_sims.TimeBuildSPMeSimulation.time_setup_SPMe_simulation": {"result": [0.2467489289997502, 0.48661873299988656], "stats": [{"ci_99": [0.23830899599943223, 0.24890259299991158], "q_25": 0.24219820375014933, "q_75": 0.24781996024967157, "min": 0.23830899599943223, "max": 0.24890259299991158, "mean": 0.24513769499990304, "std": 0.0036279138631116186, "repeat": 10, "number": 1}, {"ci_99": [0.4668477260001964, 0.49547846899986325], "q_25": 0.47637656350002544, "q_75": 0.490705038249871, "min": 0.4668477260001964, "max": 0.49547846899986325, "mean": 0.48342081230002804, "std": 0.010002157789211123, "repeat": 10, "number": 1}], "params": [["False", "True"]]}, "time_solve_models.TimeSolveDFN.time_solve_model": {"result": [1.1552660355000626, 1.3894030145002034], "stats": [{"ci_99": [1.0957143209998321, 1.18037086365512], "q_25": 1.136907597749996, "q_75": 1.1608487880000666, "min": 1.0957143209998321, "max": 1.1670602250005686, "mean": 1.144467406833428, "std": 0.024504198188331085, "repeat": 6, "number": 1}, {"ci_99": [1.364842506000059, 1.4078877270003431], "q_25": 1.3839788514997053, "q_75": 1.4047877624998364, "min": 1.364842506000059, "max": 1.4078877270003431, "mean": 1.3910745212499478, "std": 0.01383799960534992, "repeat": 8, "number": 1}], "params": [["True", "False"]]}, "time_solve_models.TimeSolveSPM.time_solve_model": {"result": [0.05235550399993372, 0.08976830150004389], "stats": [{"ci_99": [0.0511330409999573, 0.05934659600006853], "q_25": 0.051807294999889564, "q_75": 0.05298527924992413, "min": 0.0511330409999573, "max": 0.05934659600006853, "mean": 0.052976485599992885, "std": 0.002245372999477033, "repeat": 10, "number": 1}, {"ci_99": [0.08386755799983803, 0.09359303199926217], "q_25": 0.0879823350001061, "q_75": 0.09086626375005835, "min": 0.08386755799983803, "max": 0.09359303199926217, "mean": 0.08935461900000519, "std": 0.002582914466040826, "repeat": 10, "number": 1}], "params": [["True", "False"]]}, "time_solve_models.TimeSolveSPMe.time_solve_model": {"result": [0.08588652500020544, 0.1444416154999999], "stats": [{"ci_99": [0.0823446469994451, 0.0999667740006771], "q_25": 0.08405410925024626, "q_75": 0.08766094150064418, "min": 0.0823446469994451, "max": 0.0999667740006771, "mean": 0.08688300190024165, "std": 0.0048162544660065, "repeat": 10, "number": 1}, {"ci_99": [0.14034093200007192, 0.14758049400006712], "q_25": 0.14274359749992982, "q_75": 0.14668811249998726, "min": 0.14034093200007192, "max": 0.14758049400006712, "mean": 0.1444487658000071, "std": 0.0023970558654380467, "repeat": 10, "number": 1}], "params": [["True", "False"]]}}, "params": {"machine": "GitHubRunner", "python": "3.8"}, "requirements": {}, "commit_hash": "c885c8e33651b731b75d0db928b77140433a7b35", "date": 1600785841000, "env_name": "virtualenv-py3.8", "python": "3.8", "profiles": {}, "started_at": {"time_setup_models_and_sims.TimeBuildDFN.time_setup_DFN": 1613580333409, "time_setup_models_and_sims.TimeBuildDFNSimulation.time_setup_DFN_simulation": 1613580339331, "time_setup_models_and_sims.TimeBuildSPM.time_setup_SPM": 1613580343803, "time_setup_models_and_sims.TimeBuildSPMSimulation.time_setup_SPM_simulation": 1613580347921, "time_setup_models_and_sims.TimeBuildSPMe.time_setup_SPMe": 1613580353594, "time_setup_models_and_sims.TimeBuildSPMeSimulation.time_setup_SPMe_simulation": 1613580358512, "time_solve_models.TimeSolveDFN.time_solve_model": 1613580363084, "time_solve_models.TimeSolveSPM.time_solve_model": 1613580389572, "time_solve_models.TimeSolveSPMe.time_solve_model": 1613580400564}, "ended_at": {"time_setup_models_and_sims.TimeBuildDFN.time_setup_DFN": 1613580339331, "time_setup_models_and_sims.TimeBuildDFNSimulation.time_setup_DFN_simulation": 1613580343802, "time_setup_models_and_sims.TimeBuildSPM.time_setup_SPM": 1613580347920, "time_setup_models_and_sims.TimeBuildSPMSimulation.time_setup_SPM_simulation": 1613580353593, "time_setup_models_and_sims.TimeBuildSPMe.time_setup_SPMe": 1613580358512, "time_setup_models_and_sims.TimeBuildSPMeSimulation.time_setup_SPMe_simulation": 1613580363083, "time_solve_models.TimeSolveDFN.time_solve_model": 1613580389571, "time_solve_models.TimeSolveSPM.time_solve_model": 1613580400563, "time_solve_models.TimeSolveSPMe.time_solve_model": 1613580414110}, "benchmark_version": {"time_setup_models_and_sims.TimeBuildDFN.time_setup_DFN": "5f322e51e6b7e66125ee6949bdf25746005db467e8ffcfdcb3ace170e92bbc3d", "time_setup_models_and_sims.TimeBuildDFNSimulation.time_setup_DFN_simulation": "8de44bc542fa7d4ba28a80f24414a9444b5436673aaebba674918f5f0bfd0ebb", "time_setup_models_and_sims.TimeBuildSPM.time_setup_SPM": "0d0b3f5c67fc2da9a5794c66b70af5a45a09558d1ee95f738745385adb84fbca", "time_setup_models_and_sims.TimeBuildSPMSimulation.time_setup_SPM_simulation": "161220a99418ce4487cc29325cbae897f28d0e44ae07e1dfbfaac2cbc53a4ff9", "time_setup_models_and_sims.TimeBuildSPMe.time_setup_SPMe": "6083f5ff944353395eb4b21c97b02af555fe6528de3cd5283f5e139943945235", "time_setup_models_and_sims.TimeBuildSPMeSimulation.time_setup_SPMe_simulation": "530563cb559427795e3648d9648df9250ae100b7721f69eec356bdda7798c55e", "time_solve_models.TimeSolveDFN.time_solve_model": "914137228e20e5900cec36b0d3865f1faa2f5d479c7d6c2539514791f9ec4430", "time_solve_models.TimeSolveSPM.time_solve_model": "ef1bb5f8d1ddfa59650e20438c4b252d73e5a062714848ce1d6d5269382bc598", "time_solve_models.TimeSolveSPMe.time_solve_model": "20672028872f4620ce85e909bae705d9490de441e926510b2b0e53ff0881d87b"}, "version": 1}