{"results": {"time_setup_models_and_sims.TimeBuildDFN.time_setup_DFN": {"result": [0.7235581494999224], "stats": [{"ci_99": [0.7006181570000081, 0.7407969850000882], "q_25": 0.7165276094999626, "q_75": 0.7308290534999742, "min": 0.7006181570000081, "max": 0.7407969850000882, "mean": 0.7222886984999605, "std": 0.011788285625569135, "repeat": 10, "number": 1}]}, "time_setup_models_and_sims.TimeBuildDFNSimulation.time_setup_DFN_simulation": {"result": [0.09354511350011308, 0.15452351549993182], "stats": [{"ci_99": [0.09036204499989253, 0.10213140799987741], "q_25": 0.09297378450014548, "q_75": 0.09481009600017387, "min": 0.09036204499989253, "max": 0.10213140799987741, "mean": 0.09453004810002312, "std": 0.0030615409102842345, "repeat": 10, "number": 1}, {"ci_99": [0.15173344899994845, 0.15872178200015696], "q_25": 0.15391298525014463, "q_75": 0.15615562500022406, "min": 0.15173344899994845, "max": 0.15872178200015696, "mean": 0.15505287800001497, "std": 0.0018905250940646863, "repeat": 10, "number": 1}], "params": [["False", "True"]]}, "time_setup_models_and_sims.TimeBuildSPM.time_setup_SPM": {"result": [0.5184869664999496], "stats": [{"ci_99": [0.5066623979996621, 0.5328417489999993], "q_25": 0.5161369994998495, "q_75": 0.5235598617498454, "min": 0.5066623979996621, "max": 0.5328417489999993, "mean": 0.5196844227999463, "std": 0.006935428847547397, "repeat": 10, "number": 1}]}, "time_setup_models_and_sims.TimeBuildSPMSimulation.time_setup_SPM_simulation": {"result": [0.229450330499958, 0.28074218899996595], "stats": [{"ci_99": [0.22125739100010833, 0.23534316899986152], "q_25": 0.2268951249999418, "q_75": 0.23161415050014966, "min": 0.22125739100010833, "max": 0.23534316899986152, "mean": 0.22895117299999584, "std": 0.004043753862032099, "repeat": 10, "number": 1}, {"ci_99": [0.27590685999985, 0.29008574199997383], "q_25": 0.27821917350013337, "q_75": 0.281150818749893, "min": 0.27590685999985, "max": 0.29008574199997383, "mean": 0.28128255170004196, "std": 0.0042740182982723505, "repeat": 10, "number": 1}], "params": [["False", "True"]]}, "time_setup_models_and_sims.TimeBuildSPMe.time_setup_SPMe": {"result": [0.6126122675000261], "stats": [{"ci_99": [0.6000195550000171, 0.6246512020002228], "q_25": 0.6098505100000011, "q_75": 0.6173747169999615, "min": 0.6000195550000171, "max": 0.6246512020002228, "mean": 0.6132472331000371, "std": 0.006896799833164418, "repeat": 10, "number": 1}]}, "time_setup_models_and_sims.TimeBuildSPMeSimulation.time_setup_SPMe_simulation": {"result": [0.11511391950011785, 0.18332195250013683], "stats": [{"ci_99": [0.10909094200042091, 0.11566977499978748], "q_25": 0.11447758974998123, "q_75": 0.11535874374987998, "min": 0.10909094200042091, "max": 0.11566977499978748, "mean": 0.1143789659000504, "std": 0.0018662175745865963, "repeat": 10, "number": 1}, {"ci_99": [0.18179310200002874, 0.1874746309999864], "q_25": 0.1829932012497011, "q_75": 0.18472191700016083, "min": 0.18179310200002874, "max": 0.1874746309999864, "mean": 0.18402081989997895, "std": 0.0018141989462180208, "repeat": 10, "number": 1}], "params": [["False", "True"]]}, "time_solve_models.TimeSolveDFN.time_solve_model": {"result": [0.8628310599999622, 1.061609187500153], "stats": [{"ci_99": [0.8489305089997288, 0.8759180090000882], "q_25": 0.8604708560000063, "q_75": 0.8699510372501891, "min": 0.8489305089997288, "max": 0.8759180090000882, "mean": 0.8637882153749956, "std": 0.007831254278730436, "repeat": 8, "number": 1}, {"ci_99": [1.0467959839998002, 1.0954819790003967], "q_25": 1.0519345567498704, "q_75": 1.071788939250041, "min": 1.0467959839998002, "max": 1.0954819790003967, "mean": 1.064069517100006, "std": 0.014651152919064226, "repeat": 10, "number": 1}], "params": [["True", "False"]]}, "time_solve_models.TimeSolveSPM.time_solve_model": {"result": [0.04729888299993945, 0.08385261149965118], "stats": [{"ci_99": [0.04579672699992443, 0.053656763000162755], "q_25": 0.046910006500183954, "q_75": 0.04790171199999804, "min": 0.04579672699992443, "max": 0.053656763000162755, "mean": 0.047899386000062806, "std": 0.0020455449563327225, "repeat": 10, "number": 1}, {"ci_99": [0.08295191000024715, 0.08822493600018788], "q_25": 0.08319166100000075, "q_75": 0.0841847887501217, "min": 0.08295191000024715, "max": 0.08822493600018788, "mean": 0.08421255470002506, "std": 0.0014860859533706887, "repeat": 10, "number": 1}], "params": [["True", "False"]]}, "time_solve_models.TimeSolveSPMe.time_solve_model": {"result": [0.06667822899976272, 0.12420531049997408], "stats": [{"ci_99": [0.06594522600016717, 0.06732802999977139], "q_25": 0.06645690250013558, "q_75": 0.06687890299986066, "min": 0.06594522600016717, "max": 0.06732802999977139, "mean": 0.06667863819998274, "std": 0.00039815026211659227, "repeat": 10, "number": 1}, {"ci_99": [0.12104449700018449, 0.14019818599990685], "q_25": 0.12238975400009622, "q_75": 0.12653636949994507, "min": 0.12104449700018449, "max": 0.14019818599990685, "mean": 0.12566354760001558, "std": 0.005232317586596734, "repeat": 10, "number": 1}], "params": [["True", "False"]]}}, "params": {"machine": "GitHubRunner", "python": "3.8"}, "requirements": {}, "commit_hash": "cbacc30533bef91ecbc30b73048a4d093374b730", "date": 1608653231000, "env_name": "virtualenv-py3.8", "python": "3.8", "profiles": {}, "started_at": {"time_setup_models_and_sims.TimeBuildDFN.time_setup_DFN": 1613576865317, "time_setup_models_and_sims.TimeBuildDFNSimulation.time_setup_DFN_simulation": 1613576869886, "time_setup_models_and_sims.TimeBuildSPM.time_setup_SPM": 1613576871601, "time_setup_models_and_sims.TimeBuildSPMSimulation.time_setup_SPM_simulation": 1613576874965, "time_setup_models_and_sims.TimeBuildSPMe.time_setup_SPMe": 1613576878282, "time_setup_models_and_sims.TimeBuildSPMeSimulation.time_setup_SPMe_simulation": 1613576882253, "time_solve_models.TimeSolveDFN.time_solve_model": 1613576884317, "time_solve_models.TimeSolveSPM.time_solve_model": 1613576909957, "time_solve_models.TimeSolveSPMe.time_solve_model": 1613576919696}, "ended_at": {"time_setup_models_and_sims.TimeBuildDFN.time_setup_DFN": 1613576869885, "time_setup_models_and_sims.TimeBuildDFNSimulation.time_setup_DFN_simulation": 1613576871600, "time_setup_models_and_sims.TimeBuildSPM.time_setup_SPM": 1613576874965, "time_setup_models_and_sims.TimeBuildSPMSimulation.time_setup_SPM_simulation": 1613576878282, "time_setup_models_and_sims.TimeBuildSPMe.time_setup_SPMe": 1613576882253, "time_setup_models_and_sims.TimeBuildSPMeSimulation.time_setup_SPMe_simulation": 1613576884316, "time_solve_models.TimeSolveDFN.time_solve_model": 1613576909956, "time_solve_models.TimeSolveSPM.time_solve_model": 1613576919695, "time_solve_models.TimeSolveSPMe.time_solve_model": 1613576931392}, "benchmark_version": {"time_setup_models_and_sims.TimeBuildDFN.time_setup_DFN": "5f322e51e6b7e66125ee6949bdf25746005db467e8ffcfdcb3ace170e92bbc3d", "time_setup_models_and_sims.TimeBuildDFNSimulation.time_setup_DFN_simulation": "8de44bc542fa7d4ba28a80f24414a9444b5436673aaebba674918f5f0bfd0ebb", "time_setup_models_and_sims.TimeBuildSPM.time_setup_SPM": "0d0b3f5c67fc2da9a5794c66b70af5a45a09558d1ee95f738745385adb84fbca", "time_setup_models_and_sims.TimeBuildSPMSimulation.time_setup_SPM_simulation": "161220a99418ce4487cc29325cbae897f28d0e44ae07e1dfbfaac2cbc53a4ff9", "time_setup_models_and_sims.TimeBuildSPMe.time_setup_SPMe": "6083f5ff944353395eb4b21c97b02af555fe6528de3cd5283f5e139943945235", "time_setup_models_and_sims.TimeBuildSPMeSimulation.time_setup_SPMe_simulation": "530563cb559427795e3648d9648df9250ae100b7721f69eec356bdda7798c55e", "time_solve_models.TimeSolveDFN.time_solve_model": "914137228e20e5900cec36b0d3865f1faa2f5d479c7d6c2539514791f9ec4430", "time_solve_models.TimeSolveSPM.time_solve_model": "ef1bb5f8d1ddfa59650e20438c4b252d73e5a062714848ce1d6d5269382bc598", "time_solve_models.TimeSolveSPMe.time_solve_model": "20672028872f4620ce85e909bae705d9490de441e926510b2b0e53ff0881d87b"}, "version": 1}