{"results": {"time_setup_models_and_sims.TimeBuildDFN.time_setup_DFN": {"result": [0.826338301499959], "stats": [{"ci_99": [0.796043434000012, 0.8392576240000835], "q_25": 0.8217058447499426, "q_75": 0.8305463704999738, "min": 0.796043434000012, "max": 0.8392576240000835, "mean": 0.8241675731999749, "std": 0.01098879094081088, "repeat": 10, "number": 1}]}, "time_setup_models_and_sims.TimeBuildDFNSimulation.time_setup_DFN_simulation": {"result": [0.10334069600003204, 0.17400481800007128], "stats": [{"ci_99": [0.10051364600008128, 0.10789725399990857], "q_25": 0.1031006524999043, "q_75": 0.10452506024984132, "min": 0.10051364600008128, "max": 0.10789725399990857, "mean": 0.10382184839995716, "std": 0.0020034004238478186, "repeat": 10, "number": 1}, {"ci_99": [0.17026962399995682, 0.17662150700016355], "q_25": 0.1723822732498661, "q_75": 0.17465835950002884, "min": 0.17026962399995682, "max": 0.17662150700016355, "mean": 0.17354235600002993, "std": 0.0017469982029498898, "repeat": 10, "number": 1}], "params": [["False", "True"]]}, "time_setup_models_and_sims.TimeBuildSPM.time_setup_SPM": {"result": [0.5364308779999192], "stats": [{"ci_99": [0.52030931399986, 0.54330878199994], "q_25": 0.528480835750031, "q_75": 0.5392593352499944, "min": 0.52030931399986, "max": 0.54330878199994, "mean": 0.5341374131999601, "std": 0.006977154471423301, "repeat": 10, "number": 1}]}, "time_setup_models_and_sims.TimeBuildSPMSimulation.time_setup_SPM_simulation": {"result": [0.22936963900008323, 0.2766801514999315], "stats": [{"ci_99": [0.2267053590001069, 0.2310777819998293], "q_25": 0.22905992149998156, "q_75": 0.2301922937500649, "min": 0.2267053590001069, "max": 0.2310777819998293, "mean": 0.2293531461000157, "std": 0.0012741244814266969, "repeat": 10, "number": 1}, {"ci_99": [0.2592678999999407, 0.2954689099999541], "q_25": 0.2664070377501844, "q_75": 0.28174833900004614, "min": 0.2592678999999407, "max": 0.2954689099999541, "mean": 0.27547147530001437, "std": 0.0107042531315553, "repeat": 10, "number": 1}], "params": [["False", "True"]]}, "time_setup_models_and_sims.TimeBuildSPMe.time_setup_SPMe": {"result": [0.6203044480000699], "stats": [{"ci_99": [0.6074693640000532, 0.6412519650000377], "q_25": 0.6127789702499626, "q_75": 0.6305106374999241, "min": 0.6074693640000532, "max": 0.6412519650000377, "mean": 0.6223091275000115, "std": 0.011302881496318919, "repeat": 10, "number": 1}]}, "time_setup_models_and_sims.TimeBuildSPMeSimulation.time_setup_SPMe_simulation": {"result": [0.1177760660000331, 0.1850464159998637], "stats": [{"ci_99": [0.11252500499995222, 0.12288152500013894], "q_25": 0.11538746975003278, "q_75": 0.11977095874988208, "min": 0.11252500499995222, "max": 0.12288152500013894, "mean": 0.11775833530000454, "std": 0.0033185921934024707, "repeat": 10, "number": 1}, {"ci_99": [0.17826395700012654, 0.194190787000025], "q_25": 0.1806509442500328, "q_75": 0.19086377024984813, "min": 0.17826395700012654, "max": 0.194190787000025, "mean": 0.18568346929996551, "std": 0.0057030836289508275, "repeat": 10, "number": 1}], "params": [["False", "True"]]}, "time_solve_models.TimeSolveDFN.time_solve_model": {"result": [0.7912053905000676, 0.9991196995000564], "stats": [{"ci_99": [0.7634247749999759, 0.8200287500001195], "q_25": 0.7835260160001098, "q_75": 0.8080836529998692, "min": 0.7634247749999759, "max": 0.8200287500001195, "mean": 0.7935241857500159, "std": 0.017404824150247414, "repeat": 8, "number": 1}, {"ci_99": [0.9550280379999094, 1.0438399310000932], "q_25": 0.9840047705000075, "q_75": 1.0330128525000646, "min": 0.9550280379999094, "max": 1.0438399310000932, "mean": 1.0028226779000533, "std": 0.02972109599004261, "repeat": 10, "number": 1}], "params": [["True", "False"]]}, "time_solve_models.TimeSolveSPM.time_solve_model": {"result": [0.04258236200007559, 0.08313448299998072], "stats": [{"ci_99": [0.04186721899986878, 0.04542962699997588], "q_25": 0.042214996000097926, "q_75": 0.043085722999933296, "min": 0.04186721899986878, "max": 0.04542962699997588, "mean": 0.042842048700003944, "std": 0.000990846453659744, "repeat": 10, "number": 1}, {"ci_99": [0.08171862500012139, 0.08531682400007412], "q_25": 0.08262522599989097, "q_75": 0.08343911399992976, "min": 0.08171862500012139, "max": 0.08531682400007412, "mean": 0.08316123299998708, "std": 0.0010346664879434897, "repeat": 10, "number": 1}], "params": [["True", "False"]]}, "time_solve_models.TimeSolveSPMe.time_solve_model": {"result": [0.060179755500030296, 0.1228194695000866], "stats": [{"ci_99": [0.05950330899986511, 0.061445904000038354], "q_25": 0.059618505499940966, "q_75": 0.06053885325007968, "min": 0.05950330899986511, "max": 0.061445904000038354, "mean": 0.06020768509997652, "std": 0.0006380757923627545, "repeat": 10, "number": 1}, {"ci_99": [0.12173922900001344, 0.12399151099998562], "q_25": 0.12217563149994248, "q_75": 0.12335635524999589, "min": 0.12173922900001344, "max": 0.12399151099998562, "mean": 0.12282185980000122, "std": 0.0008032160064720124, "repeat": 10, "number": 1}], "params": [["True", "False"]]}}, "params": {"machine": "GitHubRunner", "python": "3.8"}, "requirements": {}, "commit_hash": "cd9f8bee9e9e4ce139cff0ce3180207f4c0513cd", "date": 1612382027000, "env_name": "virtualenv-py3.8", "python": "3.8", "profiles": {}, "started_at": {"time_setup_models_and_sims.TimeBuildDFN.time_setup_DFN": 1613574922920, "time_setup_models_and_sims.TimeBuildDFNSimulation.time_setup_DFN_simulation": 1613574928141, "time_setup_models_and_sims.TimeBuildSPM.time_setup_SPM": 1613574930013, "time_setup_models_and_sims.TimeBuildSPMSimulation.time_setup_SPM_simulation": 1613574933529, "time_setup_models_and_sims.TimeBuildSPMe.time_setup_SPMe": 1613574936897, "time_setup_models_and_sims.TimeBuildSPMeSimulation.time_setup_SPMe_simulation": 1613574940963, "time_solve_models.TimeSolveDFN.time_solve_model": 1613574943027, "time_solve_models.TimeSolveSPM.time_solve_model": 1613574969314, "time_solve_models.TimeSolveSPMe.time_solve_model": 1613574979405}, "ended_at": {"time_setup_models_and_sims.TimeBuildDFN.time_setup_DFN": 1613574928141, "time_setup_models_and_sims.TimeBuildDFNSimulation.time_setup_DFN_simulation": 1613574930013, "time_setup_models_and_sims.TimeBuildSPM.time_setup_SPM": 1613574933528, "time_setup_models_and_sims.TimeBuildSPMSimulation.time_setup_SPM_simulation": 1613574936896, "time_setup_models_and_sims.TimeBuildSPMe.time_setup_SPMe": 1613574940963, "time_setup_models_and_sims.TimeBuildSPMeSimulation.time_setup_SPMe_simulation": 1613574943026, "time_solve_models.TimeSolveDFN.time_solve_model": 1613574969314, "time_solve_models.TimeSolveSPM.time_solve_model": 1613574979404, "time_solve_models.TimeSolveSPMe.time_solve_model": 1613574991246}, "benchmark_version": {"time_setup_models_and_sims.TimeBuildDFN.time_setup_DFN": "5f322e51e6b7e66125ee6949bdf25746005db467e8ffcfdcb3ace170e92bbc3d", "time_setup_models_and_sims.TimeBuildDFNSimulation.time_setup_DFN_simulation": "8de44bc542fa7d4ba28a80f24414a9444b5436673aaebba674918f5f0bfd0ebb", "time_setup_models_and_sims.TimeBuildSPM.time_setup_SPM": "0d0b3f5c67fc2da9a5794c66b70af5a45a09558d1ee95f738745385adb84fbca", "time_setup_models_and_sims.TimeBuildSPMSimulation.time_setup_SPM_simulation": "161220a99418ce4487cc29325cbae897f28d0e44ae07e1dfbfaac2cbc53a4ff9", "time_setup_models_and_sims.TimeBuildSPMe.time_setup_SPMe": "6083f5ff944353395eb4b21c97b02af555fe6528de3cd5283f5e139943945235", "time_setup_models_and_sims.TimeBuildSPMeSimulation.time_setup_SPMe_simulation": "530563cb559427795e3648d9648df9250ae100b7721f69eec356bdda7798c55e", "time_solve_models.TimeSolveDFN.time_solve_model": "914137228e20e5900cec36b0d3865f1faa2f5d479c7d6c2539514791f9ec4430", "time_solve_models.TimeSolveSPM.time_solve_model": "ef1bb5f8d1ddfa59650e20438c4b252d73e5a062714848ce1d6d5269382bc598", "time_solve_models.TimeSolveSPMe.time_solve_model": "20672028872f4620ce85e909bae705d9490de441e926510b2b0e53ff0881d87b"}, "version": 1}