{"results": {"time_setup_models_and_sims.TimeBuildDFN.time_setup_DFN": {"result": [0.8981222784996135], "stats": [{"ci_99": [0.818057471999964, 0.935449050999523], "q_25": 0.8853619117501239, "q_75": 0.9211558305000835, "min": 0.818057471999964, "max": 0.935449050999523, "mean": 0.8952749869999025, "std": 0.03381845692269368, "repeat": 10, "number": 1}]}, "time_setup_models_and_sims.TimeBuildDFNSimulation.time_setup_DFN_simulation": {"result": [0.2313029924998773, 0.45425692250000793], "stats": [{"ci_99": [0.22621885599983216, 0.2369964350000373], "q_25": 0.22889492624995, "q_75": 0.23439644099948964, "min": 0.22621885599983216, "max": 0.2369964350000373, "mean": 0.23159009029996014, "std": 0.0036039129484748012, "repeat": 10, "number": 1}, {"ci_99": [0.44073412400030065, 0.46493269999973563], "q_25": 0.4505012962501951, "q_75": 0.4603062642497662, "min": 0.44073412400030065, "max": 0.46493269999973563, "mean": 0.4542521821000264, "std": 0.007168393822963372, "repeat": 10, "number": 1}], "params": [["False", "True"]]}, "time_setup_models_and_sims.TimeBuildSPM.time_setup_SPM": {"result": [0.6265696444993409], "stats": [{"ci_99": [0.5991491790000509, 0.6468007640005453], "q_25": 0.6096282052503739, "q_75": 0.6404402645002847, "min": 0.5991491790000509, "max": 0.6468007640005453, "mean": 0.6244729304000429, "std": 0.016907012005659968, "repeat": 10, "number": 1}]}, "time_setup_models_and_sims.TimeBuildSPMSimulation.time_setup_SPM_simulation": {"result": [0.303308897000079, 0.5818793555004049], "stats": [{"ci_99": [0.2923425340004542, 0.3069891049999569], "q_25": 0.29787607524986015, "q_75": 0.30649425099977634, "min": 0.2923425340004542, "max": 0.3069891049999569, "mean": 0.30142160250006783, "std": 0.005428207491382342, "repeat": 10, "number": 1}, {"ci_99": [0.5631829089998064, 0.5980120869999155], "q_25": 0.5677869917503813, "q_75": 0.5961209710001185, "min": 0.5631829089998064, "max": 0.5980120869999155, "mean": 0.5816152840000541, "std": 0.01418967795010167, "repeat": 10, "number": 1}], "params": [["False", "True"]]}, "time_setup_models_and_sims.TimeBuildSPMe.time_setup_SPMe": {"result": [0.774077616500108], "stats": [{"ci_99": [0.7332709450001857, 0.7969674669993765], "q_25": 0.7519212007500755, "q_75": 0.7937347907500225, "min": 0.7332709450001857, "max": 0.7969674669993765, "mean": 0.7702374212000904, "std": 0.023416716927376843, "repeat": 10, "number": 1}]}, "time_setup_models_and_sims.TimeBuildSPMeSimulation.time_setup_SPMe_simulation": {"result": [0.24203218650018243, 0.48010303999990356], "stats": [{"ci_99": [0.22932666999986395, 0.25052007300018886], "q_25": 0.23649954624943348, "q_75": 0.24633371725008146, "min": 0.22932666999986395, "max": 0.25052007300018886, "mean": 0.24135118159993, "std": 0.006287173148934222, "repeat": 10, "number": 1}, {"ci_99": [0.46579698899950017, 0.49383789199964667], "q_25": 0.4712441762501385, "q_75": 0.48401134249979805, "min": 0.46579698899950017, "max": 0.49383789199964667, "mean": 0.47898898229987025, "std": 0.008550688362396055, "repeat": 10, "number": 1}], "params": [["False", "True"]]}, "time_solve_models.TimeSolveDFN.time_solve_model": {"result": [1.1662632709999343, 1.3726409374999093], "stats": [{"ci_99": [1.1175352890004433, 1.2133475410000756], "q_25": 1.158083930249859, "q_75": 1.175278098249919, "min": 1.1175352890004433, "max": 1.2133475410000756, "mean": 1.1661749826666892, "std": 0.028504618001049108, "repeat": 6, "number": 1}, {"ci_99": [1.316774169999917, 1.413628100999631], "q_25": 1.3418504457499694, "q_75": 1.4052240110002003, "min": 1.316774169999917, "max": 1.413628100999631, "mean": 1.3709006241249426, "std": 0.035936991449062594, "repeat": 8, "number": 1}], "params": [["True", "False"]]}, "time_solve_models.TimeSolveSPM.time_solve_model": {"result": [0.05217333000018698, 0.08563158149991068], "stats": [{"ci_99": [0.049610366999331745, 0.05520759800037922], "q_25": 0.05145167999990008, "q_75": 0.052898905999654744, "min": 0.049610366999331745, "max": 0.05520759800037922, "mean": 0.05228073130001576, "std": 0.0014516863864414916, "repeat": 10, "number": 1}, {"ci_99": [0.08268079400022543, 0.0938880749999953], "q_25": 0.08481817525034785, "q_75": 0.09115745924987095, "min": 0.08268079400022543, "max": 0.0938880749999953, "mean": 0.0872578452000198, "std": 0.004038294984297341, "repeat": 10, "number": 1}], "params": [["True", "False"]]}, "time_solve_models.TimeSolveSPMe.time_solve_model": {"result": [0.08567262999986269, 0.1445767485001852], "stats": [{"ci_99": [0.08142698400024528, 0.09323306900023454], "q_25": 0.08524425174982753, "q_75": 0.08778562949964908, "min": 0.08142698400024528, "max": 0.09323306900023454, "mean": 0.08656253869994543, "std": 0.002941071184000844, "repeat": 10, "number": 1}, {"ci_99": [0.14147233899984712, 0.15269629399972473], "q_25": 0.14296699299939064, "q_75": 0.145334010499937, "min": 0.14147233899984712, "max": 0.15269629399972473, "mean": 0.14494994109982146, "std": 0.002956779431598418, "repeat": 10, "number": 1}], "params": [["True", "False"]]}}, "params": {"machine": "GitHubRunner", "python": "3.8"}, "requirements": {}, "commit_hash": "d431b5cfa155f53e527a2e2847a301a10c420b55", "date": 1601105081000, "env_name": "virtualenv-py3.8", "python": "3.8", "profiles": {}, "started_at": {"time_setup_models_and_sims.TimeBuildDFN.time_setup_DFN": 1613579993070, "time_setup_models_and_sims.TimeBuildDFNSimulation.time_setup_DFN_simulation": 1613579998742, "time_setup_models_and_sims.TimeBuildSPM.time_setup_SPM": 1613580003112, "time_setup_models_and_sims.TimeBuildSPMSimulation.time_setup_SPM_simulation": 1613580007029, "time_setup_models_and_sims.TimeBuildSPMe.time_setup_SPMe": 1613580012555, "time_setup_models_and_sims.TimeBuildSPMeSimulation.time_setup_SPMe_simulation": 1613580017324, "time_solve_models.TimeSolveDFN.time_solve_model": 1613580021846, "time_solve_models.TimeSolveSPM.time_solve_model": 1613580048841, "time_solve_models.TimeSolveSPMe.time_solve_model": 1613580059939}, "ended_at": {"time_setup_models_and_sims.TimeBuildDFN.time_setup_DFN": 1613579998742, "time_setup_models_and_sims.TimeBuildDFNSimulation.time_setup_DFN_simulation": 1613580003112, "time_setup_models_and_sims.TimeBuildSPM.time_setup_SPM": 1613580007028, "time_setup_models_and_sims.TimeBuildSPMSimulation.time_setup_SPM_simulation": 1613580012554, "time_setup_models_and_sims.TimeBuildSPMe.time_setup_SPMe": 1613580017323, "time_setup_models_and_sims.TimeBuildSPMeSimulation.time_setup_SPMe_simulation": 1613580021845, "time_solve_models.TimeSolveDFN.time_solve_model": 1613580048840, "time_solve_models.TimeSolveSPM.time_solve_model": 1613580059938, "time_solve_models.TimeSolveSPMe.time_solve_model": 1613580073901}, "benchmark_version": {"time_setup_models_and_sims.TimeBuildDFN.time_setup_DFN": "5f322e51e6b7e66125ee6949bdf25746005db467e8ffcfdcb3ace170e92bbc3d", "time_setup_models_and_sims.TimeBuildDFNSimulation.time_setup_DFN_simulation": "8de44bc542fa7d4ba28a80f24414a9444b5436673aaebba674918f5f0bfd0ebb", "time_setup_models_and_sims.TimeBuildSPM.time_setup_SPM": "0d0b3f5c67fc2da9a5794c66b70af5a45a09558d1ee95f738745385adb84fbca", "time_setup_models_and_sims.TimeBuildSPMSimulation.time_setup_SPM_simulation": "161220a99418ce4487cc29325cbae897f28d0e44ae07e1dfbfaac2cbc53a4ff9", "time_setup_models_and_sims.TimeBuildSPMe.time_setup_SPMe": "6083f5ff944353395eb4b21c97b02af555fe6528de3cd5283f5e139943945235", "time_setup_models_and_sims.TimeBuildSPMeSimulation.time_setup_SPMe_simulation": "530563cb559427795e3648d9648df9250ae100b7721f69eec356bdda7798c55e", "time_solve_models.TimeSolveDFN.time_solve_model": "914137228e20e5900cec36b0d3865f1faa2f5d479c7d6c2539514791f9ec4430", "time_solve_models.TimeSolveSPM.time_solve_model": "ef1bb5f8d1ddfa59650e20438c4b252d73e5a062714848ce1d6d5269382bc598", "time_solve_models.TimeSolveSPMe.time_solve_model": "20672028872f4620ce85e909bae705d9490de441e926510b2b0e53ff0881d87b"}, "version": 1}