{"results": {"time_setup_models_and_sims.TimeBuildDFN.time_setup_DFN": {"result": [0.9513658015000033], "stats": [{"ci_99": [0.9053279429999748, 0.9726703259999567], "q_25": 0.9285912569999368, "q_75": 0.9703935985000101, "min": 0.9053279429999748, "max": 0.9726703259999567, "mean": 0.9469311778000019, "std": 0.024355753205161732, "repeat": 10, "number": 1}]}, "time_setup_models_and_sims.TimeBuildDFNSimulation.time_setup_DFN_simulation": {"result": [0.11723955450003132, 0.1947023795000291], "stats": [{"ci_99": [0.11432408299992858, 0.12154323899994779], "q_25": 0.1155764410000586, "q_75": 0.11892291974996283, "min": 0.11432408299992858, "max": 0.12154323899994779, "mean": 0.11736929689998306, "std": 0.0023482029063100636, "repeat": 10, "number": 1}, {"ci_99": [0.18899552599998515, 0.20622628699993584], "q_25": 0.1904539837500181, "q_75": 0.19967706475000568, "min": 0.18899552599998515, "max": 0.20622628699993584, "mean": 0.19560882020000464, "std": 0.005487025812722517, "repeat": 10, "number": 1}], "params": [["False", "True"]]}, "time_setup_models_and_sims.TimeBuildSPM.time_setup_SPM": {"result": [0.5264192104999665], "stats": [{"ci_99": [0.5155108509999309, 0.5334299710000323], "q_25": 0.5215301757500299, "q_75": 0.5287560170000063, "min": 0.5155108509999309, "max": 0.5334299710000323, "mean": 0.5253960680999853, "std": 0.0052663003537390994, "repeat": 10, "number": 1}]}, "time_setup_models_and_sims.TimeBuildSPMSimulation.time_setup_SPM_simulation": {"result": [0.11017454150004369, 0.17074219399995627], "stats": [{"ci_99": [0.10870643900000232, 0.11443556599999738], "q_25": 0.10924881750000281, "q_75": 0.11099091500000213, "min": 0.10870643900000232, "max": 0.11443556599999738, "mean": 0.11048110400000724, "std": 0.0016529989822562654, "repeat": 10, "number": 1}, {"ci_99": [0.16413266099993962, 0.17401201100005892], "q_25": 0.16747855649998655, "q_75": 0.1712314155000172, "min": 0.16413266099993962, "max": 0.17401201100005892, "mean": 0.1697374183999841, "std": 0.0029003655279851446, "repeat": 10, "number": 1}], "params": [["False", "True"]]}, "time_setup_models_and_sims.TimeBuildSPMe.time_setup_SPMe": {"result": [0.7790291919999959], "stats": [{"ci_99": [0.761289636000015, 0.8184387740000147], "q_25": 0.7669153484999924, "q_75": 0.7969250962499927, "min": 0.761289636000015, "max": 0.8184387740000147, "mean": 0.7829390990999968, "std": 0.018407754551116155, "repeat": 10, "number": 1}]}, "time_setup_models_and_sims.TimeBuildSPMeSimulation.time_setup_SPMe_simulation": {"result": [0.1235037065000597, 0.2097293520000676], "stats": [{"ci_99": [0.11795517899997776, 0.1279912410000179], "q_25": 0.12120334849998926, "q_75": 0.1252946714999723, "min": 0.11795517899997776, "max": 0.1279912410000179, "mean": 0.12331694969999489, "std": 0.002847190327752178, "repeat": 10, "number": 1}, {"ci_99": [0.20832199599999512, 0.22272083099994688], "q_25": 0.20925460550000707, "q_75": 0.21673803274998704, "min": 0.20832199599999512, "max": 0.22272083099994688, "mean": 0.21302292230001285, "std": 0.005397503686886697, "repeat": 10, "number": 1}], "params": [["False", "True"]]}, "time_solve_models.TimeSolveDFN.time_solve_model": {"result": [0.7572616929999754, 0.8911104620000287], "stats": [{"ci_99": [0.7405662169999232, 0.7726398579999341], "q_25": 0.7505677612500676, "q_75": 0.7713649117499983, "min": 0.7405662169999232, "max": 0.7726398579999341, "mean": 0.758521472874989, "std": 0.011839053967773438, "repeat": 8, "number": 1}, {"ci_99": [0.8659104060000118, 0.9254662069999995], "q_25": 0.874129087249969, "q_75": 0.9066034874999502, "min": 0.8659104060000118, "max": 0.9254662069999995, "mean": 0.8914258657000005, "std": 0.01928842725022235, "repeat": 10, "number": 1}], "params": [["True", "False"]]}, "time_solve_models.TimeSolveSPM.time_solve_model": {"result": [0.03897705549996999, 0.06377340950001553], "stats": [{"ci_99": [0.03754884399995717, 0.04255382400003782], "q_25": 0.03803649950009458, "q_75": 0.039940572500000826, "min": 0.03754884399995717, "max": 0.04255382400003782, "mean": 0.039192300300010176, "std": 0.0014213865993161854, "repeat": 10, "number": 1}, {"ci_99": [0.061053317999949286, 0.06544384000005721], "q_25": 0.06355120800000691, "q_75": 0.06503131499994197, "min": 0.061053317999949286, "max": 0.06544384000005721, "mean": 0.06376688039999863, "std": 0.0014546023101494735, "repeat": 10, "number": 1}], "params": [["True", "False"]]}, "time_solve_models.TimeSolveSPMe.time_solve_model": {"result": [0.052502200999981596, 0.10038146499994127], "stats": [{"ci_99": [0.05166646400004993, 0.054196537999928296], "q_25": 0.05234792824992951, "q_75": 0.0529183220000391, "min": 0.05166646400004993, "max": 0.054196537999928296, "mean": 0.052670270599992366, "std": 0.0006732257594754018, "repeat": 10, "number": 1}, {"ci_99": [0.09875210600000628, 0.1021758320000572], "q_25": 0.09958791225000141, "q_75": 0.10115578549994098, "min": 0.09875210600000628, "max": 0.1021758320000572, "mean": 0.10041686229998277, "std": 0.001029225732307413, "repeat": 10, "number": 1}], "params": [["True", "False"]]}}, "params": {"machine": "GitHubRunner", "python": "3.8"}, "requirements": {}, "commit_hash": "d74083d1c3c7781fc9669a7ae2ad3f634063a1e5", "date": 1612803244000, "env_name": "virtualenv-py3.8", "python": "3.8", "profiles": {}, "started_at": {"time_setup_models_and_sims.TimeBuildDFN.time_setup_DFN": 1613574196055, "time_setup_models_and_sims.TimeBuildDFNSimulation.time_setup_DFN_simulation": 1613574201926, "time_setup_models_and_sims.TimeBuildSPM.time_setup_SPM": 1613574203991, "time_setup_models_and_sims.TimeBuildSPMSimulation.time_setup_SPM_simulation": 1613574207404, "time_setup_models_and_sims.TimeBuildSPMe.time_setup_SPMe": 1613574209269, "time_setup_models_and_sims.TimeBuildSPMeSimulation.time_setup_SPMe_simulation": 1613574214238, "time_solve_models.TimeSolveDFN.time_solve_model": 1613574216454, "time_solve_models.TimeSolveSPM.time_solve_model": 1613574243501, "time_solve_models.TimeSolveSPMe.time_solve_model": 1613574253087}, "ended_at": {"time_setup_models_and_sims.TimeBuildDFN.time_setup_DFN": 1613574201926, "time_setup_models_and_sims.TimeBuildDFNSimulation.time_setup_DFN_simulation": 1613574203990, "time_setup_models_and_sims.TimeBuildSPM.time_setup_SPM": 1613574207403, "time_setup_models_and_sims.TimeBuildSPMSimulation.time_setup_SPM_simulation": 1613574209268, "time_setup_models_and_sims.TimeBuildSPMe.time_setup_SPMe": 1613574214238, "time_setup_models_and_sims.TimeBuildSPMeSimulation.time_setup_SPMe_simulation": 1613574216453, "time_solve_models.TimeSolveDFN.time_solve_model": 1613574243500, "time_solve_models.TimeSolveSPM.time_solve_model": 1613574253087, "time_solve_models.TimeSolveSPMe.time_solve_model": 1613574266736}, "benchmark_version": {"time_setup_models_and_sims.TimeBuildDFN.time_setup_DFN": "5f322e51e6b7e66125ee6949bdf25746005db467e8ffcfdcb3ace170e92bbc3d", "time_setup_models_and_sims.TimeBuildDFNSimulation.time_setup_DFN_simulation": "8de44bc542fa7d4ba28a80f24414a9444b5436673aaebba674918f5f0bfd0ebb", "time_setup_models_and_sims.TimeBuildSPM.time_setup_SPM": "0d0b3f5c67fc2da9a5794c66b70af5a45a09558d1ee95f738745385adb84fbca", "time_setup_models_and_sims.TimeBuildSPMSimulation.time_setup_SPM_simulation": "161220a99418ce4487cc29325cbae897f28d0e44ae07e1dfbfaac2cbc53a4ff9", "time_setup_models_and_sims.TimeBuildSPMe.time_setup_SPMe": "6083f5ff944353395eb4b21c97b02af555fe6528de3cd5283f5e139943945235", "time_setup_models_and_sims.TimeBuildSPMeSimulation.time_setup_SPMe_simulation": "530563cb559427795e3648d9648df9250ae100b7721f69eec356bdda7798c55e", "time_solve_models.TimeSolveDFN.time_solve_model": "914137228e20e5900cec36b0d3865f1faa2f5d479c7d6c2539514791f9ec4430", "time_solve_models.TimeSolveSPM.time_solve_model": "ef1bb5f8d1ddfa59650e20438c4b252d73e5a062714848ce1d6d5269382bc598", "time_solve_models.TimeSolveSPMe.time_solve_model": "20672028872f4620ce85e909bae705d9490de441e926510b2b0e53ff0881d87b"}, "version": 1}