{"results": {"time_setup_models_and_sims.TimeBuildDFN.time_setup_DFN": {"result": [0.7431513409999297], "stats": [{"ci_99": [0.7007376770000064, 0.7786505750000288], "q_25": 0.7179739022499234, "q_75": 0.7729659504999518, "min": 0.7007376770000064, "max": 0.7786505750000288, "mean": 0.742638408799985, "std": 0.029685631791398943, "repeat": 10, "number": 1}]}, "time_setup_models_and_sims.TimeBuildDFNSimulation.time_setup_DFN_simulation": {"result": [0.09265740399985134, 0.15550557800008846], "stats": [{"ci_99": [0.08862598900009289, 0.1013973399999486], "q_25": 0.09036299624995081, "q_75": 0.09372170575005612, "min": 0.08862598900009289, "max": 0.1013973399999486, "mean": 0.09300619549999282, "std": 0.0037134627572047558, "repeat": 10, "number": 1}, {"ci_99": [0.15223376800008737, 0.16729692499984594], "q_25": 0.15313189699992336, "q_75": 0.15703635524994297, "min": 0.15223376800008737, "max": 0.16729692499984594, "mean": 0.1562773512999911, "std": 0.004278498459630376, "repeat": 10, "number": 1}], "params": [["False", "True"]]}, "time_setup_models_and_sims.TimeBuildSPM.time_setup_SPM": {"result": [0.5297077080000463], "stats": [{"ci_99": [0.5222135900000922, 0.545209659999955], "q_25": 0.5244153252501178, "q_75": 0.536059270749945, "min": 0.5222135900000922, "max": 0.545209659999955, "mean": 0.5307866527000215, "std": 0.007536086795867817, "repeat": 10, "number": 1}]}, "time_setup_models_and_sims.TimeBuildSPMSimulation.time_setup_SPM_simulation": {"result": [0.2217708660000426, 0.27256448649995946], "stats": [{"ci_99": [0.22007646499992006, 0.22507767399997647], "q_25": 0.22118631050011572, "q_75": 0.2228255420000096, "min": 0.22007646499992006, "max": 0.22507767399997647, "mean": 0.22204306700000415, "std": 0.0014706970734820982, "repeat": 10, "number": 1}, {"ci_99": [0.25549301900014143, 0.2827904230000513], "q_25": 0.2692566802498959, "q_75": 0.27436443675003375, "min": 0.25549301900014143, "max": 0.2827904230000513, "mean": 0.27153402200001436, "std": 0.007340605402225252, "repeat": 10, "number": 1}], "params": [["False", "True"]]}, "time_setup_models_and_sims.TimeBuildSPMe.time_setup_SPMe": {"result": [0.62459288499997], "stats": [{"ci_99": [0.612673882000081, 0.6360457509999833], "q_25": 0.6219172387499725, "q_75": 0.6299517244999038, "min": 0.612673882000081, "max": 0.6360457509999833, "mean": 0.625302590699971, "std": 0.0065969270487853384, "repeat": 10, "number": 1}]}, "time_setup_models_and_sims.TimeBuildSPMeSimulation.time_setup_SPMe_simulation": {"result": [0.11276054399991153, 0.18389974499996242], "stats": [{"ci_99": [0.11134208099997522, 0.11420339300002524], "q_25": 0.11222734124999079, "q_75": 0.11306421374996489, "min": 0.11134208099997522, "max": 0.11420339300002524, "mean": 0.11274393029996191, "std": 0.0008773582581803363, "repeat": 10, "number": 1}, {"ci_99": [0.1777120679998916, 0.18580100300005142], "q_25": 0.1826668245000178, "q_75": 0.18503055200000063, "min": 0.1777120679998916, "max": 0.18580100300005142, "mean": 0.18317247659999794, "std": 0.0024937099998059427, "repeat": 10, "number": 1}], "params": [["False", "True"]]}, "time_solve_models.TimeSolveDFN.time_solve_model": {"result": [0.8142939060001027, 1.011056104500085], "stats": [{"ci_99": [0.7998210939999808, 0.8284736169998723], "q_25": 0.8104219205000618, "q_75": 0.825332513250089, "min": 0.7998210939999808, "max": 0.8284736169998723, "mean": 0.815523315250033, "std": 0.00978024334831338, "repeat": 8, "number": 1}, {"ci_99": [0.9958311869997942, 1.0355877080000937], "q_25": 1.0041505885000106, "q_75": 1.0163436412498754, "min": 0.9958311869997942, "max": 1.0355877080000937, "mean": 1.0111867304999804, "std": 0.011279584398816366, "repeat": 10, "number": 1}], "params": [["True", "False"]]}, "time_solve_models.TimeSolveSPM.time_solve_model": {"result": [0.04247783350001555, 0.08305136100000254], "stats": [{"ci_99": [0.04137968000009096, 0.04389919100003681], "q_25": 0.04230663350006125, "q_75": 0.04274193374993729, "min": 0.04137968000009096, "max": 0.04389919100003681, "mean": 0.04263035430001309, "std": 0.0006915895421014097, "repeat": 10, "number": 1}, {"ci_99": [0.08192265200000293, 0.08598457300013251], "q_25": 0.08271350600006144, "q_75": 0.084222190000105, "min": 0.08192265200000293, "max": 0.08598457300013251, "mean": 0.08343925080005192, "std": 0.0012222244645045616, "repeat": 10, "number": 1}], "params": [["True", "False"]]}, "time_solve_models.TimeSolveSPMe.time_solve_model": {"result": [0.05907630349997817, 0.12519614299992554], "stats": [{"ci_99": [0.05301123000003827, 0.06053986000006262], "q_25": 0.055490041000098245, "q_75": 0.05973653375002641, "min": 0.05301123000003827, "max": 0.06053986000006262, "mean": 0.05781249950002802, "std": 0.0025106933386865346, "repeat": 10, "number": 1}, {"ci_99": [0.11836840799992387, 0.13205447300015294], "q_25": 0.12170992274997161, "q_75": 0.12725755074990275, "min": 0.11836840799992387, "max": 0.13205447300015294, "mean": 0.1247102982999877, "std": 0.003953249369783331, "repeat": 10, "number": 1}], "params": [["True", "False"]]}}, "params": {"machine": "GitHubRunner", "python": "3.8"}, "requirements": {}, "commit_hash": "d90636a755b7b77bbc75ae7bc2728c8ee2fa730a", "date": 1611827617000, "env_name": "virtualenv-py3.8", "python": "3.8", "profiles": {}, "started_at": {"time_setup_models_and_sims.TimeBuildDFN.time_setup_DFN": 1613575344052, "time_setup_models_and_sims.TimeBuildDFNSimulation.time_setup_DFN_simulation": 1613575348922, "time_setup_models_and_sims.TimeBuildSPM.time_setup_SPM": 1613575350637, "time_setup_models_and_sims.TimeBuildSPMSimulation.time_setup_SPM_simulation": 1613575354150, "time_setup_models_and_sims.TimeBuildSPMe.time_setup_SPMe": 1613575357467, "time_setup_models_and_sims.TimeBuildSPMeSimulation.time_setup_SPMe_simulation": 1613575361534, "time_solve_models.TimeSolveDFN.time_solve_model": 1613575363498, "time_solve_models.TimeSolveSPM.time_solve_model": 1613575388782, "time_solve_models.TimeSolveSPMe.time_solve_model": 1613575398419}, "ended_at": {"time_setup_models_and_sims.TimeBuildDFN.time_setup_DFN": 1613575348922, "time_setup_models_and_sims.TimeBuildDFNSimulation.time_setup_DFN_simulation": 1613575350636, "time_setup_models_and_sims.TimeBuildSPM.time_setup_SPM": 1613575354150, "time_setup_models_and_sims.TimeBuildSPMSimulation.time_setup_SPM_simulation": 1613575357466, "time_setup_models_and_sims.TimeBuildSPMe.time_setup_SPMe": 1613575361534, "time_setup_models_and_sims.TimeBuildSPMeSimulation.time_setup_SPMe_simulation": 1613575363498, "time_solve_models.TimeSolveDFN.time_solve_model": 1613575388781, "time_solve_models.TimeSolveSPM.time_solve_model": 1613575398419, "time_solve_models.TimeSolveSPMe.time_solve_model": 1613575410011}, "benchmark_version": {"time_setup_models_and_sims.TimeBuildDFN.time_setup_DFN": "5f322e51e6b7e66125ee6949bdf25746005db467e8ffcfdcb3ace170e92bbc3d", "time_setup_models_and_sims.TimeBuildDFNSimulation.time_setup_DFN_simulation": "8de44bc542fa7d4ba28a80f24414a9444b5436673aaebba674918f5f0bfd0ebb", "time_setup_models_and_sims.TimeBuildSPM.time_setup_SPM": "0d0b3f5c67fc2da9a5794c66b70af5a45a09558d1ee95f738745385adb84fbca", "time_setup_models_and_sims.TimeBuildSPMSimulation.time_setup_SPM_simulation": "161220a99418ce4487cc29325cbae897f28d0e44ae07e1dfbfaac2cbc53a4ff9", "time_setup_models_and_sims.TimeBuildSPMe.time_setup_SPMe": "6083f5ff944353395eb4b21c97b02af555fe6528de3cd5283f5e139943945235", "time_setup_models_and_sims.TimeBuildSPMeSimulation.time_setup_SPMe_simulation": "530563cb559427795e3648d9648df9250ae100b7721f69eec356bdda7798c55e", "time_solve_models.TimeSolveDFN.time_solve_model": "914137228e20e5900cec36b0d3865f1faa2f5d479c7d6c2539514791f9ec4430", "time_solve_models.TimeSolveSPM.time_solve_model": "ef1bb5f8d1ddfa59650e20438c4b252d73e5a062714848ce1d6d5269382bc598", "time_solve_models.TimeSolveSPMe.time_solve_model": "20672028872f4620ce85e909bae705d9490de441e926510b2b0e53ff0881d87b"}, "version": 1}