{"results": {"time_setup_models_and_sims.TimeBuildDFN.time_setup_DFN": {"result": [0.9332743129998562], "stats": [{"ci_99": [0.9211213019998468, 0.9507836860002499], "q_25": 0.9266620824996608, "q_75": 0.9375433249997513, "min": 0.9211213019998468, "max": 0.9507836860002499, "mean": 0.9335208715998305, "std": 0.008491323678495635, "repeat": 10, "number": 1}]}, "time_setup_models_and_sims.TimeBuildDFNSimulation.time_setup_DFN_simulation": {"result": [0.22608394600047177, 0.4496699795004133], "stats": [{"ci_99": [0.2232141819995377, 0.2279228070001409], "q_25": 0.22471469049992265, "q_75": 0.22647939949956708, "min": 0.2232141819995377, "max": 0.2279228070001409, "mean": 0.22573308539995196, "std": 0.0015332263150565951, "repeat": 10, "number": 1}, {"ci_99": [0.4381393110006684, 0.4573808230006762], "q_25": 0.4434091939999689, "q_75": 0.45277354500012734, "min": 0.4381393110006684, "max": 0.4573808230006762, "mean": 0.4484007514003679, "std": 0.0058081659641769645, "repeat": 10, "number": 1}], "params": [["False", "True"]]}, "time_setup_models_and_sims.TimeBuildSPM.time_setup_SPM": {"result": [0.6367875314999765], "stats": [{"ci_99": [0.6274432729996988, 0.6484902040001543], "q_25": 0.632485664499427, "q_75": 0.6410016395000184, "min": 0.6274432729996988, "max": 0.6484902040001543, "mean": 0.6372212188000048, "std": 0.006063368012344909, "repeat": 10, "number": 1}]}, "time_setup_models_and_sims.TimeBuildSPMSimulation.time_setup_SPM_simulation": {"result": [0.3000497049997648, 0.5848423189995628], "stats": [{"ci_99": [0.29794873999981064, 0.3074366030004967], "q_25": 0.2989609214998836, "q_75": 0.30565963800040663, "min": 0.29794873999981064, "max": 0.3074366030004967, "mean": 0.30182504560007145, "std": 0.0035947664491113402, "repeat": 10, "number": 1}, {"ci_99": [0.5790435740000248, 0.5930273610001677], "q_25": 0.5823134217496317, "q_75": 0.5864646217501104, "min": 0.5790435740000248, "max": 0.5930273610001677, "mean": 0.5849816352998459, "std": 0.00385329128957303, "repeat": 10, "number": 1}], "params": [["False", "True"]]}, "time_setup_models_and_sims.TimeBuildSPMe.time_setup_SPMe": {"result": [0.7887410234998242], "stats": [{"ci_99": [0.7672565350003424, 0.8014211580002666], "q_25": 0.7811538487499092, "q_75": 0.7892838987495452, "min": 0.7672565350003424, "max": 0.8014211580002666, "mean": 0.7866540705999796, "std": 0.009843939675190727, "repeat": 10, "number": 1}]}, "time_setup_models_and_sims.TimeBuildSPMeSimulation.time_setup_SPMe_simulation": {"result": [0.24346405249980307, 0.4843858889994408], "stats": [{"ci_99": [0.24073058900012256, 0.24824423599966394], "q_25": 0.2411513642502996, "q_75": 0.24434181074980188, "min": 0.24073058900012256, "max": 0.24824423599966394, "mean": 0.24330143319994021, "std": 0.002268328929279604, "repeat": 10, "number": 1}, {"ci_99": [0.4527090000001408, 0.49120533099994645], "q_25": 0.4793092332502056, "q_75": 0.48741061449982226, "min": 0.4527090000001408, "max": 0.49120533099994645, "mean": 0.48137170399986645, "std": 0.010379855279911507, "repeat": 10, "number": 1}], "params": [["False", "True"]]}, "time_solve_models.TimeSolveDFN.time_solve_model": {"result": [1.1972613939997245, 1.3496173819999058], "stats": [{"ci_99": [1.124871906804594, 1.2520689398620146], "q_25": 1.15770461624993, "q_75": 1.2192418880001696, "min": 1.1302398719999474, "max": 1.2349721370001134, "mean": 1.1884704233333043, "std": 0.038272079881651246, "repeat": 6, "number": 1}, {"ci_99": [1.3124101929997778, 1.3872281750000184], "q_25": 1.3275926364999577, "q_75": 1.3850938857497113, "min": 1.3124101929997778, "max": 1.3872281750000184, "mean": 1.3530393408748296, "std": 0.027982828778733787, "repeat": 8, "number": 1}], "params": [["True", "False"]]}, "time_solve_models.TimeSolveSPM.time_solve_model": {"result": [0.05083361349988991, 0.08815039299997807], "stats": [{"ci_99": [0.048903202000474266, 0.05221142299978965], "q_25": 0.05061643725002796, "q_75": 0.051522543249802766, "min": 0.048903202000474266, "max": 0.05221142299978965, "mean": 0.05086859400007597, "std": 0.0008746889855869807, "repeat": 10, "number": 1}, {"ci_99": [0.08635413299998618, 0.0887300470003538], "q_25": 0.08716938849988765, "q_75": 0.08834459474996947, "min": 0.08635413299998618, "max": 0.0887300470003538, "mean": 0.08781157170005827, "std": 0.0007654232600484084, "repeat": 10, "number": 1}], "params": [["True", "False"]]}, "time_solve_models.TimeSolveSPMe.time_solve_model": {"result": [0.08837699600007909, 0.14777791150027042], "stats": [{"ci_99": [0.08540082600029564, 0.09264267100024881], "q_25": 0.08624618174962961, "q_75": 0.08957995200012192, "min": 0.08540082600029564, "max": 0.09264267100024881, "mean": 0.08832657500006462, "std": 0.002278572763823121, "repeat": 10, "number": 1}, {"ci_99": [0.14460719299950142, 0.15665106500000547], "q_25": 0.14667875499981164, "q_75": 0.15078368025024247, "min": 0.14460719299950142, "max": 0.15665106500000547, "mean": 0.14909517969999797, "std": 0.003571587468481396, "repeat": 10, "number": 1}], "params": [["True", "False"]]}}, "params": {"machine": "GitHubRunner", "python": "3.8"}, "requirements": {}, "commit_hash": "dd37a7f21fd5af29f8f333b3e6c3e66116d5eaa3", "date": 1596565518000, "env_name": "virtualenv-py3.8", "python": "3.8", "profiles": {}, "started_at": {"time_setup_models_and_sims.TimeBuildDFN.time_setup_DFN": 1613581343833, "time_setup_models_and_sims.TimeBuildDFNSimulation.time_setup_DFN_simulation": 1613581349708, "time_setup_models_and_sims.TimeBuildSPM.time_setup_SPM": 1613581354078, "time_setup_models_and_sims.TimeBuildSPMSimulation.time_setup_SPM_simulation": 1613581358199, "time_setup_models_and_sims.TimeBuildSPMe.time_setup_SPMe": 1613581363774, "time_setup_models_and_sims.TimeBuildSPMeSimulation.time_setup_SPMe_simulation": 1613581368743, "time_solve_models.TimeSolveDFN.time_solve_model": 1613581373415, "time_solve_models.TimeSolveSPM.time_solve_model": 1613581399911, "time_solve_models.TimeSolveSPMe.time_solve_model": 1613581410700}, "ended_at": {"time_setup_models_and_sims.TimeBuildDFN.time_setup_DFN": 1613581349707, "time_setup_models_and_sims.TimeBuildDFNSimulation.time_setup_DFN_simulation": 1613581354078, "time_setup_models_and_sims.TimeBuildSPM.time_setup_SPM": 1613581358198, "time_setup_models_and_sims.TimeBuildSPMSimulation.time_setup_SPM_simulation": 1613581363773, "time_setup_models_and_sims.TimeBuildSPMe.time_setup_SPMe": 1613581368743, "time_setup_models_and_sims.TimeBuildSPMeSimulation.time_setup_SPMe_simulation": 1613581373414, "time_solve_models.TimeSolveDFN.time_solve_model": 1613581399910, "time_solve_models.TimeSolveSPM.time_solve_model": 1613581410699, "time_solve_models.TimeSolveSPMe.time_solve_model": 1613581424702}, "benchmark_version": {"time_setup_models_and_sims.TimeBuildDFN.time_setup_DFN": "5f322e51e6b7e66125ee6949bdf25746005db467e8ffcfdcb3ace170e92bbc3d", "time_setup_models_and_sims.TimeBuildDFNSimulation.time_setup_DFN_simulation": "8de44bc542fa7d4ba28a80f24414a9444b5436673aaebba674918f5f0bfd0ebb", "time_setup_models_and_sims.TimeBuildSPM.time_setup_SPM": "0d0b3f5c67fc2da9a5794c66b70af5a45a09558d1ee95f738745385adb84fbca", "time_setup_models_and_sims.TimeBuildSPMSimulation.time_setup_SPM_simulation": "161220a99418ce4487cc29325cbae897f28d0e44ae07e1dfbfaac2cbc53a4ff9", "time_setup_models_and_sims.TimeBuildSPMe.time_setup_SPMe": "6083f5ff944353395eb4b21c97b02af555fe6528de3cd5283f5e139943945235", "time_setup_models_and_sims.TimeBuildSPMeSimulation.time_setup_SPMe_simulation": "530563cb559427795e3648d9648df9250ae100b7721f69eec356bdda7798c55e", "time_solve_models.TimeSolveDFN.time_solve_model": "914137228e20e5900cec36b0d3865f1faa2f5d479c7d6c2539514791f9ec4430", "time_solve_models.TimeSolveSPM.time_solve_model": "ef1bb5f8d1ddfa59650e20438c4b252d73e5a062714848ce1d6d5269382bc598", "time_solve_models.TimeSolveSPMe.time_solve_model": "20672028872f4620ce85e909bae705d9490de441e926510b2b0e53ff0881d87b"}, "version": 1}