{"results": {"time_setup_models_and_sims.TimeBuildDFN.time_setup_DFN": {"result": [0.7228355865004232], "stats": [{"ci_99": [0.7112093449995882, 0.7437277890003315], "q_25": 0.7144466962499791, "q_75": 0.7329274862502189, "min": 0.7112093449995882, "max": 0.7437277890003315, "mean": 0.7243866464001257, "std": 0.010790387669842364, "repeat": 10, "number": 1}]}, "time_setup_models_and_sims.TimeBuildDFNSimulation.time_setup_DFN_simulation": {"result": [0.06605281449947142, 0.12960146099976555], "stats": [{"ci_99": [0.06037991900029738, 0.07774395199976425], "q_25": 0.06461364924939517, "q_75": 0.06744735474990193, "min": 0.06037991900029738, "max": 0.07774395199976425, "mean": 0.06742912409972632, "std": 0.005516307877238793, "repeat": 10, "number": 1}, {"ci_99": [0.12460726700010127, 0.13712387400028092], "q_25": 0.12555037225047272, "q_75": 0.13529046124949673, "min": 0.12460726700010127, "max": 0.13712387400028092, "mean": 0.13040740679998636, "std": 0.005143133310081575, "repeat": 10, "number": 1}], "params": [["False", "True"]]}, "time_setup_models_and_sims.TimeBuildSPM.time_setup_SPM": {"result": [0.5112891905000652], "stats": [{"ci_99": [0.49806135800008633, 0.5212369000000763], "q_25": 0.5025887160002185, "q_75": 0.51646174050029, "min": 0.49806135800008633, "max": 0.5212369000000763, "mean": 0.5098336103999828, "std": 0.008115397234335364, "repeat": 10, "number": 1}]}, "time_setup_models_and_sims.TimeBuildSPMSimulation.time_setup_SPM_simulation": {"result": [0.19220819899965136, 0.36991689349997614], "stats": [{"ci_99": [0.18708049799988657, 0.20274923800025135], "q_25": 0.18883776075017522, "q_75": 0.19602418999988913, "min": 0.18708049799988657, "max": 0.20274923800025135, "mean": 0.19292039379988637, "std": 0.004635630786953726, "repeat": 10, "number": 1}, {"ci_99": [0.3536722520002513, 0.39011886499974935], "q_25": 0.35943519324996487, "q_75": 0.37657631874958497, "min": 0.3536722520002513, "max": 0.39011886499974935, "mean": 0.3701712160999705, "std": 0.011810182360231989, "repeat": 10, "number": 1}], "params": [["False", "True"]]}, "time_setup_models_and_sims.TimeBuildSPMe.time_setup_SPMe": {"result": [0.5852921480004625], "stats": [{"ci_99": [0.5719192630003818, 0.6134263430003557], "q_25": 0.5766685457501808, "q_75": 0.6008740292502353, "min": 0.5719192630003818, "max": 0.6134263430003557, "mean": 0.5883850119001182, "std": 0.01401338944613441, "repeat": 10, "number": 1}]}, "time_setup_models_and_sims.TimeBuildSPMeSimulation.time_setup_SPMe_simulation": {"result": [0.08093421649982702, 0.16048332300033508], "stats": [{"ci_99": [0.07629882900073426, 0.08363599200038152], "q_25": 0.0787070975000006, "q_75": 0.08246385774964438, "min": 0.07629882900073426, "max": 0.08363599200038152, "mean": 0.08048835340005098, "std": 0.0023705568467248554, "repeat": 10, "number": 1}, {"ci_99": [0.15608828099993843, 0.16685658000005787], "q_25": 0.15985803749958905, "q_75": 0.1612730847500643, "min": 0.15608828099993843, "max": 0.16685658000005787, "mean": 0.1607943854000041, "std": 0.0025696464745228477, "repeat": 10, "number": 1}], "params": [["False", "True"]]}, "time_solve_models.TimeSolveDFN.time_solve_model": {"result": [0.8695265460000883, 1.054361100999813], "stats": [{"ci_99": [0.8585883420000755, 0.881622021000112], "q_25": 0.861133229500183, "q_75": 0.8751466382502713, "min": 0.8585883420000755, "max": 0.881622021000112, "mean": 0.8689799105001157, "std": 0.007687922588582897, "repeat": 8, "number": 1}, {"ci_99": [1.0427595099999962, 1.0676865509994968], "q_25": 1.0492826764996153, "q_75": 1.0577523002505131, "min": 1.0427595099999962, "max": 1.0676865509994968, "mean": 1.0536751405999893, "std": 0.007109403647415486, "repeat": 10, "number": 1}], "params": [["True", "False"]]}, "time_solve_models.TimeSolveSPM.time_solve_model": {"result": [0.04605276949996551, 0.08268351650031036], "stats": [{"ci_99": [0.044202810000570025, 0.04691132199968706], "q_25": 0.045881265000161875, "q_75": 0.046550251249982466, "min": 0.044202810000570025, "max": 0.04691132199968706, "mean": 0.046058899400122755, "std": 0.0007367056664531293, "repeat": 10, "number": 1}, {"ci_99": [0.07810504600001877, 0.08782120200066856], "q_25": 0.08191578900073182, "q_75": 0.0836585262504741, "min": 0.07810504600001877, "max": 0.08782120200066856, "mean": 0.0826725821002583, "std": 0.002558980652284546, "repeat": 10, "number": 1}], "params": [["True", "False"]]}, "time_solve_models.TimeSolveSPMe.time_solve_model": {"result": [0.06464729199979047, 0.1233778510004413], "stats": [{"ci_99": [0.06401844699939829, 0.06561745799990604], "q_25": 0.06439447200000359, "q_75": 0.06496074724941536, "min": 0.06401844699939829, "max": 0.06561745799990604, "mean": 0.06471644719977121, "std": 0.00045920194587637225, "repeat": 10, "number": 1}, {"ci_99": [0.11967433399968286, 0.12887008000052447], "q_25": 0.12174339850025717, "q_75": 0.12482957725001143, "min": 0.11967433399968286, "max": 0.12887008000052447, "mean": 0.12360905260020445, "std": 0.002832835755284047, "repeat": 10, "number": 1}], "params": [["True", "False"]]}}, "params": {"machine": "GitHubRunner", "python": "3.8"}, "requirements": {}, "commit_hash": "dd8e5ebf85dc4324e163adad274ccb56c88f3698", "date": 1604421094000, "env_name": "virtualenv-py3.8", "python": "3.8", "profiles": {}, "started_at": {"time_setup_models_and_sims.TimeBuildDFN.time_setup_DFN": 1613578516136, "time_setup_models_and_sims.TimeBuildDFNSimulation.time_setup_DFN_simulation": 1613578520706, "time_setup_models_and_sims.TimeBuildSPM.time_setup_SPM": 1613578522170, "time_setup_models_and_sims.TimeBuildSPMSimulation.time_setup_SPM_simulation": 1613578525486, "time_setup_models_and_sims.TimeBuildSPMe.time_setup_SPMe": 1613578529206, "time_setup_models_and_sims.TimeBuildSPMeSimulation.time_setup_SPMe_simulation": 1613578532972, "time_solve_models.TimeSolveDFN.time_solve_model": 1613578534735, "time_solve_models.TimeSolveSPM.time_solve_model": 1613578560020, "time_solve_models.TimeSolveSPMe.time_solve_model": 1613578569161}, "ended_at": {"time_setup_models_and_sims.TimeBuildDFN.time_setup_DFN": 1613578520705, "time_setup_models_and_sims.TimeBuildDFNSimulation.time_setup_DFN_simulation": 1613578522169, "time_setup_models_and_sims.TimeBuildSPM.time_setup_SPM": 1613578525486, "time_setup_models_and_sims.TimeBuildSPMSimulation.time_setup_SPM_simulation": 1613578529205, "time_setup_models_and_sims.TimeBuildSPMe.time_setup_SPMe": 1613578532971, "time_setup_models_and_sims.TimeBuildSPMeSimulation.time_setup_SPMe_simulation": 1613578534735, "time_solve_models.TimeSolveDFN.time_solve_model": 1613578560019, "time_solve_models.TimeSolveSPM.time_solve_model": 1613578569161, "time_solve_models.TimeSolveSPMe.time_solve_model": 1613578580054}, "benchmark_version": {"time_setup_models_and_sims.TimeBuildDFN.time_setup_DFN": "5f322e51e6b7e66125ee6949bdf25746005db467e8ffcfdcb3ace170e92bbc3d", "time_setup_models_and_sims.TimeBuildDFNSimulation.time_setup_DFN_simulation": "8de44bc542fa7d4ba28a80f24414a9444b5436673aaebba674918f5f0bfd0ebb", "time_setup_models_and_sims.TimeBuildSPM.time_setup_SPM": "0d0b3f5c67fc2da9a5794c66b70af5a45a09558d1ee95f738745385adb84fbca", "time_setup_models_and_sims.TimeBuildSPMSimulation.time_setup_SPM_simulation": "161220a99418ce4487cc29325cbae897f28d0e44ae07e1dfbfaac2cbc53a4ff9", "time_setup_models_and_sims.TimeBuildSPMe.time_setup_SPMe": "6083f5ff944353395eb4b21c97b02af555fe6528de3cd5283f5e139943945235", "time_setup_models_and_sims.TimeBuildSPMeSimulation.time_setup_SPMe_simulation": "530563cb559427795e3648d9648df9250ae100b7721f69eec356bdda7798c55e", "time_solve_models.TimeSolveDFN.time_solve_model": "914137228e20e5900cec36b0d3865f1faa2f5d479c7d6c2539514791f9ec4430", "time_solve_models.TimeSolveSPM.time_solve_model": "ef1bb5f8d1ddfa59650e20438c4b252d73e5a062714848ce1d6d5269382bc598", "time_solve_models.TimeSolveSPMe.time_solve_model": "20672028872f4620ce85e909bae705d9490de441e926510b2b0e53ff0881d87b"}, "version": 1}