{"results": {"time_setup_models_and_sims.TimeBuildDFN.time_setup_DFN": {"result": [0.9584067115006292], "stats": [{"ci_99": [0.9400306110001111, 0.9747291989997393], "q_25": 0.9528923407497132, "q_75": 0.9664508472501439, "min": 0.9400306110001111, "max": 0.9747291989997393, "mean": 0.9581834899000569, "std": 0.010841012025412199, "repeat": 10, "number": 1}]}, "time_setup_models_and_sims.TimeBuildDFNSimulation.time_setup_DFN_simulation": {"result": [0.22988389149986688, 0.45935453050014985], "stats": [{"ci_99": [0.22804153299966856, 0.2366234800001621], "q_25": 0.22915980874972774, "q_75": 0.23141662974967403, "min": 0.22804153299966856, "max": 0.2366234800001621, "mean": 0.23099736869980916, "std": 0.002840953419659543, "repeat": 10, "number": 1}, {"ci_99": [0.4525210310002876, 0.46462530699955096], "q_25": 0.45691609650020837, "q_75": 0.461629162749432, "min": 0.4525210310002876, "max": 0.46462530699955096, "mean": 0.4589696080999602, "std": 0.003852889370272251, "repeat": 10, "number": 1}], "params": [["False", "True"]]}, "time_setup_models_and_sims.TimeBuildSPM.time_setup_SPM": {"result": [0.6426368785000705], "stats": [{"ci_99": [0.5878168760000335, 0.658099215999755], "q_25": 0.6078900315001192, "q_75": 0.6522288495002613, "min": 0.5878168760000335, "max": 0.658099215999755, "mean": 0.6320652527000675, "std": 0.025841939437086122, "repeat": 10, "number": 1}]}, "time_setup_models_and_sims.TimeBuildSPMSimulation.time_setup_SPM_simulation": {"result": [0.3077210740002556, 0.5914595560002454], "stats": [{"ci_99": [0.30266340100024536, 0.3157427750002171], "q_25": 0.30537766950010337, "q_75": 0.3099402127497797, "min": 0.30266340100024536, "max": 0.3157427750002171, "mean": 0.3079995207001048, "std": 0.0036973888183533233, "repeat": 10, "number": 1}, {"ci_99": [0.5665261579997605, 0.5969210319999547], "q_25": 0.584117919250275, "q_75": 0.594125364500087, "min": 0.5665261579997605, "max": 0.5969210319999547, "mean": 0.5877046827999948, "std": 0.009059304964323462, "repeat": 10, "number": 1}], "params": [["False", "True"]]}, "time_setup_models_and_sims.TimeBuildSPMe.time_setup_SPMe": {"result": [0.7897855480000544], "stats": [{"ci_99": [0.7862183369998093, 0.7922486520001257], "q_25": 0.7888280542499615, "q_75": 0.7905902667503142, "min": 0.7862183369998093, "max": 0.7922486520001257, "mean": 0.789587167100035, "std": 0.0018877551314168193, "repeat": 10, "number": 1}]}, "time_setup_models_and_sims.TimeBuildSPMeSimulation.time_setup_SPMe_simulation": {"result": [0.24554999200017846, 0.48706510749980225], "stats": [{"ci_99": [0.24042600900065736, 0.251482071999817], "q_25": 0.2447176847499577, "q_75": 0.2478437759998542, "min": 0.24042600900065736, "max": 0.251482071999817, "mean": 0.24611157190001903, "std": 0.0029404658062421756, "repeat": 10, "number": 1}, {"ci_99": [0.4802887149999151, 0.4952269939994949], "q_25": 0.48547749450017363, "q_75": 0.4903784429998268, "min": 0.4802887149999151, "max": 0.4952269939994949, "mean": 0.4876466442999117, "std": 0.004877555064938756, "repeat": 10, "number": 1}], "params": [["False", "True"]]}, "time_solve_models.TimeSolveDFN.time_solve_model": {"result": [1.1853053699996963, 1.3870807774997047], "stats": [{"ci_99": [1.1463905580003484, 1.2180129978801577], "q_25": 1.1718136442500509, "q_75": 1.1991578494996702, "min": 1.1463905580003484, "max": 1.2086296820007192, "mean": 1.1827871208333818, "std": 0.02133953377692574, "repeat": 6, "number": 1}, {"ci_99": [1.371999502000108, 1.4045289030000276], "q_25": 1.3799866232495788, "q_75": 1.400496591000092, "min": 1.371999502000108, "max": 1.4045289030000276, "mean": 1.3889590386248756, "std": 0.011759817948779951, "repeat": 8, "number": 1}], "params": [["True", "False"]]}, "time_solve_models.TimeSolveSPM.time_solve_model": {"result": [0.053245082999637816, 0.09024411399968812], "stats": [{"ci_99": [0.0518928239998786, 0.0564852540001084], "q_25": 0.05237710350024827, "q_75": 0.05352938449982503, "min": 0.0518928239998786, "max": 0.0564852540001084, "mean": 0.05326852299995153, "std": 0.001253914327188934, "repeat": 10, "number": 1}, {"ci_99": [0.08885245500005112, 0.09517599399987375], "q_25": 0.08960133599998699, "q_75": 0.09055726549968313, "min": 0.08885245500005112, "max": 0.09517599399987375, "mean": 0.0905750462998185, "std": 0.001762011274786228, "repeat": 10, "number": 1}], "params": [["True", "False"]]}, "time_solve_models.TimeSolveSPMe.time_solve_model": {"result": [0.08894610650031609, 0.1478421760002675], "stats": [{"ci_99": [0.08611533900057111, 0.10121613200044521], "q_25": 0.08768667325011847, "q_75": 0.08987198549993991, "min": 0.08611533900057111, "max": 0.10121613200044521, "mean": 0.08979780110012144, "std": 0.003993712866817619, "repeat": 10, "number": 1}, {"ci_99": [0.14617231200008973, 0.16454623000026913], "q_25": 0.14729434324976864, "q_75": 0.1499738630000138, "min": 0.14617231200008973, "max": 0.16454623000026913, "mean": 0.1496983055000783, "std": 0.005138994713719783, "repeat": 10, "number": 1}], "params": [["True", "False"]]}}, "params": {"machine": "GitHubRunner", "python": "3.8"}, "requirements": {}, "commit_hash": "e010a6bd97f54c88fcd8111ae7699faa512f6b3f", "date": 1598552996000, "env_name": "virtualenv-py3.8", "python": "3.8", "profiles": {}, "started_at": {"time_setup_models_and_sims.TimeBuildDFN.time_setup_DFN": 1613581007125, "time_setup_models_and_sims.TimeBuildDFNSimulation.time_setup_DFN_simulation": 1613581013200, "time_setup_models_and_sims.TimeBuildSPM.time_setup_SPM": 1613581017625, "time_setup_models_and_sims.TimeBuildSPMSimulation.time_setup_SPM_simulation": 1613581021643, "time_setup_models_and_sims.TimeBuildSPMe.time_setup_SPMe": 1613581027424, "time_setup_models_and_sims.TimeBuildSPMeSimulation.time_setup_SPMe_simulation": 1613581032495, "time_solve_models.TimeSolveDFN.time_solve_model": 1613581037223, "time_solve_models.TimeSolveSPM.time_solve_model": 1613581064221, "time_solve_models.TimeSolveSPMe.time_solve_model": 1613581075269}, "ended_at": {"time_setup_models_and_sims.TimeBuildDFN.time_setup_DFN": 1613581013200, "time_setup_models_and_sims.TimeBuildDFNSimulation.time_setup_DFN_simulation": 1613581017624, "time_setup_models_and_sims.TimeBuildSPM.time_setup_SPM": 1613581021643, "time_setup_models_and_sims.TimeBuildSPMSimulation.time_setup_SPM_simulation": 1613581027424, "time_setup_models_and_sims.TimeBuildSPMe.time_setup_SPMe": 1613581032494, "time_setup_models_and_sims.TimeBuildSPMeSimulation.time_setup_SPMe_simulation": 1613581037222, "time_solve_models.TimeSolveDFN.time_solve_model": 1613581064220, "time_solve_models.TimeSolveSPM.time_solve_model": 1613581075269, "time_solve_models.TimeSolveSPMe.time_solve_model": 1613581089525}, "benchmark_version": {"time_setup_models_and_sims.TimeBuildDFN.time_setup_DFN": "5f322e51e6b7e66125ee6949bdf25746005db467e8ffcfdcb3ace170e92bbc3d", "time_setup_models_and_sims.TimeBuildDFNSimulation.time_setup_DFN_simulation": "8de44bc542fa7d4ba28a80f24414a9444b5436673aaebba674918f5f0bfd0ebb", "time_setup_models_and_sims.TimeBuildSPM.time_setup_SPM": "0d0b3f5c67fc2da9a5794c66b70af5a45a09558d1ee95f738745385adb84fbca", "time_setup_models_and_sims.TimeBuildSPMSimulation.time_setup_SPM_simulation": "161220a99418ce4487cc29325cbae897f28d0e44ae07e1dfbfaac2cbc53a4ff9", "time_setup_models_and_sims.TimeBuildSPMe.time_setup_SPMe": "6083f5ff944353395eb4b21c97b02af555fe6528de3cd5283f5e139943945235", "time_setup_models_and_sims.TimeBuildSPMeSimulation.time_setup_SPMe_simulation": "530563cb559427795e3648d9648df9250ae100b7721f69eec356bdda7798c55e", "time_solve_models.TimeSolveDFN.time_solve_model": "914137228e20e5900cec36b0d3865f1faa2f5d479c7d6c2539514791f9ec4430", "time_solve_models.TimeSolveSPM.time_solve_model": "ef1bb5f8d1ddfa59650e20438c4b252d73e5a062714848ce1d6d5269382bc598", "time_solve_models.TimeSolveSPMe.time_solve_model": "20672028872f4620ce85e909bae705d9490de441e926510b2b0e53ff0881d87b"}, "version": 1}