{"results": {"time_setup_models_and_sims.TimeBuildDFN.time_setup_DFN": {"result": [0.7060308850000183], "stats": [{"ci_99": [0.6815254819994152, 0.7362447230007092], "q_25": 0.6916601942502894, "q_75": 0.7202185997498418, "min": 0.6815254819994152, "max": 0.7362447230007092, "mean": 0.7064930379000544, "std": 0.017183754325640448, "repeat": 10, "number": 1}]}, "time_setup_models_and_sims.TimeBuildDFNSimulation.time_setup_DFN_simulation": {"result": [0.0794706380002026, 0.15750671699970553], "stats": [{"ci_99": [0.0781278790000215, 0.08078359699993598], "q_25": 0.078280929750008, "q_75": 0.08012346700024864, "min": 0.0781278790000215, "max": 0.08078359699993598, "mean": 0.07936638710016268, "std": 0.0009853785888185754, "repeat": 10, "number": 1}, {"ci_99": [0.14097356499951275, 0.1648704130002443], "q_25": 0.15030267250062934, "q_75": 0.15886647599973003, "min": 0.14097356499951275, "max": 0.1648704130002443, "mean": 0.15481903070003683, "std": 0.007067972138714944, "repeat": 10, "number": 1}], "params": [["False", "True"]]}, "time_setup_models_and_sims.TimeBuildSPM.time_setup_SPM": {"result": [0.4836615174999679], "stats": [{"ci_99": [0.4675508720001744, 0.5197714930000075], "q_25": 0.474603011750105, "q_75": 0.48635463775030985, "min": 0.4675508720001744, "max": 0.5197714930000075, "mean": 0.48664241770011357, "std": 0.0176161653431516, "repeat": 10, "number": 1}]}, "time_setup_models_and_sims.TimeBuildSPMSimulation.time_setup_SPM_simulation": {"result": [0.20239999249952234, 0.40151521600000706], "stats": [{"ci_99": [0.182930922000196, 0.21338381099940307], "q_25": 0.19014191699943694, "q_75": 0.20994551450030485, "min": 0.182930922000196, "max": 0.21338381099940307, "mean": 0.1997704163997696, "std": 0.011379008370262372, "repeat": 10, "number": 1}, {"ci_99": [0.3668916509996052, 0.40781640200020775], "q_25": 0.3859974684999088, "q_75": 0.4039951547497367, "min": 0.3668916509996052, "max": 0.40781640200020775, "mean": 0.3946079325000028, "std": 0.013718037919754508, "repeat": 10, "number": 1}], "params": [["False", "True"]]}, "time_setup_models_and_sims.TimeBuildSPMe.time_setup_SPMe": {"result": [0.6261797940001088], "stats": [{"ci_99": [0.6187079999999696, 0.652575104000789], "q_25": 0.622265543750018, "q_75": 0.6342318424999576, "min": 0.6187079999999696, "max": 0.652575104000789, "mean": 0.630750432000059, "std": 0.011782919095099292, "repeat": 10, "number": 1}]}, "time_setup_models_and_sims.TimeBuildSPMeSimulation.time_setup_SPMe_simulation": {"result": [0.10234257799947954, 0.195812401999774], "stats": [{"ci_99": [0.09822440300013113, 0.10320013399996242], "q_25": 0.10212877774938534, "q_75": 0.10255750450050982, "min": 0.09822440300013113, "max": 0.10320013399996242, "mean": 0.10196143599987409, "std": 0.0013399628152715203, "repeat": 10, "number": 1}, {"ci_99": [0.18473283299954346, 0.20269244500013883], "q_25": 0.18982826449996537, "q_75": 0.20139211150058145, "min": 0.18473283299954346, "max": 0.20269244500013883, "mean": 0.1952114781000091, "std": 0.006465795513920809, "repeat": 10, "number": 1}], "params": [["False", "True"]]}, "time_solve_models.TimeSolveDFN.time_solve_model": {"result": [1.1780126795001706, 1.4022586000000956], "stats": [{"ci_99": [1.012658212000133, 1.2374494833149854], "q_25": 1.1604245179998998, "q_75": 1.1964736220002123, "min": 1.012658212000133, "max": 1.1993420650005646, "mean": 1.1542024505001791, "std": 0.06515661909529111, "repeat": 6, "number": 1}, {"ci_99": [1.1961476359992957, 1.4343556060002811], "q_25": 1.3769508440000209, "q_75": 1.410502759999872, "min": 1.1961476359992957, "max": 1.4343556060002811, "mean": 1.3668909427776978, "std": 0.07631019462864709, "repeat": 9, "number": 1}], "params": [["True", "False"]]}, "time_solve_models.TimeSolveSPM.time_solve_model": {"result": [0.050863011999808805, 0.0860496779996538], "stats": [{"ci_99": [0.04255646099954902, 0.059865666999940004], "q_25": 0.04791066924963161, "q_75": 0.05255374724970352, "min": 0.04255646099954902, "max": 0.059865666999940004, "mean": 0.05053710999982286, "std": 0.004345548579037417, "repeat": 10, "number": 1}, {"ci_99": [0.07877008299965382, 0.09009865299958619], "q_25": 0.08025629225016928, "q_75": 0.08916262250022555, "min": 0.07877008299965382, "max": 0.09009865299958619, "mean": 0.0850238716999229, "std": 0.004460679773162836, "repeat": 10, "number": 1}], "params": [["True", "False"]]}, "time_solve_models.TimeSolveSPMe.time_solve_model": {"result": [0.08245185550003953, 0.13922320400024546], "stats": [{"ci_99": [0.07860758199967677, 0.08814624099977664], "q_25": 0.08165745050018813, "q_75": 0.08662735675056865, "min": 0.07860758199967677, "max": 0.08814624099977664, "mean": 0.08348483210020277, "std": 0.0032087538691840593, "repeat": 10, "number": 1}, {"ci_99": [0.13026069900024595, 0.15889787500054808], "q_25": 0.13554565624963288, "q_75": 0.14609222125000088, "min": 0.13026069900024595, "max": 0.15889787500054808, "mean": 0.14133774700012508, "std": 0.008106458150755001, "repeat": 10, "number": 1}], "params": [["True", "False"]]}}, "params": {"machine": "GitHubRunner", "python": "3.8"}, "requirements": {}, "commit_hash": "e2e837bbb8e02eb7acc13a9b567b8daeab85b016", "date": 1595521277000, "env_name": "virtualenv-py3.8", "python": "3.8", "profiles": {}, "started_at": {"time_setup_models_and_sims.TimeBuildDFN.time_setup_DFN": 1613581634027, "time_setup_models_and_sims.TimeBuildDFNSimulation.time_setup_DFN_simulation": 1613581638295, "time_setup_models_and_sims.TimeBuildSPM.time_setup_SPM": 1613581639959, "time_setup_models_and_sims.TimeBuildSPMSimulation.time_setup_SPM_simulation": 1613581643074, "time_setup_models_and_sims.TimeBuildSPMe.time_setup_SPMe": 1613581646795, "time_setup_models_and_sims.TimeBuildSPMeSimulation.time_setup_SPMe_simulation": 1613581650810, "time_solve_models.TimeSolveDFN.time_solve_model": 1613581652776, "time_solve_models.TimeSolveSPM.time_solve_model": 1613581678415, "time_solve_models.TimeSolveSPMe.time_solve_model": 1613581687213}, "ended_at": {"time_setup_models_and_sims.TimeBuildDFN.time_setup_DFN": 1613581638294, "time_setup_models_and_sims.TimeBuildDFNSimulation.time_setup_DFN_simulation": 1613581639958, "time_setup_models_and_sims.TimeBuildSPM.time_setup_SPM": 1613581643074, "time_setup_models_and_sims.TimeBuildSPMSimulation.time_setup_SPM_simulation": 1613581646794, "time_setup_models_and_sims.TimeBuildSPMe.time_setup_SPMe": 1613581650810, "time_setup_models_and_sims.TimeBuildSPMeSimulation.time_setup_SPMe_simulation": 1613581652775, "time_solve_models.TimeSolveDFN.time_solve_model": 1613581678414, "time_solve_models.TimeSolveSPM.time_solve_model": 1613581687212, "time_solve_models.TimeSolveSPMe.time_solve_model": 1613581698107}, "benchmark_version": {"time_setup_models_and_sims.TimeBuildDFN.time_setup_DFN": "5f322e51e6b7e66125ee6949bdf25746005db467e8ffcfdcb3ace170e92bbc3d", "time_setup_models_and_sims.TimeBuildDFNSimulation.time_setup_DFN_simulation": "8de44bc542fa7d4ba28a80f24414a9444b5436673aaebba674918f5f0bfd0ebb", "time_setup_models_and_sims.TimeBuildSPM.time_setup_SPM": "0d0b3f5c67fc2da9a5794c66b70af5a45a09558d1ee95f738745385adb84fbca", "time_setup_models_and_sims.TimeBuildSPMSimulation.time_setup_SPM_simulation": "161220a99418ce4487cc29325cbae897f28d0e44ae07e1dfbfaac2cbc53a4ff9", "time_setup_models_and_sims.TimeBuildSPMe.time_setup_SPMe": "6083f5ff944353395eb4b21c97b02af555fe6528de3cd5283f5e139943945235", "time_setup_models_and_sims.TimeBuildSPMeSimulation.time_setup_SPMe_simulation": "530563cb559427795e3648d9648df9250ae100b7721f69eec356bdda7798c55e", "time_solve_models.TimeSolveDFN.time_solve_model": "914137228e20e5900cec36b0d3865f1faa2f5d479c7d6c2539514791f9ec4430", "time_solve_models.TimeSolveSPM.time_solve_model": "ef1bb5f8d1ddfa59650e20438c4b252d73e5a062714848ce1d6d5269382bc598", "time_solve_models.TimeSolveSPMe.time_solve_model": "20672028872f4620ce85e909bae705d9490de441e926510b2b0e53ff0881d87b"}, "version": 1}