{"results": {"time_setup_models_and_sims.TimeBuildDFN.time_setup_DFN": {"result": [0.9495873265000228], "stats": [{"ci_99": [0.9377290920001542, 0.9565350240000043], "q_25": 0.9471773210000265, "q_75": 0.9524680217496098, "min": 0.9377290920001542, "max": 0.9565350240000043, "mean": 0.949099447900062, "std": 0.004897768897419143, "repeat": 10, "number": 1}]}, "time_setup_models_and_sims.TimeBuildDFNSimulation.time_setup_DFN_simulation": {"result": [0.23544124099998953, 0.4696891730000061], "stats": [{"ci_99": [0.2328758599996945, 0.24235729000065476], "q_25": 0.2338237669996488, "q_75": 0.23799851299986585, "min": 0.2328758599996945, "max": 0.24235729000065476, "mean": 0.23616655499990885, "std": 0.002942263825620268, "repeat": 10, "number": 1}, {"ci_99": [0.4640825050000785, 0.47454210800060537], "q_25": 0.4668395969995345, "q_75": 0.47201903800055334, "min": 0.4640825050000785, "max": 0.47454210800060537, "mean": 0.4693013167000572, "std": 0.0033804004537864385, "repeat": 10, "number": 1}], "params": [["False", "True"]]}, "time_setup_models_and_sims.TimeBuildSPM.time_setup_SPM": {"result": [0.6464002490001803], "stats": [{"ci_99": [0.6389114470002824, 0.6597369959999924], "q_25": 0.6448603397498118, "q_75": 0.6482429394998235, "min": 0.6389114470002824, "max": 0.6597369959999924, "mean": 0.647361887399984, "std": 0.0055229652707877, "repeat": 10, "number": 1}]}, "time_setup_models_and_sims.TimeBuildSPMSimulation.time_setup_SPM_simulation": {"result": [0.31055950850031877, 0.6028519870001219], "stats": [{"ci_99": [0.3075438870000653, 0.3135935820000668], "q_25": 0.3094159282500186, "q_75": 0.31116287624990946, "min": 0.3075438870000653, "max": 0.3135935820000668, "mean": 0.3104333138000584, "std": 0.0017983362329282591, "repeat": 10, "number": 1}, {"ci_99": [0.5966837490004764, 0.608331428999918], "q_25": 0.6020437290003429, "q_75": 0.6051910519997818, "min": 0.5966837490004764, "max": 0.608331428999918, "mean": 0.6030308584002342, "std": 0.003268853351310153, "repeat": 10, "number": 1}], "params": [["False", "True"]]}, "time_setup_models_and_sims.TimeBuildSPMe.time_setup_SPMe": {"result": [0.8030936350000957], "stats": [{"ci_99": [0.7835816419992625, 0.8191200150004079], "q_25": 0.793153985000572, "q_75": 0.8089705892505208, "min": 0.7835816419992625, "max": 0.8191200150004079, "mean": 0.8014855472001727, "std": 0.011116034686471191, "repeat": 10, "number": 1}]}, "time_setup_models_and_sims.TimeBuildSPMeSimulation.time_setup_SPMe_simulation": {"result": [0.2506662764999419, 0.49902309749995766], "stats": [{"ci_99": [0.24680821299989475, 0.2547464059998674], "q_25": 0.24991631300031258, "q_75": 0.2529339397501644, "min": 0.24680821299989475, "max": 0.2547464059998674, "mean": 0.2510247809000248, "std": 0.002245321934751533, "repeat": 10, "number": 1}, {"ci_99": [0.4946373050006514, 0.5067569920001915], "q_25": 0.4977021762501863, "q_75": 0.500677227750657, "min": 0.4946373050006514, "max": 0.5067569920001915, "mean": 0.4998332940001092, "std": 0.0038235527745932355, "repeat": 10, "number": 1}], "params": [["False", "True"]]}, "time_solve_models.TimeSolveDFN.time_solve_model": {"result": [1.1897410110000237, 1.3603075810005976], "stats": [{"ci_99": [1.1503942717505324, 1.2322220825830175], "q_25": 1.1678341565004757, "q_75": 1.214574699250079, "min": 1.1649390499997025, "max": 1.2200435240001752, "mean": 1.1913081771667748, "std": 0.023532495400754354, "repeat": 6, "number": 1}, {"ci_99": [1.3185081900001023, 1.3890931730002194], "q_25": 1.336881680000488, "q_75": 1.3728400670004248, "min": 1.3185081900001023, "max": 1.3890931730002194, "mean": 1.3569741301254226, "std": 0.023297305146533366, "repeat": 8, "number": 1}], "params": [["True", "False"]]}, "time_solve_models.TimeSolveSPM.time_solve_model": {"result": [0.05147351150026225, 0.09010636900029567], "stats": [{"ci_99": [0.04918143799932295, 0.052005957999426755], "q_25": 0.05051872324975193, "q_75": 0.0518167387504036, "min": 0.04918143799932295, "max": 0.052005957999426755, "mean": 0.05109648540001217, "std": 0.0008732869056454079, "repeat": 10, "number": 1}, {"ci_99": [0.08757460299966624, 0.09512025399999402], "q_25": 0.08845862124985615, "q_75": 0.09134013974994559, "min": 0.08757460299966624, "max": 0.09512025399999402, "mean": 0.09023842670003432, "std": 0.0022302071424022997, "repeat": 10, "number": 1}], "params": [["True", "False"]]}, "time_solve_models.TimeSolveSPMe.time_solve_model": {"result": [0.08696465299999545, 0.14689082700033396], "stats": [{"ci_99": [0.08497189599984267, 0.08826451799995993], "q_25": 0.08617066974966292, "q_75": 0.08764670400000796, "min": 0.08497189599984267, "max": 0.08826451799995993, "mean": 0.08679045179997047, "std": 0.001053078471519369, "repeat": 10, "number": 1}, {"ci_99": [0.1458490189997974, 0.1487151190003715], "q_25": 0.14624829149988727, "q_75": 0.1476394917494872, "min": 0.1458490189997974, "max": 0.1487151190003715, "mean": 0.14700532729993937, "std": 0.0009314845642760452, "repeat": 10, "number": 1}], "params": [["True", "False"]]}}, "params": {"machine": "GitHubRunner", "python": "3.8"}, "requirements": {}, "commit_hash": "e34ed589871048b3e2d9eaae43c0b570e3e83ce6", "date": 1600983764000, "env_name": "virtualenv-py3.8", "python": "3.8", "profiles": {}, "started_at": {"time_setup_models_and_sims.TimeBuildDFN.time_setup_DFN": 1613580162761, "time_setup_models_and_sims.TimeBuildDFNSimulation.time_setup_DFN_simulation": 1613580168734, "time_setup_models_and_sims.TimeBuildSPM.time_setup_SPM": 1613580173310, "time_setup_models_and_sims.TimeBuildSPMSimulation.time_setup_SPM_simulation": 1613580177478, "time_setup_models_and_sims.TimeBuildSPMe.time_setup_SPMe": 1613580183308, "time_setup_models_and_sims.TimeBuildSPMeSimulation.time_setup_SPMe_simulation": 1613580188386, "time_solve_models.TimeSolveDFN.time_solve_model": 1613580193160, "time_solve_models.TimeSolveSPM.time_solve_model": 1613580220012, "time_solve_models.TimeSolveSPMe.time_solve_model": 1613580231004}, "ended_at": {"time_setup_models_and_sims.TimeBuildDFN.time_setup_DFN": 1613580168734, "time_setup_models_and_sims.TimeBuildDFNSimulation.time_setup_DFN_simulation": 1613580173310, "time_setup_models_and_sims.TimeBuildSPM.time_setup_SPM": 1613580177477, "time_setup_models_and_sims.TimeBuildSPMSimulation.time_setup_SPM_simulation": 1613580183308, "time_setup_models_and_sims.TimeBuildSPMe.time_setup_SPMe": 1613580188385, "time_setup_models_and_sims.TimeBuildSPMeSimulation.time_setup_SPMe_simulation": 1613580193160, "time_solve_models.TimeSolveDFN.time_solve_model": 1613580220011, "time_solve_models.TimeSolveSPM.time_solve_model": 1613580231003, "time_solve_models.TimeSolveSPMe.time_solve_model": 1613580245167}, "benchmark_version": {"time_setup_models_and_sims.TimeBuildDFN.time_setup_DFN": "5f322e51e6b7e66125ee6949bdf25746005db467e8ffcfdcb3ace170e92bbc3d", "time_setup_models_and_sims.TimeBuildDFNSimulation.time_setup_DFN_simulation": "8de44bc542fa7d4ba28a80f24414a9444b5436673aaebba674918f5f0bfd0ebb", "time_setup_models_and_sims.TimeBuildSPM.time_setup_SPM": "0d0b3f5c67fc2da9a5794c66b70af5a45a09558d1ee95f738745385adb84fbca", "time_setup_models_and_sims.TimeBuildSPMSimulation.time_setup_SPM_simulation": "161220a99418ce4487cc29325cbae897f28d0e44ae07e1dfbfaac2cbc53a4ff9", "time_setup_models_and_sims.TimeBuildSPMe.time_setup_SPMe": "6083f5ff944353395eb4b21c97b02af555fe6528de3cd5283f5e139943945235", "time_setup_models_and_sims.TimeBuildSPMeSimulation.time_setup_SPMe_simulation": "530563cb559427795e3648d9648df9250ae100b7721f69eec356bdda7798c55e", "time_solve_models.TimeSolveDFN.time_solve_model": "914137228e20e5900cec36b0d3865f1faa2f5d479c7d6c2539514791f9ec4430", "time_solve_models.TimeSolveSPM.time_solve_model": "ef1bb5f8d1ddfa59650e20438c4b252d73e5a062714848ce1d6d5269382bc598", "time_solve_models.TimeSolveSPMe.time_solve_model": "20672028872f4620ce85e909bae705d9490de441e926510b2b0e53ff0881d87b"}, "version": 1}