{"results": {"time_setup_models_and_sims.TimeBuildDFN.time_setup_DFN": {"result": [0.8517209809997439], "stats": [{"ci_99": [0.8150033629990503, 0.8647900610012584], "q_25": 0.828794446748816, "q_75": 0.8540617452490551, "min": 0.8150033629990503, "max": 0.8647900610012584, "mean": 0.8427838692996374, "std": 0.016971508930180974, "repeat": 10, "number": 1}]}, "time_setup_models_and_sims.TimeBuildDFNSimulation.time_setup_DFN_simulation": {"result": [0.07787237399952573, 0.15240397749948897], "stats": [{"ci_99": [0.07463845500024036, 0.0927460639995843], "q_25": 0.07665261624879349, "q_75": 0.07937695774899112, "min": 0.07463845500024036, "max": 0.0927460639995843, "mean": 0.07917066179943504, "std": 0.004842326565060641, "repeat": 10, "number": 1}, {"ci_99": [0.14954310999928566, 0.16430089899949962], "q_25": 0.15124339575049817, "q_75": 0.154186762750669, "min": 0.14954310999928566, "max": 0.16430089899949962, "mean": 0.15348483390007459, "std": 0.0039146918716561705, "repeat": 10, "number": 1}], "params": [["False", "True"]]}, "time_setup_models_and_sims.TimeBuildSPM.time_setup_SPM": {"result": [0.5559790350007461], "stats": [{"ci_99": [0.5433558089989674, 0.5877418749987555], "q_25": 0.5528131149994806, "q_75": 0.5738790912505465, "min": 0.5433558089989674, "max": 0.5877418749987555, "mean": 0.5627585049000118, "std": 0.014895497071574388, "repeat": 10, "number": 1}]}, "time_setup_models_and_sims.TimeBuildSPMSimulation.time_setup_SPM_simulation": {"result": [0.1932625255003586, 0.36696793399914895], "stats": [{"ci_99": [0.191098563000196, 0.2042069420003827], "q_25": 0.1922800207498767, "q_75": 0.19591639174950615, "min": 0.191098563000196, "max": 0.2042069420003827, "mean": 0.1946438245000536, "std": 0.0037067210007554374, "repeat": 10, "number": 1}, {"ci_99": [0.36251640699993004, 0.37234746500143956], "q_25": 0.3643843682489205, "q_75": 0.3683342644994809, "min": 0.36251640699993004, "max": 0.37234746500143956, "mean": 0.3666701211997861, "std": 0.002995879472455569, "repeat": 10, "number": 1}], "params": [["False", "True"]]}, "time_setup_models_and_sims.TimeBuildSPMe.time_setup_SPMe": {"result": [0.6659510519994001], "stats": [{"ci_99": [0.6540020820011705, 0.6926419129995338], "q_25": 0.6622811037495921, "q_75": 0.6698226497496762, "min": 0.6540020820011705, "max": 0.6926419129995338, "mean": 0.6684197071996095, "std": 0.010675360420584585, "repeat": 10, "number": 1}]}, "time_setup_models_and_sims.TimeBuildSPMeSimulation.time_setup_SPMe_simulation": {"result": [0.09652598699994996, 0.1889661494997199], "stats": [{"ci_99": [0.09507167799893068, 0.09719109199977538], "q_25": 0.09602988449933036, "q_75": 0.09675711375120954, "min": 0.09507167799893068, "max": 0.09719109199977538, "mean": 0.09637038639993989, "std": 0.0005811005738638989, "repeat": 10, "number": 1}, {"ci_99": [0.18671393600016017, 0.19473588499931793], "q_25": 0.18870487225012766, "q_75": 0.18931192575064415, "min": 0.18671393600016017, "max": 0.19473588499931793, "mean": 0.18955416310018336, "std": 0.0021595863978889477, "repeat": 10, "number": 1}], "params": [["False", "True"]]}, "time_solve_models.TimeSolveDFN.time_solve_model": {"result": [1.146926777499175, 1.3162717020004493], "stats": [{"ci_99": [1.0352635950002878, 1.1898360388848603], "q_25": 1.118257726498996, "q_75": 1.1567287137490894, "min": 1.0352635950002878, "max": 1.1637844830001995, "mean": 1.1269331724994724, "std": 0.04460096239224138, "repeat": 6, "number": 1}, {"ci_99": [1.2606056650001847, 1.3501813169987145], "q_25": 1.2955342770001153, "q_75": 1.3425107699986256, "min": 1.2606056650001847, "max": 1.3501813169987145, "mean": 1.3124412385550386, "std": 0.032325539275576895, "repeat": 9, "number": 1}], "params": [["True", "False"]]}, "time_solve_models.TimeSolveSPM.time_solve_model": {"result": [0.05594314049994864, 0.09242561149949324], "stats": [{"ci_99": [0.05400572799953807, 0.06419739100056177], "q_25": 0.05468715725010043, "q_75": 0.05636991749952358, "min": 0.05400572799953807, "max": 0.06419739100056177, "mean": 0.05641388309977628, "std": 0.0027774938790702114, "repeat": 10, "number": 1}, {"ci_99": [0.09027664899986121, 0.10641594799926679], "q_25": 0.0916677824989165, "q_75": 0.09957288050009083, "min": 0.09027664899986121, "max": 0.10641594799926679, "mean": 0.0957578821995412, "std": 0.006105790567849613, "repeat": 10, "number": 1}], "params": [["True", "False"]]}, "time_solve_models.TimeSolveSPMe.time_solve_model": {"result": [0.08921214199926908, 0.1495068589993025], "stats": [{"ci_99": [0.08516521899946383, 0.0975634930000524], "q_25": 0.08649525125019863, "q_75": 0.09065582649918724, "min": 0.08516521899946383, "max": 0.0975634930000524, "mean": 0.08934376329962106, "std": 0.003544739027388542, "repeat": 10, "number": 1}, {"ci_99": [0.13044279299901973, 0.17236034800043853], "q_25": 0.14728777024993178, "q_75": 0.15333070699989548, "min": 0.13044279299901973, "max": 0.17236034800043853, "mean": 0.15043895469989366, "std": 0.010405838869468052, "repeat": 10, "number": 1}], "params": [["True", "False"]]}}, "params": {"machine": "GitHubRunner", "python": "3.8"}, "requirements": {}, "commit_hash": "eeccaa9fd51d844ac8e4203b302f319ab71943d9", "date": 1590678005000, "env_name": "virtualenv-py3.8", "python": "3.8", "profiles": {}, "started_at": {"time_setup_models_and_sims.TimeBuildDFN.time_setup_DFN": 1613583862878, "time_setup_models_and_sims.TimeBuildDFNSimulation.time_setup_DFN_simulation": 1613583868356, "time_setup_models_and_sims.TimeBuildSPM.time_setup_SPM": 1613583870122, "time_setup_models_and_sims.TimeBuildSPMSimulation.time_setup_SPM_simulation": 1613583873891, "time_setup_models_and_sims.TimeBuildSPMe.time_setup_SPMe": 1613583877712, "time_setup_models_and_sims.TimeBuildSPMeSimulation.time_setup_SPMe_simulation": 1613583882133, "time_solve_models.TimeSolveDFN.time_solve_model": 1613583884149, "time_solve_models.TimeSolveSPM.time_solve_model": 1613583910946, "time_solve_models.TimeSolveSPMe.time_solve_model": 1613583920739}, "ended_at": {"time_setup_models_and_sims.TimeBuildDFN.time_setup_DFN": 1613583868355, "time_setup_models_and_sims.TimeBuildDFNSimulation.time_setup_DFN_simulation": 1613583870121, "time_setup_models_and_sims.TimeBuildSPM.time_setup_SPM": 1613583873891, "time_setup_models_and_sims.TimeBuildSPMSimulation.time_setup_SPM_simulation": 1613583877711, "time_setup_models_and_sims.TimeBuildSPMe.time_setup_SPMe": 1613583882133, "time_setup_models_and_sims.TimeBuildSPMeSimulation.time_setup_SPMe_simulation": 1613583884148, "time_solve_models.TimeSolveDFN.time_solve_model": 1613583910946, "time_solve_models.TimeSolveSPM.time_solve_model": 1613583920738, "time_solve_models.TimeSolveSPMe.time_solve_model": 1613583933190}, "benchmark_version": {"time_setup_models_and_sims.TimeBuildDFN.time_setup_DFN": "5f322e51e6b7e66125ee6949bdf25746005db467e8ffcfdcb3ace170e92bbc3d", "time_setup_models_and_sims.TimeBuildDFNSimulation.time_setup_DFN_simulation": "8de44bc542fa7d4ba28a80f24414a9444b5436673aaebba674918f5f0bfd0ebb", "time_setup_models_and_sims.TimeBuildSPM.time_setup_SPM": "0d0b3f5c67fc2da9a5794c66b70af5a45a09558d1ee95f738745385adb84fbca", "time_setup_models_and_sims.TimeBuildSPMSimulation.time_setup_SPM_simulation": "161220a99418ce4487cc29325cbae897f28d0e44ae07e1dfbfaac2cbc53a4ff9", "time_setup_models_and_sims.TimeBuildSPMe.time_setup_SPMe": "6083f5ff944353395eb4b21c97b02af555fe6528de3cd5283f5e139943945235", "time_setup_models_and_sims.TimeBuildSPMeSimulation.time_setup_SPMe_simulation": "530563cb559427795e3648d9648df9250ae100b7721f69eec356bdda7798c55e", "time_solve_models.TimeSolveDFN.time_solve_model": "914137228e20e5900cec36b0d3865f1faa2f5d479c7d6c2539514791f9ec4430", "time_solve_models.TimeSolveSPM.time_solve_model": "ef1bb5f8d1ddfa59650e20438c4b252d73e5a062714848ce1d6d5269382bc598", "time_solve_models.TimeSolveSPMe.time_solve_model": "20672028872f4620ce85e909bae705d9490de441e926510b2b0e53ff0881d87b"}, "version": 1}