{"results": {"time_setup_models_and_sims.TimeBuildDFN.time_setup_DFN": {"result": [0.8011622435005847], "stats": [{"ci_99": [0.7822488290003093, 0.8516203489998588], "q_25": 0.785318371250014, "q_75": 0.8100001470011193, "min": 0.7822488290003093, "max": 0.8516203489998588, "mean": 0.8031771854002727, "std": 0.020670238087114646, "repeat": 10, "number": 1}]}, "time_setup_models_and_sims.TimeBuildDFNSimulation.time_setup_DFN_simulation": {"result": [0.07480135249988962, 0.14737674049956695], "stats": [{"ci_99": [0.07223863699982758, 0.07649786200090603], "q_25": 0.07430187399904753, "q_75": 0.07589518375061743, "min": 0.07223863699982758, "max": 0.07649786200090603, "mean": 0.07491617289979331, "std": 0.0012515234867941196, "repeat": 10, "number": 1}, {"ci_99": [0.1442797719992086, 0.15958726499957265], "q_25": 0.14517535200093334, "q_75": 0.14798286949962858, "min": 0.1442797719992086, "max": 0.15958726499957265, "mean": 0.14791527389988915, "std": 0.004180587513716264, "repeat": 10, "number": 1}], "params": [["False", "True"]]}, "time_setup_models_and_sims.TimeBuildSPM.time_setup_SPM": {"result": [0.5276148390003073], "stats": [{"ci_99": [0.5095536799999536, 0.5710914520004735], "q_25": 0.5167067984998539, "q_75": 0.5405347922501278, "min": 0.5095536799999536, "max": 0.5710914520004735, "mean": 0.5316897839000376, "std": 0.019073419154604896, "repeat": 10, "number": 1}]}, "time_setup_models_and_sims.TimeBuildSPMSimulation.time_setup_SPM_simulation": {"result": [0.18545432099926984, 0.34928896149995126], "stats": [{"ci_99": [0.18291270500048995, 0.19311776700124028], "q_25": 0.1840762622505281, "q_75": 0.1865611777493541, "min": 0.18291270500048995, "max": 0.19311776700124028, "mean": 0.18599984430020414, "std": 0.0027598421427333696, "repeat": 10, "number": 1}, {"ci_99": [0.34366197700001067, 0.3558770510007889], "q_25": 0.34847673099966414, "q_75": 0.35238480550015083, "min": 0.34366197700001067, "max": 0.3558770510007889, "mean": 0.3496956436998516, "std": 0.0035778859685930784, "repeat": 10, "number": 1}], "params": [["False", "True"]]}, "time_setup_models_and_sims.TimeBuildSPMe.time_setup_SPMe": {"result": [0.6461603560001095], "stats": [{"ci_99": [0.6383776589991612, 0.6582261790008488], "q_25": 0.6412496759999158, "q_75": 0.6503783817506701, "min": 0.6383776589991612, "max": 0.6582261790008488, "mean": 0.6466569490001348, "std": 0.006509258976443168, "repeat": 10, "number": 1}]}, "time_setup_models_and_sims.TimeBuildSPMeSimulation.time_setup_SPMe_simulation": {"result": [0.09383036750023166, 0.18084529299994756], "stats": [{"ci_99": [0.09159495300082199, 0.09740378899914504], "q_25": 0.09336581449997539, "q_75": 0.09472897200066654, "min": 0.09159495300082199, "max": 0.09740378899914504, "mean": 0.09418509919996723, "std": 0.0015380611090024124, "repeat": 10, "number": 1}, {"ci_99": [0.17786307499955, 0.18726043099923118], "q_25": 0.18037056525008666, "q_75": 0.18184214950042588, "min": 0.17786307499955, "max": 0.18726043099923118, "mean": 0.18118498510011705, "std": 0.0023893031618700098, "repeat": 10, "number": 1}], "params": [["False", "True"]]}, "time_solve_models.TimeSolveDFN.time_solve_model": {"result": [1.1302289814993856, 1.2992673534999994], "stats": [{"ci_99": [1.1169097730330582, 1.1407748736329868], "q_25": 1.1225414099999398, "q_75": 1.1334319759998834, "min": 1.1188763640002435, "max": 1.1392410859989468, "mean": 1.1288423233330225, "std": 0.0072638569503975904, "repeat": 6, "number": 1}, {"ci_99": [1.2620789279990277, 1.314527945000009], "q_25": 1.2871263052497852, "q_75": 1.3093946157500795, "min": 1.2620789279990277, "max": 1.314527945000009, "mean": 1.2954568304999157, "std": 0.016995670620712024, "repeat": 8, "number": 1}], "params": [["True", "False"]]}, "time_solve_models.TimeSolveSPM.time_solve_model": {"result": [0.05346397299945238, 0.0896893919998547], "stats": [{"ci_99": [0.051289610000821995, 0.05400822600131505], "q_25": 0.05292866999934631, "q_75": 0.05364594974935244, "min": 0.051289610000821995, "max": 0.05400822600131505, "mean": 0.05317035129992291, "std": 0.0007452199382772196, "repeat": 10, "number": 1}, {"ci_99": [0.08645702200010419, 0.0915525529999286], "q_25": 0.08776673074999053, "q_75": 0.09016982000048301, "min": 0.08645702200010419, "max": 0.0915525529999286, "mean": 0.08908376829986082, "std": 0.0015912749276905285, "repeat": 10, "number": 1}], "params": [["True", "False"]]}, "time_solve_models.TimeSolveSPMe.time_solve_model": {"result": [0.08718957749988476, 0.14591263249985786], "stats": [{"ci_99": [0.085345416000564, 0.09016834499925608], "q_25": 0.08644642224999188, "q_75": 0.08803488199964704, "min": 0.085345416000564, "max": 0.09016834499925608, "mean": 0.08739221830001043, "std": 0.001318608486674159, "repeat": 10, "number": 1}, {"ci_99": [0.13269260199922428, 0.15974986599940166], "q_25": 0.14579458100070042, "q_75": 0.1482570214993757, "min": 0.13269260199922428, "max": 0.15974986599940166, "mean": 0.14739437109965364, "std": 0.007120079532270248, "repeat": 10, "number": 1}], "params": [["True", "False"]]}}, "params": {"machine": "GitHubRunner", "python": "3.8"}, "requirements": {}, "commit_hash": "f1c16840b165212ea1113aec68d8bbfd466e20da", "date": 1588728517000, "env_name": "virtualenv-py3.8", "python": "3.8", "profiles": {}, "started_at": {"time_setup_models_and_sims.TimeBuildDFN.time_setup_DFN": 1613584977858, "time_setup_models_and_sims.TimeBuildDFNSimulation.time_setup_DFN_simulation": 1613584982829, "time_setup_models_and_sims.TimeBuildSPM.time_setup_SPM": 1613584984392, "time_setup_models_and_sims.TimeBuildSPMSimulation.time_setup_SPM_simulation": 1613584987757, "time_setup_models_and_sims.TimeBuildSPMe.time_setup_SPMe": 1613584991226, "time_setup_models_and_sims.TimeBuildSPMeSimulation.time_setup_SPMe_simulation": 1613584995346, "time_solve_models.TimeSolveDFN.time_solve_model": 1613584997310, "time_solve_models.TimeSolveSPM.time_solve_model": 1613585021948, "time_solve_models.TimeSolveSPMe.time_solve_model": 1613585031186}, "ended_at": {"time_setup_models_and_sims.TimeBuildDFN.time_setup_DFN": 1613584982829, "time_setup_models_and_sims.TimeBuildDFNSimulation.time_setup_DFN_simulation": 1613584984391, "time_setup_models_and_sims.TimeBuildSPM.time_setup_SPM": 1613584987757, "time_setup_models_and_sims.TimeBuildSPMSimulation.time_setup_SPM_simulation": 1613584991226, "time_setup_models_and_sims.TimeBuildSPMe.time_setup_SPMe": 1613584995346, "time_setup_models_and_sims.TimeBuildSPMeSimulation.time_setup_SPMe_simulation": 1613584997309, "time_solve_models.TimeSolveDFN.time_solve_model": 1613585021948, "time_solve_models.TimeSolveSPM.time_solve_model": 1613585031186, "time_solve_models.TimeSolveSPMe.time_solve_model": 1613585043083}, "benchmark_version": {"time_setup_models_and_sims.TimeBuildDFN.time_setup_DFN": "5f322e51e6b7e66125ee6949bdf25746005db467e8ffcfdcb3ace170e92bbc3d", "time_setup_models_and_sims.TimeBuildDFNSimulation.time_setup_DFN_simulation": "8de44bc542fa7d4ba28a80f24414a9444b5436673aaebba674918f5f0bfd0ebb", "time_setup_models_and_sims.TimeBuildSPM.time_setup_SPM": "0d0b3f5c67fc2da9a5794c66b70af5a45a09558d1ee95f738745385adb84fbca", "time_setup_models_and_sims.TimeBuildSPMSimulation.time_setup_SPM_simulation": "161220a99418ce4487cc29325cbae897f28d0e44ae07e1dfbfaac2cbc53a4ff9", "time_setup_models_and_sims.TimeBuildSPMe.time_setup_SPMe": "6083f5ff944353395eb4b21c97b02af555fe6528de3cd5283f5e139943945235", "time_setup_models_and_sims.TimeBuildSPMeSimulation.time_setup_SPMe_simulation": "530563cb559427795e3648d9648df9250ae100b7721f69eec356bdda7798c55e", "time_solve_models.TimeSolveDFN.time_solve_model": "914137228e20e5900cec36b0d3865f1faa2f5d479c7d6c2539514791f9ec4430", "time_solve_models.TimeSolveSPM.time_solve_model": "ef1bb5f8d1ddfa59650e20438c4b252d73e5a062714848ce1d6d5269382bc598", "time_solve_models.TimeSolveSPMe.time_solve_model": "20672028872f4620ce85e909bae705d9490de441e926510b2b0e53ff0881d87b"}, "version": 1}