{"results": {"time_setup_models_and_sims.TimeBuildDFN.time_setup_DFN": {"result": [0.9473412539999799], "stats": [{"ci_99": [0.918524041000012, 0.9620430209999995], "q_25": 0.9435836974999745, "q_75": 0.9540134242500073, "min": 0.918524041000012, "max": 0.9620430209999995, "mean": 0.9472681096999963, "std": 0.011596088672434184, "repeat": 10, "number": 1}]}, "time_setup_models_and_sims.TimeBuildDFNSimulation.time_setup_DFN_simulation": {"result": [0.11680007800001135, 0.1930837364999718], "stats": [{"ci_99": [0.11497150899998587, 0.12364986300002556], "q_25": 0.11567651600000772, "q_75": 0.117552405500021, "min": 0.11497150899998587, "max": 0.12364986300002556, "mean": 0.11719085750000886, "std": 0.00235829414011285, "repeat": 10, "number": 1}, {"ci_99": [0.1926246759999799, 0.19789202099997283], "q_25": 0.19282268349999754, "q_75": 0.19530301449997012, "min": 0.1926246759999799, "max": 0.19789202099997283, "mean": 0.19423919699997896, "std": 0.0019750313694408723, "repeat": 10, "number": 1}], "params": [["False", "True"]]}, "time_setup_models_and_sims.TimeBuildSPM.time_setup_SPM": {"result": [0.5221526784999924], "stats": [{"ci_99": [0.5118780319999701, 0.5275827880000179], "q_25": 0.5205698709999922, "q_75": 0.5239097062499809, "min": 0.5118780319999701, "max": 0.5275827880000179, "mean": 0.5213189920999923, "std": 0.0048606078876677564, "repeat": 10, "number": 1}]}, "time_setup_models_and_sims.TimeBuildSPMSimulation.time_setup_SPM_simulation": {"result": [0.11147880550001332, 0.1727229095000098], "stats": [{"ci_99": [0.11007709299997259, 0.11395980700001473], "q_25": 0.11053534450002189, "q_75": 0.1123143154999866, "min": 0.11007709299997259, "max": 0.11395980700001473, "mean": 0.11161774740000396, "std": 0.0012123847967118824, "repeat": 10, "number": 1}, {"ci_99": [0.16905458500002624, 0.1789354360000175], "q_25": 0.17147742625000717, "q_75": 0.17501349625001694, "min": 0.16905458500002624, "max": 0.1789354360000175, "mean": 0.17330309060001242, "std": 0.002898852047838711, "repeat": 10, "number": 1}], "params": [["False", "True"]]}, "time_setup_models_and_sims.TimeBuildSPMe.time_setup_SPMe": {"result": [0.7668647964999877], "stats": [{"ci_99": [0.7503387780000139, 0.7858807630000229], "q_25": 0.7553908750000318, "q_75": 0.7795775984999977, "min": 0.7503387780000139, "max": 0.7858807630000229, "mean": 0.7675190913000052, "std": 0.013181374051246829, "repeat": 10, "number": 1}]}, "time_setup_models_and_sims.TimeBuildSPMeSimulation.time_setup_SPMe_simulation": {"result": [0.12227854799996862, 0.2097822835000045], "stats": [{"ci_99": [0.11984976100001177, 0.12950244699999303], "q_25": 0.12146013225004992, "q_75": 0.123205617250008, "min": 0.11984976100001177, "max": 0.12950244699999303, "mean": 0.12275190920000796, "std": 0.0024976910546278485, "repeat": 10, "number": 1}, {"ci_99": [0.20734613500002297, 0.2167719439999587], "q_25": 0.20852905425002177, "q_75": 0.2111770972499869, "min": 0.20734613500002297, "max": 0.2167719439999587, "mean": 0.21040805389999945, "std": 0.0027459239532400576, "repeat": 10, "number": 1}], "params": [["False", "True"]]}, "time_solve_models.TimeSolveDFN.time_solve_model": {"result": [0.7448999099999867, 0.8790087419999963], "stats": [{"ci_99": [0.7363076780000029, 0.7655090959999598], "q_25": 0.7393996242499696, "q_75": 0.7524625170000121, "min": 0.7363076780000029, "max": 0.7655090959999598, "mean": 0.7474184006249871, "std": 0.01003474498244562, "repeat": 8, "number": 1}, {"ci_99": [0.7789989540000306, 0.8905641489999994], "q_25": 0.8617370017500008, "q_75": 0.8867175312499711, "min": 0.7789989540000306, "max": 0.8905641489999994, "mean": 0.8661361226999986, "std": 0.03221681548470441, "repeat": 10, "number": 1}], "params": [["True", "False"]]}, "time_solve_models.TimeSolveSPM.time_solve_model": {"result": [0.03887574299997709, 0.06504762299999811], "stats": [{"ci_99": [0.03814791700000342, 0.039720168999963334], "q_25": 0.03842526675002489, "q_75": 0.03934664474996907, "min": 0.03814791700000342, "max": 0.039720168999963334, "mean": 0.0388757129999874, "std": 0.0005318543433775688, "repeat": 10, "number": 1}, {"ci_99": [0.06327056399999265, 0.06934429099999306], "q_25": 0.06429331724997667, "q_75": 0.06590429200002745, "min": 0.06327056399999265, "max": 0.06934429099999306, "mean": 0.06539360510000165, "std": 0.0016703809776966228, "repeat": 10, "number": 1}], "params": [["True", "False"]]}, "time_solve_models.TimeSolveSPMe.time_solve_model": {"result": [0.05374226849997399, 0.10406435149999993], "stats": [{"ci_99": [0.05242185499997731, 0.058216173000005256], "q_25": 0.05327754574997812, "q_75": 0.05416857799998809, "min": 0.05242185499997731, "max": 0.058216173000005256, "mean": 0.05413751869999146, "std": 0.00158670514893217, "repeat": 10, "number": 1}, {"ci_99": [0.10064078800002108, 0.11385833100001719], "q_25": 0.10206209675001787, "q_75": 0.10517637949999425, "min": 0.10064078800002108, "max": 0.11385833100001719, "mean": 0.10468089230000147, "std": 0.003619319271987205, "repeat": 10, "number": 1}], "params": [["True", "False"]]}}, "params": {"machine": "GitHubRunner", "python": "3.8"}, "requirements": {}, "commit_hash": "f424535a32ee24918b99f03733fb1986966d0573", "date": 1613068335000, "env_name": "virtualenv-py3.8", "python": "3.8", "profiles": {}, "started_at": {"time_setup_models_and_sims.TimeBuildDFN.time_setup_DFN": 1613573902760, "time_setup_models_and_sims.TimeBuildDFNSimulation.time_setup_DFN_simulation": 1613573908731, "time_setup_models_and_sims.TimeBuildSPM.time_setup_SPM": 1613573910845, "time_setup_models_and_sims.TimeBuildSPMSimulation.time_setup_SPM_simulation": 1613573914259, "time_setup_models_and_sims.TimeBuildSPMe.time_setup_SPMe": 1613573916172, "time_setup_models_and_sims.TimeBuildSPMeSimulation.time_setup_SPMe_simulation": 1613573921241, "time_solve_models.TimeSolveDFN.time_solve_model": 1613573923508, "time_solve_models.TimeSolveSPM.time_solve_model": 1613573949644, "time_solve_models.TimeSolveSPMe.time_solve_model": 1613573959135}, "ended_at": {"time_setup_models_and_sims.TimeBuildDFN.time_setup_DFN": 1613573908731, "time_setup_models_and_sims.TimeBuildDFNSimulation.time_setup_DFN_simulation": 1613573910844, "time_setup_models_and_sims.TimeBuildSPM.time_setup_SPM": 1613573914259, "time_setup_models_and_sims.TimeBuildSPMSimulation.time_setup_SPM_simulation": 1613573916172, "time_setup_models_and_sims.TimeBuildSPMe.time_setup_SPMe": 1613573921241, "time_setup_models_and_sims.TimeBuildSPMeSimulation.time_setup_SPMe_simulation": 1613573923507, "time_solve_models.TimeSolveDFN.time_solve_model": 1613573949643, "time_solve_models.TimeSolveSPM.time_solve_model": 1613573959134, "time_solve_models.TimeSolveSPMe.time_solve_model": 1613573973044}, "benchmark_version": {"time_setup_models_and_sims.TimeBuildDFN.time_setup_DFN": "5f322e51e6b7e66125ee6949bdf25746005db467e8ffcfdcb3ace170e92bbc3d", "time_setup_models_and_sims.TimeBuildDFNSimulation.time_setup_DFN_simulation": "8de44bc542fa7d4ba28a80f24414a9444b5436673aaebba674918f5f0bfd0ebb", "time_setup_models_and_sims.TimeBuildSPM.time_setup_SPM": "0d0b3f5c67fc2da9a5794c66b70af5a45a09558d1ee95f738745385adb84fbca", "time_setup_models_and_sims.TimeBuildSPMSimulation.time_setup_SPM_simulation": "161220a99418ce4487cc29325cbae897f28d0e44ae07e1dfbfaac2cbc53a4ff9", "time_setup_models_and_sims.TimeBuildSPMe.time_setup_SPMe": "6083f5ff944353395eb4b21c97b02af555fe6528de3cd5283f5e139943945235", "time_setup_models_and_sims.TimeBuildSPMeSimulation.time_setup_SPMe_simulation": "530563cb559427795e3648d9648df9250ae100b7721f69eec356bdda7798c55e", "time_solve_models.TimeSolveDFN.time_solve_model": "914137228e20e5900cec36b0d3865f1faa2f5d479c7d6c2539514791f9ec4430", "time_solve_models.TimeSolveSPM.time_solve_model": "ef1bb5f8d1ddfa59650e20438c4b252d73e5a062714848ce1d6d5269382bc598", "time_solve_models.TimeSolveSPMe.time_solve_model": "20672028872f4620ce85e909bae705d9490de441e926510b2b0e53ff0881d87b"}, "version": 1}