{"results": {"time_setup_models_and_sims.TimeBuildDFN.time_setup_DFN": {"result": [0.9320651369994266], "stats": [{"ci_99": [0.9240296520001721, 0.942532736999965], "q_25": 0.9286013807495692, "q_75": 0.9355827195004167, "min": 0.9240296520001721, "max": 0.942532736999965, "mean": 0.9325083496998559, "std": 0.005793518443370255, "repeat": 10, "number": 1}]}, "time_setup_models_and_sims.TimeBuildDFNSimulation.time_setup_DFN_simulation": {"result": [0.23019922950015825, 0.45974556150031276], "stats": [{"ci_99": [0.21718010399945342, 0.23588950999965164], "q_25": 0.22160890600002858, "q_75": 0.23147003350027262, "min": 0.21718010399945342, "max": 0.23588950999965164, "mean": 0.2273041118999572, "std": 0.006307163019255635, "repeat": 10, "number": 1}, {"ci_99": [0.44905169699995895, 0.46270116600044275], "q_25": 0.45581011049989684, "q_75": 0.46221253850012545, "min": 0.44905169699995895, "max": 0.46270116600044275, "mean": 0.45792842410010054, "std": 0.004889858658415685, "repeat": 10, "number": 1}], "params": [["False", "True"]]}, "time_setup_models_and_sims.TimeBuildSPM.time_setup_SPM": {"result": [0.6344073919999573], "stats": [{"ci_99": [0.6250613550000708, 0.650058684999749], "q_25": 0.6290749025001787, "q_75": 0.6353693862497494, "min": 0.6250613550000708, "max": 0.650058684999749, "mean": 0.6343439905000196, "std": 0.006860721580963193, "repeat": 10, "number": 1}]}, "time_setup_models_and_sims.TimeBuildSPMSimulation.time_setup_SPM_simulation": {"result": [0.30768564299978607, 0.5950764639997033], "stats": [{"ci_99": [0.302917410000191, 0.31325487199956115], "q_25": 0.3066749352503848, "q_75": 0.30939380575046016, "min": 0.302917410000191, "max": 0.31325487199956115, "mean": 0.30800979500008907, "std": 0.00262445006958788, "repeat": 10, "number": 1}, {"ci_99": [0.5918111520004459, 0.6006409880001229], "q_25": 0.5941021244996136, "q_75": 0.5971107844995913, "min": 0.5918111520004459, "max": 0.6006409880001229, "mean": 0.5956500070999027, "std": 0.0026131072071906777, "repeat": 10, "number": 1}], "params": [["False", "True"]]}, "time_setup_models_and_sims.TimeBuildSPMe.time_setup_SPMe": {"result": [0.7974721129999125], "stats": [{"ci_99": [0.7791087759997026, 0.8078898260000642], "q_25": 0.7895517124995877, "q_75": 0.8005815047501983, "min": 0.7791087759997026, "max": 0.8078898260000642, "mean": 0.7952582212999004, "std": 0.00845039755822061, "repeat": 10, "number": 1}]}, "time_setup_models_and_sims.TimeBuildSPMeSimulation.time_setup_SPMe_simulation": {"result": [0.24946864300000016, 0.4940551070003494], "stats": [{"ci_99": [0.24345636099951662, 0.25177200400048605], "q_25": 0.24717292800050927, "q_75": 0.2500555007500225, "min": 0.24345636099951662, "max": 0.25177200400048605, "mean": 0.24858818830007295, "std": 0.0023242894829211486, "repeat": 10, "number": 1}, {"ci_99": [0.489064734000749, 0.49879807799970877], "q_25": 0.4921858525001426, "q_75": 0.49688381674968696, "min": 0.489064734000749, "max": 0.49879807799970877, "mean": 0.4941238973000509, "std": 0.0031090426486229624, "repeat": 10, "number": 1}], "params": [["False", "True"]]}, "time_solve_models.TimeSolveDFN.time_solve_model": {"result": [1.1603982409997116, 1.3728151559998878], "stats": [{"ci_99": [1.1326970097604687, 1.1981569309057334], "q_25": 1.1490752797499226, "q_75": 1.1821488122498067, "min": 1.142541250999784, "max": 1.1945241269995677, "mean": 1.165426970333101, "std": 0.019628190409305024, "repeat": 6, "number": 1}, {"ci_99": [1.3509649910001826, 1.4074132920004558], "q_25": 1.3617325582499689, "q_75": 1.3745691980006995, "min": 1.3509649910001826, "max": 1.4074132920004558, "mean": 1.3715925105002498, "std": 0.01605876032323965, "repeat": 8, "number": 1}], "params": [["True", "False"]]}, "time_solve_models.TimeSolveSPM.time_solve_model": {"result": [0.05222931249954854, 0.08975878449973607], "stats": [{"ci_99": [0.05052690299999085, 0.054547824999644945], "q_25": 0.05194748549979522, "q_75": 0.05314801674944647, "min": 0.05052690299999085, "max": 0.054547824999644945, "mean": 0.05244179349974729, "std": 0.0010925449855301152, "repeat": 10, "number": 1}, {"ci_99": [0.08761462399979791, 0.09575627100002748], "q_25": 0.0890934577500957, "q_75": 0.09050439025008927, "min": 0.08761462399979791, "max": 0.09575627100002748, "mean": 0.09020749869996507, "std": 0.0021037380873535024, "repeat": 10, "number": 1}], "params": [["True", "False"]]}, "time_solve_models.TimeSolveSPMe.time_solve_model": {"result": [0.08605666499988729, 0.14467726549992221], "stats": [{"ci_99": [0.0756574510005521, 0.09891688900006557], "q_25": 0.08487445850005315, "q_75": 0.09111809274941152, "min": 0.0756574510005521, "max": 0.09891688900006557, "mean": 0.08737009179994856, "std": 0.005850477548061599, "repeat": 10, "number": 1}, {"ci_99": [0.13457200199991348, 0.15052699700027006], "q_25": 0.13860252499989656, "q_75": 0.14713968025012036, "min": 0.13457200199991348, "max": 0.15052699700027006, "mean": 0.14309949420003248, "std": 0.005206732169383772, "repeat": 10, "number": 1}], "params": [["True", "False"]]}}, "params": {"machine": "GitHubRunner", "python": "3.8"}, "requirements": {}, "commit_hash": "f60f45cd15e041ba3490bd7808a78c3c86a0a169", "date": 1603128687000, "env_name": "virtualenv-py3.8", "python": "3.8", "profiles": {}, "started_at": {"time_setup_models_and_sims.TimeBuildDFN.time_setup_DFN": 1613579483934, "time_setup_models_and_sims.TimeBuildDFNSimulation.time_setup_DFN_simulation": 1613579489807, "time_setup_models_and_sims.TimeBuildSPM.time_setup_SPM": 1613579494229, "time_setup_models_and_sims.TimeBuildSPMSimulation.time_setup_SPM_simulation": 1613579498344, "time_setup_models_and_sims.TimeBuildSPMe.time_setup_SPMe": 1613579504127, "time_setup_models_and_sims.TimeBuildSPMeSimulation.time_setup_SPMe_simulation": 1613579509197, "time_solve_models.TimeSolveDFN.time_solve_model": 1613579513969, "time_solve_models.TimeSolveSPM.time_solve_model": 1613579541059, "time_solve_models.TimeSolveSPMe.time_solve_model": 1613579552250}, "ended_at": {"time_setup_models_and_sims.TimeBuildDFN.time_setup_DFN": 1613579489806, "time_setup_models_and_sims.TimeBuildDFNSimulation.time_setup_DFN_simulation": 1613579494228, "time_setup_models_and_sims.TimeBuildSPM.time_setup_SPM": 1613579498344, "time_setup_models_and_sims.TimeBuildSPMSimulation.time_setup_SPM_simulation": 1613579504126, "time_setup_models_and_sims.TimeBuildSPMe.time_setup_SPMe": 1613579509197, "time_setup_models_and_sims.TimeBuildSPMeSimulation.time_setup_SPMe_simulation": 1613579513968, "time_solve_models.TimeSolveDFN.time_solve_model": 1613579541059, "time_solve_models.TimeSolveSPM.time_solve_model": 1613579552250, "time_solve_models.TimeSolveSPMe.time_solve_model": 1613579566155}, "benchmark_version": {"time_setup_models_and_sims.TimeBuildDFN.time_setup_DFN": "5f322e51e6b7e66125ee6949bdf25746005db467e8ffcfdcb3ace170e92bbc3d", "time_setup_models_and_sims.TimeBuildDFNSimulation.time_setup_DFN_simulation": "8de44bc542fa7d4ba28a80f24414a9444b5436673aaebba674918f5f0bfd0ebb", "time_setup_models_and_sims.TimeBuildSPM.time_setup_SPM": "0d0b3f5c67fc2da9a5794c66b70af5a45a09558d1ee95f738745385adb84fbca", "time_setup_models_and_sims.TimeBuildSPMSimulation.time_setup_SPM_simulation": "161220a99418ce4487cc29325cbae897f28d0e44ae07e1dfbfaac2cbc53a4ff9", "time_setup_models_and_sims.TimeBuildSPMe.time_setup_SPMe": "6083f5ff944353395eb4b21c97b02af555fe6528de3cd5283f5e139943945235", "time_setup_models_and_sims.TimeBuildSPMeSimulation.time_setup_SPMe_simulation": "530563cb559427795e3648d9648df9250ae100b7721f69eec356bdda7798c55e", "time_solve_models.TimeSolveDFN.time_solve_model": "914137228e20e5900cec36b0d3865f1faa2f5d479c7d6c2539514791f9ec4430", "time_solve_models.TimeSolveSPM.time_solve_model": "ef1bb5f8d1ddfa59650e20438c4b252d73e5a062714848ce1d6d5269382bc598", "time_solve_models.TimeSolveSPMe.time_solve_model": "20672028872f4620ce85e909bae705d9490de441e926510b2b0e53ff0881d87b"}, "version": 1}