{"results": {"time_setup_models_and_sims.TimeBuildDFN.time_setup_DFN": {"result": [0.7359517925000318], "stats": [{"ci_99": [0.7111279480000121, 0.7628329450001274], "q_25": 0.7286462482500156, "q_75": 0.7435212622498852, "min": 0.7111279480000121, "max": 0.7628329450001274, "mean": 0.7356431909999855, "std": 0.014421785523427056, "repeat": 10, "number": 1}]}, "time_setup_models_and_sims.TimeBuildDFNSimulation.time_setup_DFN_simulation": {"result": [0.09340750050000679, 0.1570796705000248], "stats": [{"ci_99": [0.09176159299977371, 0.09731641300004412], "q_25": 0.09292082249993427, "q_75": 0.09467340300005844, "min": 0.09176159299977371, "max": 0.09731641300004412, "mean": 0.09402182139997421, "std": 0.0017065057388218287, "repeat": 10, "number": 1}, {"ci_99": [0.1548725640000157, 0.1656784039998911], "q_25": 0.15627582025007314, "q_75": 0.15802372174999846, "min": 0.1548725640000157, "max": 0.1656784039998911, "mean": 0.15780598370001825, "std": 0.0029675358449341863, "repeat": 10, "number": 1}], "params": [["False", "True"]]}, "time_setup_models_and_sims.TimeBuildSPM.time_setup_SPM": {"result": [0.5372032835000482], "stats": [{"ci_99": [0.5287964650001413, 0.5439757120000195], "q_25": 0.5353837680000879, "q_75": 0.5421897980000381, "min": 0.5287964650001413, "max": 0.5439757120000195, "mean": 0.5375916240000151, "std": 0.004855888264727729, "repeat": 10, "number": 1}]}, "time_setup_models_and_sims.TimeBuildSPMSimulation.time_setup_SPM_simulation": {"result": [0.22515491049989578, 0.27319176950004476], "stats": [{"ci_99": [0.22203484400006346, 0.23106368899993868], "q_25": 0.22382990649998646, "q_75": 0.22609636250001586, "min": 0.22203484400006346, "max": 0.23106368899993868, "mean": 0.2254354816999921, "std": 0.002462338349216927, "repeat": 10, "number": 1}, {"ci_99": [0.27212655600010294, 0.27731458800008113], "q_25": 0.272861836999823, "q_75": 0.27497344574993576, "min": 0.27212655600010294, "max": 0.27731458800008113, "mean": 0.27397287869998765, "std": 0.001633932492220713, "repeat": 10, "number": 1}], "params": [["False", "True"]]}, "time_setup_models_and_sims.TimeBuildSPMe.time_setup_SPMe": {"result": [0.6325387470000123], "stats": [{"ci_99": [0.6249529740000526, 0.6404348199998822], "q_25": 0.6300322314999107, "q_75": 0.6369516805000899, "min": 0.6249529740000526, "max": 0.6404348199998822, "mean": 0.6329394985000135, "std": 0.0046215911810933916, "repeat": 10, "number": 1}]}, "time_setup_models_and_sims.TimeBuildSPMeSimulation.time_setup_SPMe_simulation": {"result": [0.11512049249995471, 0.18702539449998312], "stats": [{"ci_99": [0.11354638200009504, 0.12316452599998229], "q_25": 0.11427801049990194, "q_75": 0.11819237999986854, "min": 0.11354638200009504, "max": 0.12316452599998229, "mean": 0.11649436639995656, "std": 0.0030366884960195007, "repeat": 10, "number": 1}, {"ci_99": [0.18081547399992814, 0.19442713099988396], "q_25": 0.1850483412500239, "q_75": 0.18788534900005516, "min": 0.18081547399992814, "max": 0.19442713099988396, "mean": 0.18707207719999133, "std": 0.003515578223034113, "repeat": 10, "number": 1}], "params": [["False", "True"]]}, "time_solve_models.TimeSolveDFN.time_solve_model": {"result": [0.8233824674999823, 1.0154302304999874], "stats": [{"ci_99": [0.8116519679999783, 0.8318178300000909], "q_25": 0.8210830087500085, "q_75": 0.8267013370000313, "min": 0.8116519679999783, "max": 0.8318178300000909, "mean": 0.823316642500032, "std": 0.006256171997471184, "repeat": 8, "number": 1}, {"ci_99": [0.9896888230000513, 1.026828850999891], "q_25": 1.0044766874999596, "q_75": 1.022640209749909, "min": 0.9896888230000513, "max": 1.026828850999891, "mean": 1.01291772699999, "std": 0.012036146252220782, "repeat": 10, "number": 1}], "params": [["True", "False"]]}, "time_solve_models.TimeSolveSPM.time_solve_model": {"result": [0.04196172849992763, 0.08337320500004353], "stats": [{"ci_99": [0.040225270999826535, 0.0423614799999541], "q_25": 0.041231100000118204, "q_75": 0.04213590375007925, "min": 0.040225270999826535, "max": 0.0423614799999541, "mean": 0.04163232680000419, "std": 0.0007382696197916611, "repeat": 10, "number": 1}, {"ci_99": [0.08203494800000044, 0.08564926200006084], "q_25": 0.08278067775006548, "q_75": 0.08374643175005758, "min": 0.08203494800000044, "max": 0.08564926200006084, "mean": 0.08341964440003266, "std": 0.0009706675313027919, "repeat": 10, "number": 1}], "params": [["True", "False"]]}, "time_solve_models.TimeSolveSPMe.time_solve_model": {"result": [0.0592736014999673, 0.12280547250009022], "stats": [{"ci_99": [0.05822224799999276, 0.06024795500002256], "q_25": 0.05868719849996751, "q_75": 0.05970465350003451, "min": 0.05822224799999276, "max": 0.06024795500002256, "mean": 0.059240421399977095, "std": 0.0006443024432510125, "repeat": 10, "number": 1}, {"ci_99": [0.11924580699997023, 0.1303735509998205], "q_25": 0.12209366874986927, "q_75": 0.12445930249992898, "min": 0.11924580699997023, "max": 0.1303735509998205, "mean": 0.1234680636999883, "std": 0.002817349006956057, "repeat": 10, "number": 1}], "params": [["True", "False"]]}}, "params": {"machine": "GitHubRunner", "python": "3.8"}, "requirements": {}, "commit_hash": "f8b58f28a8c29df67f85c51e695d085cc1f11c23", "date": 1611760236000, "env_name": "virtualenv-py3.8", "python": "3.8", "profiles": {}, "started_at": {"time_setup_models_and_sims.TimeBuildDFN.time_setup_DFN": 1613575481684, "time_setup_models_and_sims.TimeBuildDFNSimulation.time_setup_DFN_simulation": 1613575486401, "time_setup_models_and_sims.TimeBuildSPM.time_setup_SPM": 1613575488113, "time_setup_models_and_sims.TimeBuildSPMSimulation.time_setup_SPM_simulation": 1613575491627, "time_setup_models_and_sims.TimeBuildSPMe.time_setup_SPMe": 1613575494894, "time_setup_models_and_sims.TimeBuildSPMeSimulation.time_setup_SPMe_simulation": 1613575499011, "time_solve_models.TimeSolveDFN.time_solve_model": 1613575501077, "time_solve_models.TimeSolveSPM.time_solve_model": 1613575526469, "time_solve_models.TimeSolveSPMe.time_solve_model": 1613575536105}, "ended_at": {"time_setup_models_and_sims.TimeBuildDFN.time_setup_DFN": 1613575486401, "time_setup_models_and_sims.TimeBuildDFNSimulation.time_setup_DFN_simulation": 1613575488112, "time_setup_models_and_sims.TimeBuildSPM.time_setup_SPM": 1613575491626, "time_setup_models_and_sims.TimeBuildSPMSimulation.time_setup_SPM_simulation": 1613575494893, "time_setup_models_and_sims.TimeBuildSPMe.time_setup_SPMe": 1613575499011, "time_setup_models_and_sims.TimeBuildSPMeSimulation.time_setup_SPMe_simulation": 1613575501076, "time_solve_models.TimeSolveDFN.time_solve_model": 1613575526468, "time_solve_models.TimeSolveSPM.time_solve_model": 1613575536104, "time_solve_models.TimeSolveSPMe.time_solve_model": 1613575547797}, "benchmark_version": {"time_setup_models_and_sims.TimeBuildDFN.time_setup_DFN": "5f322e51e6b7e66125ee6949bdf25746005db467e8ffcfdcb3ace170e92bbc3d", "time_setup_models_and_sims.TimeBuildDFNSimulation.time_setup_DFN_simulation": "8de44bc542fa7d4ba28a80f24414a9444b5436673aaebba674918f5f0bfd0ebb", "time_setup_models_and_sims.TimeBuildSPM.time_setup_SPM": "0d0b3f5c67fc2da9a5794c66b70af5a45a09558d1ee95f738745385adb84fbca", "time_setup_models_and_sims.TimeBuildSPMSimulation.time_setup_SPM_simulation": "161220a99418ce4487cc29325cbae897f28d0e44ae07e1dfbfaac2cbc53a4ff9", "time_setup_models_and_sims.TimeBuildSPMe.time_setup_SPMe": "6083f5ff944353395eb4b21c97b02af555fe6528de3cd5283f5e139943945235", "time_setup_models_and_sims.TimeBuildSPMeSimulation.time_setup_SPMe_simulation": "530563cb559427795e3648d9648df9250ae100b7721f69eec356bdda7798c55e", "time_solve_models.TimeSolveDFN.time_solve_model": "914137228e20e5900cec36b0d3865f1faa2f5d479c7d6c2539514791f9ec4430", "time_solve_models.TimeSolveSPM.time_solve_model": "ef1bb5f8d1ddfa59650e20438c4b252d73e5a062714848ce1d6d5269382bc598", "time_solve_models.TimeSolveSPMe.time_solve_model": "20672028872f4620ce85e909bae705d9490de441e926510b2b0e53ff0881d87b"}, "version": 1}