{"results": {"time_setup_models_and_sims.TimeBuildDFN.time_setup_DFN": {"result": [0.7580738894999968], "stats": [{"ci_99": [0.7455040089998874, 0.7681249350000598], "q_25": 0.7526212715000042, "q_75": 0.7595565964999196, "min": 0.7455040089998874, "max": 0.7681249350000598, "mean": 0.7570086420999814, "std": 0.007069428561706262, "repeat": 10, "number": 1}]}, "time_setup_models_and_sims.TimeBuildDFNSimulation.time_setup_DFN_simulation": {"result": [0.0951887800000577, 0.15880997500005378], "stats": [{"ci_99": [0.09435963100008848, 0.09747543599996789], "q_25": 0.09480317999992849, "q_75": 0.09566580524995061, "min": 0.09435963100008848, "max": 0.09747543599996789, "mean": 0.09546475130002818, "std": 0.0009134816017353341, "repeat": 10, "number": 1}, {"ci_99": [0.1573375179998493, 0.16678704499986452], "q_25": 0.15746115399991822, "q_75": 0.1622473867500389, "min": 0.1573375179998493, "max": 0.16678704499986452, "mean": 0.16008839309999984, "std": 0.003011271882354723, "repeat": 10, "number": 1}], "params": [["False", "True"]]}, "time_setup_models_and_sims.TimeBuildSPM.time_setup_SPM": {"result": [0.5488571509999929], "stats": [{"ci_99": [0.5294016139998803, 0.5654799249998632], "q_25": 0.5341131120000568, "q_75": 0.5544785877500544, "min": 0.5294016139998803, "max": 0.5654799249998632, "mean": 0.5468859172999828, "std": 0.012725295055313321, "repeat": 10, "number": 1}]}, "time_setup_models_and_sims.TimeBuildSPMSimulation.time_setup_SPM_simulation": {"result": [0.22819106800011468, 0.27929825849992085], "stats": [{"ci_99": [0.2202097029999095, 0.24045877200001087], "q_25": 0.2246142237499953, "q_75": 0.23061370424989036, "min": 0.2202097029999095, "max": 0.24045877200001087, "mean": 0.2285494702000051, "std": 0.005366863244630633, "repeat": 10, "number": 1}, {"ci_99": [0.27235184000005574, 0.29329630699999143], "q_25": 0.27571415600010596, "q_75": 0.28156035525006473, "min": 0.27235184000005574, "max": 0.29329630699999143, "mean": 0.279693010200026, "std": 0.005609821737970239, "repeat": 10, "number": 1}], "params": [["False", "True"]]}, "time_setup_models_and_sims.TimeBuildSPMe.time_setup_SPMe": {"result": [0.639243727500002], "stats": [{"ci_99": [0.6195607180000025, 0.658826235000106], "q_25": 0.6292738637499156, "q_75": 0.6483535395000217, "min": 0.6195607180000025, "max": 0.658826235000106, "mean": 0.638244892900002, "std": 0.012168256972675436, "repeat": 10, "number": 1}]}, "time_setup_models_and_sims.TimeBuildSPMeSimulation.time_setup_SPMe_simulation": {"result": [0.11657821899996179, 0.18683913199993185], "stats": [{"ci_99": [0.11230761100000564, 0.12175524200006294], "q_25": 0.11387669274989776, "q_75": 0.11769897400000673, "min": 0.11230761100000564, "max": 0.12175524200006294, "mean": 0.11657433449997825, "std": 0.0030207750766994457, "repeat": 10, "number": 1}, {"ci_99": [0.18071112100005848, 0.19945498800007044], "q_25": 0.1825309547500069, "q_75": 0.18893544474985902, "min": 0.18071112100005848, "max": 0.19945498800007044, "mean": 0.18690431039997293, "std": 0.005291938960713255, "repeat": 10, "number": 1}], "params": [["False", "True"]]}, "time_solve_models.TimeSolveDFN.time_solve_model": {"result": [0.8162158084999191, 1.0193720080000048], "stats": [{"ci_99": [0.8017158359998575, 0.85601550399997], "q_25": 0.8072076784999354, "q_75": 0.8354358830000024, "min": 0.8017158359998575, "max": 0.85601550399997, "mean": 0.8226262631249313, "std": 0.019230406539756505, "repeat": 8, "number": 1}, {"ci_99": [0.9997203289999561, 1.0410821999998916], "q_25": 1.0089484359999688, "q_75": 1.0286602117500365, "min": 0.9997203289999561, "max": 1.0410821999998916, "mean": 1.0191497046999984, "std": 0.01393975859481556, "repeat": 10, "number": 1}], "params": [["True", "False"]]}, "time_solve_models.TimeSolveSPM.time_solve_model": {"result": [0.043350993499984725, 0.08364042599998811], "stats": [{"ci_99": [0.04177608500003771, 0.0482853129999512], "q_25": 0.042450088749944825, "q_75": 0.04519190374981008, "min": 0.04177608500003771, "max": 0.0482853129999512, "mean": 0.04390698599991083, "std": 0.0019737691233727753, "repeat": 10, "number": 1}, {"ci_99": [0.07885754799985989, 0.08558928400020704], "q_25": 0.08103543250007306, "q_75": 0.08427265375007664, "min": 0.07885754799985989, "max": 0.08558928400020704, "mean": 0.08270068830001946, "std": 0.002158705616832603, "repeat": 10, "number": 1}], "params": [["True", "False"]]}, "time_solve_models.TimeSolveSPMe.time_solve_model": {"result": [0.05976536549997036, 0.12177884049992826], "stats": [{"ci_99": [0.05765505399995163, 0.061677575999965484], "q_25": 0.05909266025003035, "q_75": 0.060478020999880755, "min": 0.05765505399995163, "max": 0.061677575999965484, "mean": 0.05975426549996428, "std": 0.0011863933318469043, "repeat": 10, "number": 1}, {"ci_99": [0.1145317040000009, 0.12537506100011342], "q_25": 0.1203747797500796, "q_75": 0.12348167874989713, "min": 0.1145317040000009, "max": 0.12537506100011342, "mean": 0.12149387959998421, "std": 0.002986749877973104, "repeat": 10, "number": 1}], "params": [["True", "False"]]}}, "params": {"machine": "GitHubRunner", "python": "3.8"}, "requirements": {}, "commit_hash": "fa076b8a571379410c42f4dced7f8ddbecb51338", "date": 1612210558000, "env_name": "virtualenv-py3.8", "python": "3.8", "profiles": {}, "started_at": {"time_setup_models_and_sims.TimeBuildDFN.time_setup_DFN": 1613575206698, "time_setup_models_and_sims.TimeBuildDFNSimulation.time_setup_DFN_simulation": 1613575211516, "time_setup_models_and_sims.TimeBuildSPM.time_setup_SPM": 1613575213279, "time_setup_models_and_sims.TimeBuildSPMSimulation.time_setup_SPM_simulation": 1613575216896, "time_setup_models_and_sims.TimeBuildSPMe.time_setup_SPMe": 1613575220265, "time_setup_models_and_sims.TimeBuildSPMeSimulation.time_setup_SPMe_simulation": 1613575224431, "time_solve_models.TimeSolveDFN.time_solve_model": 1613575226500, "time_solve_models.TimeSolveSPM.time_solve_model": 1613575252089, "time_solve_models.TimeSolveSPMe.time_solve_model": 1613575261678}, "ended_at": {"time_setup_models_and_sims.TimeBuildDFN.time_setup_DFN": 1613575211515, "time_setup_models_and_sims.TimeBuildDFNSimulation.time_setup_DFN_simulation": 1613575213278, "time_setup_models_and_sims.TimeBuildSPM.time_setup_SPM": 1613575216896, "time_setup_models_and_sims.TimeBuildSPMSimulation.time_setup_SPM_simulation": 1613575220264, "time_setup_models_and_sims.TimeBuildSPMe.time_setup_SPMe": 1613575224431, "time_setup_models_and_sims.TimeBuildSPMeSimulation.time_setup_SPMe_simulation": 1613575226499, "time_solve_models.TimeSolveDFN.time_solve_model": 1613575252088, "time_solve_models.TimeSolveSPM.time_solve_model": 1613575261677, "time_solve_models.TimeSolveSPMe.time_solve_model": 1613575272969}, "benchmark_version": {"time_setup_models_and_sims.TimeBuildDFN.time_setup_DFN": "5f322e51e6b7e66125ee6949bdf25746005db467e8ffcfdcb3ace170e92bbc3d", "time_setup_models_and_sims.TimeBuildDFNSimulation.time_setup_DFN_simulation": "8de44bc542fa7d4ba28a80f24414a9444b5436673aaebba674918f5f0bfd0ebb", "time_setup_models_and_sims.TimeBuildSPM.time_setup_SPM": "0d0b3f5c67fc2da9a5794c66b70af5a45a09558d1ee95f738745385adb84fbca", "time_setup_models_and_sims.TimeBuildSPMSimulation.time_setup_SPM_simulation": "161220a99418ce4487cc29325cbae897f28d0e44ae07e1dfbfaac2cbc53a4ff9", "time_setup_models_and_sims.TimeBuildSPMe.time_setup_SPMe": "6083f5ff944353395eb4b21c97b02af555fe6528de3cd5283f5e139943945235", "time_setup_models_and_sims.TimeBuildSPMeSimulation.time_setup_SPMe_simulation": "530563cb559427795e3648d9648df9250ae100b7721f69eec356bdda7798c55e", "time_solve_models.TimeSolveDFN.time_solve_model": "914137228e20e5900cec36b0d3865f1faa2f5d479c7d6c2539514791f9ec4430", "time_solve_models.TimeSolveSPM.time_solve_model": "ef1bb5f8d1ddfa59650e20438c4b252d73e5a062714848ce1d6d5269382bc598", "time_solve_models.TimeSolveSPMe.time_solve_model": "20672028872f4620ce85e909bae705d9490de441e926510b2b0e53ff0881d87b"}, "version": 1}