{"results": {"time_setup_models_and_sims.TimeBuildDFN.time_setup_DFN": {"result": [0.7480235645000448], "stats": [{"ci_99": [0.7400038340001629, 0.7671057539996582], "q_25": 0.7420920465001473, "q_75": 0.7587653077499681, "min": 0.7400038340001629, "max": 0.7671057539996582, "mean": 0.7506072784000025, "std": 0.009141514029437546, "repeat": 10, "number": 1}]}, "time_setup_models_and_sims.TimeBuildDFNSimulation.time_setup_DFN_simulation": {"result": [0.09482420849985829, 0.15585348550007438], "stats": [{"ci_99": [0.09191368800020427, 0.10633897599973352], "q_25": 0.09380620774982162, "q_75": 0.09553698500019436, "min": 0.09191368800020427, "max": 0.10633897599973352, "mean": 0.09563727299996572, "std": 0.0037696277682489903, "repeat": 10, "number": 1}, {"ci_99": [0.1520532079998702, 0.16748020599970914], "q_25": 0.15404202225010977, "q_75": 0.1573587515000554, "min": 0.1520532079998702, "max": 0.16748020599970914, "mean": 0.15643878889995905, "std": 0.004157885658923178, "repeat": 10, "number": 1}], "params": [["False", "True"]]}, "time_setup_models_and_sims.TimeBuildSPM.time_setup_SPM": {"result": [0.5388764140000148], "stats": [{"ci_99": [0.5334723320002013, 0.5543689430000995], "q_25": 0.5366562492498588, "q_75": 0.5436261012501973, "min": 0.5334723320002013, "max": 0.5543689430000995, "mean": 0.5404595358000279, "std": 0.0058291709505717505, "repeat": 10, "number": 1}]}, "time_setup_models_and_sims.TimeBuildSPMSimulation.time_setup_SPM_simulation": {"result": [0.2277574204999837, 0.27763863599989236], "stats": [{"ci_99": [0.22436759000038364, 0.23727458200028195], "q_25": 0.22544249599991417, "q_75": 0.23189365350003754, "min": 0.22436759000038364, "max": 0.23727458200028195, "mean": 0.2291098370000327, "std": 0.004516520435649039, "repeat": 10, "number": 1}, {"ci_99": [0.27549808799994935, 0.28529444099967805], "q_25": 0.27595829574988784, "q_75": 0.27921625600004063, "min": 0.27549808799994935, "max": 0.28529444099967805, "mean": 0.2781662388998939, "std": 0.002848761284659364, "repeat": 10, "number": 1}], "params": [["False", "True"]]}, "time_setup_models_and_sims.TimeBuildSPMe.time_setup_SPMe": {"result": [0.6375320089998695], "stats": [{"ci_99": [0.6271499230001609, 0.6490503009999884], "q_25": 0.632336872999872, "q_75": 0.6417989425000314, "min": 0.6271499230001609, "max": 0.6490503009999884, "mean": 0.6370341870999254, "std": 0.006512603336779404, "repeat": 10, "number": 1}]}, "time_setup_models_and_sims.TimeBuildSPMeSimulation.time_setup_SPMe_simulation": {"result": [0.1156747235002058, 0.18404647499983184], "stats": [{"ci_99": [0.11303569899973809, 0.11971324500018454], "q_25": 0.11448763124997186, "q_75": 0.1186080895000714, "min": 0.11303569899973809, "max": 0.11971324500018454, "mean": 0.11617642090004665, "std": 0.002387958325629753, "repeat": 10, "number": 1}, {"ci_99": [0.1819497629999205, 0.19307514100000844], "q_25": 0.18339436350004235, "q_75": 0.18665516775013202, "min": 0.1819497629999205, "max": 0.19307514100000844, "mean": 0.18546434100003353, "std": 0.0033013976282805554, "repeat": 10, "number": 1}], "params": [["False", "True"]]}, "time_solve_models.TimeSolveDFN.time_solve_model": {"result": [1.215163529000165, 1.3897829239997463], "stats": [{"ci_99": [1.173877793202235, 1.2620754901312876], "q_25": 1.196141220500067, "q_75": 1.2347669322501815, "min": 1.1880143710000084, "max": 1.2584165700000085, "mean": 1.2179766416667615, "std": 0.025910740411774415, "repeat": 6, "number": 1}, {"ci_99": [1.3785226929999226, 1.4123321430001852], "q_25": 1.3841198530000156, "q_75": 1.405218980249856, "min": 1.3785226929999226, "max": 1.4123321430001852, "mean": 1.3934140658749357, "std": 0.011779988808681125, "repeat": 8, "number": 1}], "params": [["True", "False"]]}, "time_solve_models.TimeSolveSPM.time_solve_model": {"result": [0.05427988999986155, 0.09722996549999152], "stats": [{"ci_99": [0.05296878300032404, 0.056053394000173284], "q_25": 0.053313930250169506, "q_75": 0.05454076174999045, "min": 0.05296878300032404, "max": 0.056053394000173284, "mean": 0.054197847200020986, "std": 0.0009384059323917457, "repeat": 10, "number": 1}, {"ci_99": [0.094767206999677, 0.10325654200005374], "q_25": 0.0964011840000012, "q_75": 0.09762286324996694, "min": 0.094767206999677, "max": 0.10325654200005374, "mean": 0.09774055789989688, "std": 0.002322698064070324, "repeat": 10, "number": 1}], "params": [["True", "False"]]}, "time_solve_models.TimeSolveSPMe.time_solve_model": {"result": [0.08602285500023754, 0.15048995149982147], "stats": [{"ci_99": [0.08243774000038684, 0.08924726800023564], "q_25": 0.08545580549980514, "q_75": 0.08742935874988689, "min": 0.08243774000038684, "max": 0.08924726800023564, "mean": 0.08628969640008108, "std": 0.00188108891845893, "repeat": 10, "number": 1}, {"ci_99": [0.1471748829999342, 0.15954143599992676], "q_25": 0.14815620100011984, "q_75": 0.15197962450019986, "min": 0.1471748829999342, "max": 0.15954143599992676, "mean": 0.15093535720002366, "std": 0.0035720174465047588, "repeat": 10, "number": 1}], "params": [["True", "False"]]}}, "params": {"machine": "GitHubRunner", "python": "3.8"}, "requirements": {}, "commit_hash": "faa3167dbcb6cf621f1727c4132d321359d0f24d", "date": 1609747185000, "env_name": "virtualenv-py3.8", "python": "3.8", "profiles": {}, "started_at": {"time_setup_models_and_sims.TimeBuildDFN.time_setup_DFN": 1613576449057, "time_setup_models_and_sims.TimeBuildDFNSimulation.time_setup_DFN_simulation": 1613576453778, "time_setup_models_and_sims.TimeBuildSPM.time_setup_SPM": 1613576455491, "time_setup_models_and_sims.TimeBuildSPMSimulation.time_setup_SPM_simulation": 1613576459009, "time_setup_models_and_sims.TimeBuildSPMe.time_setup_SPMe": 1613576462329, "time_setup_models_and_sims.TimeBuildSPMeSimulation.time_setup_SPMe_simulation": 1613576466446, "time_solve_models.TimeSolveDFN.time_solve_model": 1613576468462, "time_solve_models.TimeSolveSPM.time_solve_model": 1613576494006, "time_solve_models.TimeSolveSPMe.time_solve_model": 1613576503845}, "ended_at": {"time_setup_models_and_sims.TimeBuildDFN.time_setup_DFN": 1613576453778, "time_setup_models_and_sims.TimeBuildDFNSimulation.time_setup_DFN_simulation": 1613576455490, "time_setup_models_and_sims.TimeBuildSPM.time_setup_SPM": 1613576459009, "time_setup_models_and_sims.TimeBuildSPMSimulation.time_setup_SPM_simulation": 1613576462328, "time_setup_models_and_sims.TimeBuildSPMe.time_setup_SPMe": 1613576466446, "time_setup_models_and_sims.TimeBuildSPMeSimulation.time_setup_SPMe_simulation": 1613576468461, "time_solve_models.TimeSolveDFN.time_solve_model": 1613576494005, "time_solve_models.TimeSolveSPM.time_solve_model": 1613576503844, "time_solve_models.TimeSolveSPMe.time_solve_model": 1613576516043}, "benchmark_version": {"time_setup_models_and_sims.TimeBuildDFN.time_setup_DFN": "5f322e51e6b7e66125ee6949bdf25746005db467e8ffcfdcb3ace170e92bbc3d", "time_setup_models_and_sims.TimeBuildDFNSimulation.time_setup_DFN_simulation": "8de44bc542fa7d4ba28a80f24414a9444b5436673aaebba674918f5f0bfd0ebb", "time_setup_models_and_sims.TimeBuildSPM.time_setup_SPM": "0d0b3f5c67fc2da9a5794c66b70af5a45a09558d1ee95f738745385adb84fbca", "time_setup_models_and_sims.TimeBuildSPMSimulation.time_setup_SPM_simulation": "161220a99418ce4487cc29325cbae897f28d0e44ae07e1dfbfaac2cbc53a4ff9", "time_setup_models_and_sims.TimeBuildSPMe.time_setup_SPMe": "6083f5ff944353395eb4b21c97b02af555fe6528de3cd5283f5e139943945235", "time_setup_models_and_sims.TimeBuildSPMeSimulation.time_setup_SPMe_simulation": "530563cb559427795e3648d9648df9250ae100b7721f69eec356bdda7798c55e", "time_solve_models.TimeSolveDFN.time_solve_model": "914137228e20e5900cec36b0d3865f1faa2f5d479c7d6c2539514791f9ec4430", "time_solve_models.TimeSolveSPM.time_solve_model": "ef1bb5f8d1ddfa59650e20438c4b252d73e5a062714848ce1d6d5269382bc598", "time_solve_models.TimeSolveSPMe.time_solve_model": "20672028872f4620ce85e909bae705d9490de441e926510b2b0e53ff0881d87b"}, "version": 1}